Downloading SDK: https://downloads.openwrt.org/releases/24.10.6/targets/x86/64/openwrt-sdk-24.10.6-x86-64_gcc-13.3.0_musl.Linux-x86_64.tar.zst
--2026-09-21 14:29:49--  https://downloads.openwrt.org/releases/24.10.6/targets/x86/64/openwrt-sdk-24.10.6-x86-64_gcc-13.3.0_musl.Linux-x86_64.tar.zst
Resolving downloads.openwrt.org (downloads.openwrt.org)... 198.18.2.204
Connecting to downloads.openwrt.org (downloads.openwrt.org)|198.18.2.204|:443... connected.
HTTP request sent, awaiting response... 200 OK
Length: 258600841 (247M) [application/octet-stream]
Saving to: '/root/.cache/tachyon/openwrt-sdk/openwrt-sdk-24.10.6-x86-64_gcc-13.3.0_musl.Linux-x86_64.tar.zst.part'

     0K .......... .......... .......... .......... ..........  0%  813K 5m10s
    50K .......... .......... .......... .......... ..........  0%  783K 5m16s
   100K .......... .......... .......... .......... ..........  0% 2.63M 4m2s
   150K .......... .......... .......... .......... ..........  0% 1.36M 3m47s
   200K .......... .......... .......... .......... ..........  0% 2.63M 3m20s
   250K .......... .......... .......... .......... ..........  0% 2.69M 3m2s
   300K .......... .......... .......... .......... ..........  0% 2.59M 2m50s
   350K .......... .......... .......... .......... ..........  0% 2.27M 2m42s
   400K .......... .......... .......... .......... ..........  0% 2.69M 2m34s
   450K .......... .......... .......... .......... ..........  0% 2.55M 2m28s
   500K .......... .......... .......... .......... ..........  0% 2.67M 2m23s
   550K .......... .......... .......... .......... ..........  0% 2.32M 2m20s
   600K .......... .......... .......... .......... ..........  0% 2.59M 2m17s
   650K .......... .......... .......... .......... ..........  0% 2.58M 2m14s
   700K .......... .......... .......... .......... ..........  0% 2.58M 2m11s
   750K .......... .......... .......... .......... ..........  0% 2.32M 2m9s
   800K .......... .......... .......... .......... ..........  0% 2.79M 2m7s
   850K .......... .......... .......... .......... ..........  0% 2.64M 2m5s
   900K .......... .......... .......... .......... ..........  0% 2.42M 2m4s
   950K .......... .......... .......... .......... ..........  0% 2.20M 2m3s
  1000K .......... .......... .......... .......... ..........  0% 2.67M 2m2s
  1050K .......... .......... .......... .......... ..........  0% 2.83M 2m0s
  1100K .......... .......... .......... .......... ..........  0% 2.91M 1m58s
  1150K .......... .......... .......... .......... ..........  0% 2.85M 1m57s
  1200K .......... .......... .......... .......... ..........  0% 2.38M 1m57s
  1250K .......... .......... .......... .......... ..........  0% 2.70M 1m56s
  1300K .......... .......... .......... .......... ..........  0% 2.82M 1m54s
  1350K .......... .......... .......... .......... ..........  0% 2.81M 1m53s
  1400K .......... .......... .......... .......... ..........  0% 2.43M 1m53s
  1450K .......... .......... .......... .......... ..........  0% 2.86M 1m52s
  1500K .......... .......... .......... .......... ..........  0% 2.73M 1m51s
  1550K .......... .......... .......... .......... ..........  0% 2.86M 1m51s
  1600K .......... .......... .......... .......... ..........  0% 2.33M 1m50s
  1650K .......... .......... .......... .......... ..........  0% 2.81M 1m50s
  1700K .......... .......... .......... .......... ..........  0% 2.76M 1m49s
  1750K .......... .......... .......... .......... ..........  0% 2.73M 1m48s
  1800K .......... .......... .......... .......... ..........  0% 2.31M 1m48s
  1850K .......... .......... .......... .......... ..........  0% 2.79M 1m48s
  1900K .......... .......... .......... .......... ..........  0% 2.85M 1m47s
  1950K .......... .......... .......... .......... ..........  0% 2.63M 1m47s
  2000K .......... .......... .......... .......... ..........  0% 2.34M 1m47s
  2050K .......... .......... .......... .......... ..........  0% 2.71M 1m46s
  2100K .......... .......... .......... .......... ..........  0% 2.82M 1m46s
  2150K .......... .......... .......... .......... ..........  0% 2.82M 1m45s
  2200K .......... .......... .......... .......... ..........  0% 2.41M 1m45s
  2250K .......... .......... .......... .......... ..........  0% 2.79M 1m45s
  2300K .......... .......... .......... .......... ..........  0% 2.82M 1m44s
  2350K .......... .......... .......... .......... ..........  0% 2.67M 1m44s
  2400K .......... .......... .......... .......... ..........  0% 2.62M 1m44s
  2450K .......... .......... .......... .......... ..........  0% 2.75M 1m44s
  2500K .......... .......... .......... .......... ..........  1% 2.78M 1m43s
  2550K .......... .......... .......... .......... ..........  1% 2.38M 1m43s
  2600K .......... .......... .......... .......... ..........  1% 2.72M 1m43s
  2650K .......... .......... .......... .......... ..........  1% 2.78M 1m43s
  2700K .......... .......... .......... .......... ..........  1% 2.78M 1m42s
  2750K .......... .......... .......... .......... ..........  1% 2.43M 1m42s
  2800K .......... .......... .......... .......... ..........  1% 2.68M 1m42s
  2850K .......... .......... .......... .......... ..........  1% 2.64M 1m42s
  2900K .......... .......... .......... .......... ..........  1% 2.67M 1m42s
  2950K .......... .......... .......... .......... ..........  1% 2.66M 1m42s
  3000K .......... .......... .......... .......... ..........  1% 2.46M 1m41s
  3050K .......... .......... .......... .......... ..........  1% 2.75M 1m41s
  3100K .......... .......... .......... .......... ..........  1% 2.56M 1m41s
  3150K .......... .......... .......... .......... ..........  1% 2.56M 1m41s
  3200K .......... .......... .......... .......... ..........  1% 2.39M 1m41s
  3250K .......... .......... .......... .......... ..........  1% 2.73M 1m41s
  3300K .......... .......... .......... .......... ..........  1% 2.85M 1m41s
  3350K .......... .......... .......... .......... ..........  1% 2.79M 1m40s
  3400K .......... .......... .......... .......... ..........  1% 2.49M 1m40s
  3450K .......... .......... .......... .......... ..........  1% 2.78M 1m40s
  3500K .......... .......... .......... .......... ..........  1% 2.69M 1m40s
  3550K .......... .......... .......... .......... ..........  1% 2.61M 1m40s
  3600K .......... .......... .......... .......... ..........  1% 2.67M 1m40s
  3650K .......... .......... .......... .......... ..........  1% 2.38M 1m40s
  3700K .......... .......... .......... .......... ..........  1% 2.62M 1m40s
  3750K .......... .......... .......... .......... ..........  1% 2.68M 99s
  3800K .......... .......... .......... .......... ..........  1% 2.69M 99s
  3850K .......... .......... .......... .......... ..........  1% 2.76M 99s
  3900K .......... .......... .......... .......... ..........  1% 2.38M 99s
  3950K .......... .......... .......... .......... ..........  1% 2.63M 99s
  4000K .......... .......... .......... .......... ..........  1% 2.81M 99s
  4050K .......... .......... .......... .......... ..........  1% 2.65M 99s
  4100K .......... .......... .......... .......... ..........  1% 2.84M 99s
  4150K .......... .......... .......... .......... ..........  1% 2.36M 99s
  4200K .......... .......... .......... .......... ..........  1% 2.83M 98s
  4250K .......... .......... .......... .......... ..........  1% 2.75M 98s
  4300K .......... .......... .......... .......... ..........  1% 2.74M 98s
  4350K .......... .......... .......... .......... ..........  1% 2.28M 98s
  4400K .......... .......... .......... .......... ..........  1% 2.65M 98s
  4450K .......... .......... .......... .......... ..........  1% 2.65M 98s
  4500K .......... .......... .......... .......... ..........  1% 2.67M 98s
  4550K .......... .......... .......... .......... ..........  1% 2.41M 98s
  4600K .......... .......... .......... .......... ..........  1% 2.81M 98s
  4650K .......... .......... .......... .......... ..........  1% 2.79M 98s
  4700K .......... .......... .......... .......... ..........  1% 2.78M 98s
  4750K .......... .......... .......... .......... ..........  1% 2.39M 98s
  4800K .......... .......... .......... .......... ..........  1% 2.78M 97s
  4850K .......... .......... .......... .......... ..........  1% 2.60M 97s
  4900K .......... .......... .......... .......... ..........  1% 2.73M 97s
  4950K .......... .......... .......... .......... ..........  1% 2.46M 97s
  5000K .......... .......... .......... .......... ..........  1% 2.72M 97s
  5050K .......... .......... .......... .......... ..........  2% 2.53M 97s
  5100K .......... .......... .......... .......... ..........  2% 2.70M 97s
  5150K .......... .......... .......... .......... ..........  2% 2.43M 97s
  5200K .......... .......... .......... .......... ..........  2% 2.60M 97s
  5250K .......... .......... .......... .......... ..........  2% 2.70M 97s
  5300K .......... .......... .......... .......... ..........  2% 2.83M 97s
  5350K .......... .......... .......... .......... ..........  2% 2.47M 97s
  5400K .......... .......... .......... .......... ..........  2% 2.74M 97s
  5450K .......... .......... .......... .......... ..........  2% 2.71M 97s
  5500K .......... .......... .......... .......... ..........  2% 2.63M 96s
  5550K .......... .......... .......... .......... ..........  2% 2.84M 96s
  5600K .......... .......... .......... .......... ..........  2% 2.44M 96s
  5650K .......... .......... .......... .......... ..........  2% 2.78M 96s
  5700K .......... .......... .......... .......... ..........  2% 2.69M 96s
  5750K .......... .......... .......... .......... ..........  2% 2.85M 96s
  5800K .......... .......... .......... .......... ..........  2% 2.29M 96s
  5850K .......... .......... .......... .......... ..........  2% 2.81M 96s
  5900K .......... .......... .......... .......... ..........  2% 2.78M 96s
  5950K .......... .......... .......... .......... ..........  2% 2.76M 96s
  6000K .......... .......... .......... .......... ..........  2% 2.35M 96s
  6050K .......... .......... .......... .......... ..........  2% 2.65M 96s
  6100K .......... .......... .......... .......... ..........  2% 2.86M 96s
  6150K .......... .......... .......... .......... ..........  2% 2.78M 96s
  6200K .......... .......... .......... .......... ..........  2% 2.45M 96s
  6250K .......... .......... .......... .......... ..........  2% 2.79M 95s
  6300K .......... .......... .......... .......... ..........  2% 2.74M 95s
  6350K .......... .......... .......... .......... ..........  2% 2.76M 95s
  6400K .......... .......... .......... .......... ..........  2% 2.45M 95s
  6450K .......... .......... .......... .......... ..........  2% 2.38M 95s
  6500K .......... .......... .......... .......... ..........  2% 2.74M 95s
  6550K .......... .......... .......... .......... ..........  2% 2.71M 95s
  6600K .......... .......... .......... .......... ..........  2% 2.41M 95s
  6650K .......... .......... .......... .......... ..........  2% 2.48M 95s
  6700K .......... .......... .......... .......... ..........  2% 2.73M 95s
  6750K .......... .......... .......... .......... ..........  2% 2.65M 95s
  6800K .......... .......... .......... .......... ..........  2% 2.39M 95s
  6850K .......... .......... .......... .......... ..........  2% 2.75M 95s
  6900K .......... .......... .......... .......... ..........  2% 2.64M 95s
  6950K .......... .......... .......... .......... ..........  2% 2.86M 95s
  7000K .......... .......... .......... .......... ..........  2% 2.80M 95s
  7050K .......... .......... .......... .......... ..........  2% 2.45M 95s
  7100K .......... .......... .......... .......... ..........  2% 2.80M 95s
  7150K .......... .......... .......... .......... ..........  2% 2.77M 95s
  7200K .......... .......... .......... .......... ..........  2% 2.50M 95s
  7250K .......... .......... .......... .......... ..........  2% 2.71M 95s
  7300K .......... .......... .......... .......... ..........  2% 2.90M 94s
  7350K .......... .......... .......... .......... ..........  2% 2.78M 94s
  7400K .......... .......... .......... .......... ..........  2% 2.37M 94s
  7450K .......... .......... .......... .......... ..........  2% 2.84M 94s
  7500K .......... .......... .......... .......... ..........  2% 2.66M 94s
  7550K .......... .......... .......... .......... ..........  3% 2.75M 94s
  7600K .......... .......... .......... .......... ..........  3% 2.54M 94s
  7650K .......... .......... .......... .......... ..........  3% 2.72M 94s
  7700K .......... .......... .......... .......... ..........  3% 2.59M 94s
  7750K .......... .......... .......... .......... ..........  3% 2.67M 94s
  7800K .......... .......... .......... .......... ..........  3% 2.41M 94s
  7850K .......... .......... .......... .......... ..........  3% 2.81M 94s
  7900K .......... .......... .......... .......... ..........  3% 2.63M 94s
  7950K .......... .......... .......... .......... ..........  3% 2.65M 94s
  8000K .......... .......... .......... .......... ..........  3% 2.51M 94s
  8050K .......... .......... .......... .......... ..........  3% 2.72M 94s
  8100K .......... .......... .......... .......... ..........  3% 2.68M 94s
  8150K .......... .......... .......... .......... ..........  3% 2.71M 94s
  8200K .......... .......... .......... .......... ..........  3% 2.41M 94s
  8250K .......... .......... .......... .......... ..........  3% 2.72M 94s
  8300K .......... .......... .......... .......... ..........  3% 2.54M 94s
  8350K .......... .......... .......... .......... ..........  3% 2.85M 94s
  8400K .......... .......... .......... .......... ..........  3% 2.46M 94s
  8450K .......... .......... .......... .......... ..........  3% 2.68M 94s
  8500K .......... .......... .......... .......... ..........  3% 2.71M 93s
  8550K .......... .......... .......... .......... ..........  3% 2.70M 93s
  8600K .......... .......... .......... .......... ..........  3% 2.42M 93s
  8650K .......... .......... .......... .......... ..........  3% 2.63M 93s
  8700K .......... .......... .......... .......... ..........  3% 2.76M 93s
  8750K .......... .......... .......... .......... ..........  3% 2.85M 93s
  8800K .......... .......... .......... .......... ..........  3% 2.73M 93s
  8850K .......... .......... .......... .......... ..........  3% 2.41M 93s
  8900K .......... .......... .......... .......... ..........  3% 2.69M 93s
  8950K .......... .......... .......... .......... ..........  3% 2.77M 93s
  9000K .......... .......... .......... .......... ..........  3% 2.72M 93s
  9050K .......... .......... .......... .......... ..........  3% 2.65M 93s
  9100K .......... .......... .......... .......... ..........  3% 2.52M 93s
  9150K .......... .......... .......... .......... ..........  3% 2.75M 93s
  9200K .......... .......... .......... .......... ..........  3% 2.72M 93s
  9250K .......... .......... .......... .......... ..........  3% 2.80M 93s
  9300K .......... .......... .......... .......... ..........  3% 2.73M 93s
  9350K .......... .......... .......... .......... ..........  3% 2.32M 93s
  9400K .......... .......... .......... .......... ..........  3% 2.71M 93s
  9450K .......... .......... .......... .......... ..........  3% 2.74M 93s
  9500K .......... .......... .......... .......... ..........  3% 2.80M 93s
  9550K .......... .......... .......... .......... ..........  3% 2.43M 93s
  9600K .......... .......... .......... .......... ..........  3% 2.68M 93s
  9650K .......... .......... .......... .......... ..........  3% 2.76M 93s
  9700K .......... .......... .......... .......... ..........  3% 2.69M 93s
  9750K .......... .......... .......... .......... ..........  3% 2.78M 93s
  9800K .......... .......... .......... .......... ..........  3% 2.46M 93s
  9850K .......... .......... .......... .......... ..........  3% 2.72M 92s
  9900K .......... .......... .......... .......... ..........  3% 2.82M 92s
  9950K .......... .......... .......... .......... ..........  3% 2.80M 92s
 10000K .......... .......... .......... .......... ..........  3% 2.30M 92s
 10050K .......... .......... .......... .......... ..........  3% 2.80M 92s
 10100K .......... .......... .......... .......... ..........  4% 2.75M 92s
 10150K .......... .......... .......... .......... ..........  4% 2.65M 92s
 10200K .......... .......... .......... .......... ..........  4% 2.44M 92s
 10250K .......... .......... .......... .......... ..........  4% 2.73M 92s
 10300K .......... .......... .......... .......... ..........  4% 2.72M 92s
 10350K .......... .......... .......... .......... ..........  4% 2.36M 92s
 10400K .......... .......... .......... .......... ..........  4% 2.66M 92s
 10450K .......... .......... .......... .......... ..........  4% 2.71M 92s
 10500K .......... .......... .......... .......... ..........  4% 2.70M 92s
 10550K .......... .......... .......... .......... ..........  4% 2.32M 92s
 10600K .......... .......... .......... .......... ..........  4% 2.60M 92s
 10650K .......... .......... .......... .......... ..........  4% 2.79M 92s
 10700K .......... .......... .......... .......... ..........  4% 2.61M 92s
 10750K .......... .......... .......... .......... ..........  4% 2.64M 92s
 10800K .......... .......... .......... .......... ..........  4% 2.19M 92s
 10850K .......... .......... .......... .......... ..........  4% 2.64M 92s
 10900K .......... .......... .......... .......... ..........  4% 2.69M 92s
 10950K .......... .......... .......... .......... ..........  4% 2.69M 92s
 11000K .......... .......... .......... .......... ..........  4% 2.43M 92s
 11050K .......... .......... .......... .......... ..........  4% 2.64M 92s
 11100K .......... .......... .......... .......... ..........  4% 2.67M 92s
 11150K .......... .......... .......... .......... ..........  4% 2.68M 92s
 11200K .......... .......... .......... .......... ..........  4% 2.57M 92s
 11250K .......... .......... .......... .......... ..........  4% 2.47M 92s
 11300K .......... .......... .......... .......... ..........  4% 2.73M 92s
 11350K .......... .......... .......... .......... ..........  4% 2.66M 92s
 11400K .......... .......... .......... .......... ..........  4% 2.33M 92s
 11450K .......... .......... .......... .......... ..........  4% 2.61M 92s
 11500K .......... .......... .......... .......... ..........  4% 2.70M 92s
 11550K .......... .......... .......... .......... ..........  4% 2.69M 92s
 11600K .......... .......... .......... .......... ..........  4% 2.34M 92s
 11650K .......... .......... .......... .......... ..........  4% 2.68M 92s
 11700K .......... .......... .......... .......... ..........  4% 2.78M 92s
 11750K .......... .......... .......... .......... ..........  4% 2.70M 92s
 11800K .......... .......... .......... .......... ..........  4% 2.35M 92s
 11850K .......... .......... .......... .......... ..........  4% 2.64M 91s
 11900K .......... .......... .......... .......... ..........  4% 2.61M 91s
 11950K .......... .......... .......... .......... ..........  4% 2.55M 91s
 12000K .......... .......... .......... .......... ..........  4% 2.29M 91s
 12050K .......... .......... .......... .......... ..........  4% 2.63M 91s
 12100K .......... .......... .......... .......... ..........  4% 2.76M 91s
 12150K .......... .......... .......... .......... ..........  4% 2.81M 91s
 12200K .......... .......... .......... .......... ..........  4% 2.75M 91s
 12250K .......... .......... .......... .......... ..........  4% 2.32M 91s
 12300K .......... .......... .......... .......... ..........  4% 2.69M 91s
 12350K .......... .......... .......... .......... ..........  4% 2.60M 91s
 12400K .......... .......... .......... .......... ..........  4% 2.34M 91s
 12450K .......... .......... .......... .......... ..........  4% 2.78M 91s
 12500K .......... .......... .......... .......... ..........  4% 2.56M 91s
 12550K .......... .......... .......... .......... ..........  4% 2.56M 91s
 12600K .......... .......... .......... .......... ..........  5% 2.40M 91s
 12650K .......... .......... .......... .......... ..........  5% 2.66M 91s
 12700K .......... .......... .......... .......... ..........  5% 2.67M 91s
 12750K .......... .......... .......... .......... ..........  5% 2.61M 91s
 12800K .......... .......... .......... .......... ..........  5% 2.27M 91s
 12850K .......... .......... .......... .......... ..........  5% 2.62M 91s
 12900K .......... .......... .......... .......... ..........  5% 2.73M 91s
 12950K .......... .......... .......... .......... ..........  5% 2.64M 91s
 13000K .......... .......... .......... .......... ..........  5% 2.68M 91s
 13050K .......... .......... .......... .......... ..........  5% 2.34M 91s
 13100K .......... .......... .......... .......... ..........  5% 2.52M 91s
 13150K .......... .......... .......... .......... ..........  5% 2.63M 91s
 13200K .......... .......... .......... .......... ..........  5% 2.80M 91s
 13250K .......... .......... .......... .......... ..........  5% 2.31M 91s
 13300K .......... .......... .......... .......... ..........  5% 2.97M 91s
 13350K .......... .......... .......... .......... ..........  5% 2.27M 91s
 13400K .......... .......... .......... .......... ..........  5% 2.74M 91s
 13450K .......... .......... .......... .......... ..........  5% 2.58M 91s
 13500K .......... .......... .......... .......... ..........  5% 2.66M 91s
 13550K .......... .......... .......... .......... ..........  5% 2.44M 91s
 13600K .......... .......... .......... .......... ..........  5% 2.63M 91s
 13650K .......... .......... .......... .......... ..........  5% 2.51M 91s
 13700K .......... .......... .......... .......... ..........  5% 2.61M 91s
 13750K .......... .......... .......... .......... ..........  5% 2.32M 91s
 13800K .......... .......... .......... .......... ..........  5% 2.65M 91s
 13850K .......... .......... .......... .......... ..........  5% 2.63M 91s
 13900K .......... .......... .......... .......... ..........  5% 2.72M 91s
 13950K .......... .......... .......... .......... ..........  5% 2.54M 91s
 14000K .......... .......... .......... .......... ..........  5% 2.27M 91s
 14050K .......... .......... .......... .......... ..........  5% 2.65M 91s
 14100K .......... .......... .......... .......... ..........  5% 2.70M 91s
 14150K .......... .......... .......... .......... ..........  5% 2.68M 91s
 14200K .......... .......... .......... .......... ..........  5% 2.36M 91s
 14250K .......... .......... .......... .......... ..........  5% 2.59M 91s
 14300K .......... .......... .......... .......... ..........  5% 2.95M 91s
 14350K .......... .......... .......... .......... ..........  5% 2.49M 91s
 14400K .......... .......... .......... .......... ..........  5% 2.83M 90s
 14450K .......... .......... .......... .......... ..........  5% 2.61M 90s
 14500K .......... .......... .......... .......... ..........  5% 2.68M 90s
 14550K .......... .......... .......... .......... ..........  5% 2.42M 90s
 14600K .......... .......... .......... .......... ..........  5% 2.61M 90s
 14650K .......... .......... .......... .......... ..........  5% 2.69M 90s
 14700K .......... .......... .......... .......... ..........  5% 2.77M 90s
 14750K .......... .......... .......... .......... ..........  5% 2.48M 90s
 14800K .......... .......... .......... .......... ..........  5% 2.85M 90s
 14850K .......... .......... .......... .......... ..........  5% 2.77M 90s
 14900K .......... .......... .......... .......... ..........  5% 2.36M 90s
 14950K .......... .......... .......... .......... ..........  5% 2.77M 90s
 15000K .......... .......... .......... .......... ..........  5% 2.76M 90s
 15050K .......... .......... .......... .......... ..........  5% 2.80M 90s
 15100K .......... .......... .......... .......... ..........  5% 2.51M 90s
 15150K .......... .......... .......... .......... ..........  6% 2.78M 90s
 15200K .......... .......... .......... .......... ..........  6% 2.81M 90s
 15250K .......... .......... .......... .......... ..........  6% 2.66M 90s
 15300K .......... .......... .......... .......... ..........  6% 2.48M 90s
 15350K .......... .......... .......... .......... ..........  6% 2.94M 90s
 15400K .......... .......... .......... .......... ..........  6% 2.37M 90s
 15450K .......... .......... .......... .......... ..........  6% 2.70M 90s
 15500K .......... .......... .......... .......... ..........  6% 2.79M 90s
 15550K .......... .......... .......... .......... ..........  6% 2.48M 90s
 15600K .......... .......... .......... .......... ..........  6% 2.77M 90s
 15650K .......... .......... .......... .......... ..........  6% 2.82M 90s
 15700K .......... .......... .......... .......... ..........  6% 2.79M 90s
 15750K .......... .......... .......... .......... ..........  6% 2.70M 90s
 15800K .......... .......... .......... .......... ..........  6% 2.44M 90s
 15850K .......... .......... .......... .......... ..........  6% 2.82M 90s
 15900K .......... .......... .......... .......... ..........  6% 2.79M 90s
 15950K .......... .......... .......... .......... ..........  6% 2.60M 90s
 16000K .......... .......... .......... .......... ..........  6% 2.24M 90s
 16050K .......... .......... .......... .......... ..........  6% 2.63M 90s
 16100K .......... .......... .......... .......... ..........  6% 2.46M 90s
 16150K .......... .......... .......... .......... ..........  6% 2.48M 90s
 16200K .......... .......... .......... .......... ..........  6% 2.36M 90s
 16250K .......... .......... .......... .......... ..........  6% 2.82M 90s
 16300K .......... .......... .......... .......... ..........  6% 2.63M 90s
 16350K .......... .......... .......... .......... ..........  6% 2.92M 89s
 16400K .......... .......... .......... .......... ..........  6% 2.52M 89s
 16450K .......... .......... .......... .......... ..........  6% 2.73M 89s
 16500K .......... .......... .......... .......... ..........  6% 2.79M 89s
 16550K .......... .......... .......... .......... ..........  6% 2.87M 89s
 16600K .......... .......... .......... .......... ..........  6% 2.39M 89s
 16650K .......... .......... .......... .......... ..........  6% 2.85M 89s
 16700K .......... .......... .......... .......... ..........  6% 2.70M 89s
 16750K .......... .......... .......... .......... ..........  6% 2.64M 89s
 16800K .......... .......... .......... .......... ..........  6% 2.43M 89s
 16850K .......... .......... .......... .......... ..........  6% 2.77M 89s
 16900K .......... .......... .......... .......... ..........  6% 2.82M 89s
 16950K .......... .......... .......... .......... ..........  6% 2.79M 89s
 17000K .......... .......... .......... .......... ..........  6% 2.71M 89s
 17050K .......... .......... .......... .......... ..........  6% 2.47M 89s
 17100K .......... .......... .......... .......... ..........  6% 2.83M 89s
 17150K .......... .......... .......... .......... ..........  6% 2.82M 89s
 17200K .......... .......... .......... .......... ..........  6% 2.77M 89s
 17250K .......... .......... .......... .......... ..........  6% 2.59M 89s
 17300K .......... .......... .......... .......... ..........  6% 2.38M 89s
 17350K .......... .......... .......... .......... ..........  6% 2.74M 89s
 17400K .......... .......... .......... .......... ..........  6% 2.66M 89s
 17450K .......... .......... .......... .......... ..........  6% 2.74M 89s
 17500K .......... .......... .......... .......... ..........  6% 2.79M 89s
 17550K .......... .......... .......... .......... ..........  6% 2.40M 89s
 17600K .......... .......... .......... .......... ..........  6% 2.76M 89s
 17650K .......... .......... .......... .......... ..........  7% 2.78M 89s
 17700K .......... .......... .......... .......... ..........  7% 2.75M 89s
 17750K .......... .......... .......... .......... ..........  7% 2.45M 89s
 17800K .......... .......... .......... .......... ..........  7% 2.83M 89s
 17850K .......... .......... .......... .......... ..........  7% 2.69M 89s
 17900K .......... .......... .......... .......... ..........  7% 2.69M 89s
 17950K .......... .......... .......... .......... ..........  7% 2.50M 89s
 18000K .......... .......... .......... .......... ..........  7% 2.76M 89s
 18050K .......... .......... .......... .......... ..........  7% 2.67M 89s
 18100K .......... .......... .......... .......... ..........  7% 2.68M 88s
 18150K .......... .......... .......... .......... ..........  7% 2.35M 89s
 18200K .......... .......... .......... .......... ..........  7% 2.57M 88s
 18250K .......... .......... .......... .......... ..........  7% 2.66M 88s
 18300K .......... .......... .......... .......... ..........  7% 2.64M 88s
 18350K .......... .......... .......... .......... ..........  7% 2.36M 88s
 18400K .......... .......... .......... .......... ..........  7% 2.69M 88s
 18450K .......... .......... .......... .......... ..........  7% 2.61M 88s
 18500K .......... .......... .......... .......... ..........  7% 2.66M 88s
 18550K .......... .......... .......... .......... ..........  7% 2.43M 88s
 18600K .......... .......... .......... .......... ..........  7% 2.76M 88s
 18650K .......... .......... .......... .......... ..........  7% 2.59M 88s
 18700K .......... .......... .......... .......... ..........  7% 2.63M 88s
 18750K .......... .......... .......... .......... ..........  7% 2.22M 88s
 18800K .......... .......... .......... .......... ..........  7% 2.62M 88s
 18850K .......... .......... .......... .......... ..........  7% 2.67M 88s
 18900K .......... .......... .......... .......... ..........  7% 2.72M 88s
 18950K .......... .......... .......... .......... ..........  7% 2.77M 88s
 19000K .......... .......... .......... .......... ..........  7% 2.44M 88s
 19050K .......... .......... .......... .......... ..........  7% 2.80M 88s
 19100K .......... .......... .......... .......... ..........  7% 2.75M 88s
 19150K .......... .......... .......... .......... ..........  7% 2.80M 88s
 19200K .......... .......... .......... .......... ..........  7% 2.33M 88s
 19250K .......... .......... .......... .......... ..........  7% 2.77M 88s
 19300K .......... .......... .......... .......... ..........  7% 2.83M 88s
 19350K .......... .......... .......... .......... ..........  7% 2.65M 88s
 19400K .......... .......... .......... .......... ..........  7% 2.68M 88s
 19450K .......... .......... .......... .......... ..........  7% 2.48M 88s
 19500K .......... .......... .......... .......... ..........  7% 2.85M 88s
 19550K .......... .......... .......... .......... ..........  7% 2.81M 88s
 19600K .......... .......... .......... .......... ..........  7% 2.69M 88s
 19650K .......... .......... .......... .......... ..........  7% 2.46M 88s
 19700K .......... .......... .......... .......... ..........  7% 2.78M 88s
 19750K .......... .......... .......... .......... ..........  7% 2.72M 88s
 19800K .......... .......... .......... .......... ..........  7% 2.51M 88s
 19850K .......... .......... .......... .......... ..........  7% 2.97M 88s
 19900K .......... .......... .......... .......... ..........  7% 2.58M 88s
 19950K .......... .......... .......... .......... ..........  7% 2.36M 88s
 20000K .......... .......... .......... .......... ..........  7% 2.81M 88s
 20050K .......... .......... .......... .......... ..........  7% 2.86M 88s
 20100K .......... .......... .......... .......... ..........  7% 2.75M 88s
 20150K .......... .......... .......... .......... ..........  7% 2.67M 88s
 20200K .......... .......... .......... .......... ..........  8% 2.43M 88s
 20250K .......... .......... .......... .......... ..........  8% 2.81M 88s
 20300K .......... .......... .......... .......... ..........  8% 2.83M 87s
 20350K .......... .......... .......... .......... ..........  8% 2.74M 87s
 20400K .......... .......... .......... .......... ..........  8% 2.45M 87s
 20450K .......... .......... .......... .......... ..........  8% 2.79M 87s
 20500K .......... .......... .......... .......... ..........  8% 2.78M 87s
 20550K .......... .......... .......... .......... ..........  8% 2.81M 87s
 20600K .......... .......... .......... .......... ..........  8% 2.52M 87s
 20650K .......... .......... .......... .......... ..........  8% 2.73M 87s
 20700K .......... .......... .......... .......... ..........  8% 2.94M 87s
 20750K .......... .......... .......... .......... ..........  8% 2.65M 87s
 20800K .......... .......... .......... .......... ..........  8% 2.43M 87s
 20850K .......... .......... .......... .......... ..........  8% 2.82M 87s
 20900K .......... .......... .......... .......... ..........  8% 2.73M 87s
 20950K .......... .......... .......... .......... ..........  8% 2.83M 87s
 21000K .......... .......... .......... .......... ..........  8% 2.48M 87s
 21050K .......... .......... .......... .......... ..........  8% 2.74M 87s
 21100K .......... .......... .......... .......... ..........  8% 2.72M 87s
 21150K .......... .......... .......... .......... ..........  8% 2.72M 87s
 21200K .......... .......... .......... .......... ..........  8% 2.50M 87s
 21250K .......... .......... .......... .......... ..........  8% 2.88M 87s
 21300K .......... .......... .......... .......... ..........  8% 2.59M 87s
 21350K .......... .......... .......... .......... ..........  8% 2.85M 87s
 21400K .......... .......... .......... .......... ..........  8% 2.82M 87s
 21450K .......... .......... .......... .......... ..........  8% 2.86M 87s
 21500K .......... .......... .......... .......... ..........  8% 2.69M 87s
 21550K .......... .......... .......... .......... ..........  8% 2.56M 87s
 21600K .......... .......... .......... .......... ..........  8% 2.86M 87s
 21650K .......... .......... .......... .......... ..........  8% 2.86M 87s
 21700K .......... .......... .......... .......... ..........  8% 2.75M 87s
 21750K .......... .......... .......... .......... ..........  8% 2.28M 87s
 21800K .......... .......... .......... .......... ..........  8% 2.81M 87s
 21850K .......... .......... .......... .......... ..........  8% 2.81M 87s
 21900K .......... .......... .......... .......... ..........  8% 2.69M 87s
 21950K .......... .......... .......... .......... ..........  8% 2.47M 87s
 22000K .......... .......... .......... .......... ..........  8% 2.88M 87s
 22050K .......... .......... .......... .......... ..........  8% 2.82M 87s
 22100K .......... .......... .......... .......... ..........  8% 2.73M 87s
 22150K .......... .......... .......... .......... ..........  8% 2.37M 87s
 22200K .......... .......... .......... .......... ..........  8% 2.55M 87s
 22250K .......... .......... .......... .......... ..........  8% 2.85M 86s
 22300K .......... .......... .......... .......... ..........  8% 2.60M 86s
 22350K .......... .......... .......... .......... ..........  8% 2.66M 86s
 22400K .......... .......... .......... .......... ..........  8% 2.38M 86s
 22450K .......... .......... .......... .......... ..........  8% 2.63M 86s
 22500K .......... .......... .......... .......... ..........  8% 2.39M 86s
 22550K .......... .......... .......... .......... ..........  8% 2.78M 86s
 22600K .......... .......... .......... .......... ..........  8% 2.14M 86s
 22650K .......... .......... .......... .......... ..........  8% 2.76M 86s
 22700K .......... .......... .......... .......... ..........  9% 2.87M 86s
 22750K .......... .......... .......... .......... ..........  9% 2.73M 86s
 22800K .......... .......... .......... .......... ..........  9% 2.56M 86s
 22850K .......... .......... .......... .......... ..........  9% 2.63M 86s
 22900K .......... .......... .......... .......... ..........  9% 2.24M 86s
 22950K .......... .......... .......... .......... ..........  9% 2.60M 86s
 23000K .......... .......... .......... .......... ..........  9% 2.59M 86s
 23050K .......... .......... .......... .......... ..........  9% 2.62M 86s
 23100K .......... .......... .......... .......... ..........  9% 2.39M 86s
 23150K .......... .......... .......... .......... ..........  9% 2.65M 86s
 23200K .......... .......... .......... .......... ..........  9% 2.68M 86s
 23250K .......... .......... .......... .......... ..........  9% 2.65M 86s
 23300K .......... .......... .......... .......... ..........  9% 2.38M 86s
 23350K .......... .......... .......... .......... ..........  9% 2.73M 86s
 23400K .......... .......... .......... .......... ..........  9% 2.77M 86s
 23450K .......... .......... .......... .......... ..........  9% 2.76M 86s
 23500K .......... .......... .......... .......... ..........  9% 2.44M 86s
 23550K .......... .......... .......... .......... ..........  9% 3.10M 86s
 23600K .......... .......... .......... .......... ..........  9% 2.45M 86s
 23650K .......... .......... .......... .......... ..........  9% 2.77M 86s
 23700K .......... .......... .......... .......... ..........  9% 2.79M 86s
 23750K .......... .......... .......... .......... ..........  9% 2.79M 86s
 23800K .......... .......... .......... .......... ..........  9% 2.45M 86s
 23850K .......... .......... .......... .......... ..........  9% 2.74M 86s
 23900K .......... .......... .......... .......... ..........  9% 2.78M 86s
 23950K .......... .......... .......... .......... ..........  9% 2.78M 86s
 24000K .......... .......... .......... .......... ..........  9% 2.45M 86s
 24050K .......... .......... .......... .......... ..........  9% 2.76M 86s
 24100K .......... .......... .......... .......... ..........  9% 2.60M 86s
 24150K .......... .......... .......... .......... ..........  9% 2.62M 86s
 24200K .......... .......... .......... .......... ..........  9% 2.65M 86s
 24250K .......... .......... .......... .......... ..........  9% 2.44M 86s
 24300K .......... .......... .......... .......... ..........  9% 2.74M 86s
 24350K .......... .......... .......... .......... ..........  9% 2.75M 86s
 24400K .......... .......... .......... .......... ..........  9% 2.87M 86s
 24450K .......... .......... .......... .......... ..........  9% 2.45M 86s
 24500K .......... .......... .......... .......... ..........  9% 2.70M 86s
 24550K .......... .......... .......... .......... ..........  9% 2.93M 86s
 24600K .......... .......... .......... .......... ..........  9% 2.82M 86s
 24650K .......... .......... .......... .......... ..........  9% 2.42M 86s
 24700K .......... .......... .......... .......... ..........  9% 2.53M 85s
 24750K .......... .......... .......... .......... ..........  9% 2.69M 85s
 24800K .......... .......... .......... .......... ..........  9% 2.67M 85s
 24850K .......... .......... .......... .......... ..........  9% 2.47M 85s
 24900K .......... .......... .......... .......... ..........  9% 2.80M 85s
 24950K .......... .......... .......... .......... ..........  9% 2.82M 85s
 25000K .......... .......... .......... .......... ..........  9% 2.88M 85s
 25050K .......... .......... .......... .......... ..........  9% 2.45M 85s
 25100K .......... .......... .......... .......... ..........  9% 2.70M 85s
 25150K .......... .......... .......... .......... ..........  9% 2.75M 85s
 25200K .......... .......... .......... .......... ..........  9% 2.82M 85s
 25250K .......... .......... .......... .......... .......... 10% 2.40M 85s
 25300K .......... .......... .......... .......... .......... 10% 2.74M 85s
 25350K .......... .......... .......... .......... .......... 10% 2.78M 85s
 25400K .......... .......... .......... .......... .......... 10% 2.64M 85s
 25450K .......... .......... .......... .......... .......... 10% 2.83M 85s
 25500K .......... .......... .......... .......... .......... 10% 2.48M 85s
 25550K .......... .......... .......... .......... .......... 10% 2.74M 85s
 25600K .......... .......... .......... .......... .......... 10% 2.83M 85s
 25650K .......... .......... .......... .......... .......... 10% 2.44M 85s
 25700K .......... .......... .......... .......... .......... 10% 2.62M 85s
 25750K .......... .......... .......... .......... .......... 10% 2.68M 85s
 25800K .......... .......... .......... .......... .......... 10% 2.60M 85s
 25850K .......... .......... .......... .......... .......... 10% 2.10M 85s
 25900K .......... .......... .......... .......... .......... 10% 2.25M 85s
 25950K .......... .......... .......... .......... .......... 10% 2.60M 85s
 26000K .......... .......... .......... .......... .......... 10% 2.72M 85s
 26050K .......... .......... .......... .......... .......... 10% 2.37M 85s
 26100K .......... .......... .......... .......... .......... 10% 2.70M 85s
 26150K .......... .......... .......... .......... .......... 10% 2.56M 85s
 26200K .......... .......... .......... .......... .......... 10% 2.78M 85s
 26250K .......... .......... .......... .......... .......... 10% 2.50M 85s
 26300K .......... .......... .......... .......... .......... 10% 2.78M 85s
 26350K .......... .......... .......... .......... .......... 10% 2.76M 85s
 26400K .......... .......... .......... .......... .......... 10% 2.57M 85s
 26450K .......... .......... .......... .......... .......... 10% 2.39M 85s
 26500K .......... .......... .......... .......... .......... 10% 3.08M 85s
 26550K .......... .......... .......... .......... .......... 10% 2.43M 85s
 26600K .......... .......... .......... .......... .......... 10% 2.67M 85s
 26650K .......... .......... .......... .......... .......... 10% 2.59M 85s
 26700K .......... .......... .......... .......... .......... 10% 2.63M 85s
 26750K .......... .......... .......... .......... .......... 10% 2.34M 85s
 26800K .......... .......... .......... .......... .......... 10% 2.57M 85s
 26850K .......... .......... .......... .......... .......... 10% 2.77M 85s
 26900K .......... .......... .......... .......... .......... 10% 2.65M 85s
 26950K .......... .......... .......... .......... .......... 10% 2.59M 85s
 27000K .......... .......... .......... .......... .......... 10% 2.29M 85s
 27050K .......... .......... .......... .......... .......... 10% 2.63M 85s
 27100K .......... .......... .......... .......... .......... 10% 2.89M 85s
 27150K .......... .......... .......... .......... .......... 10% 2.84M 85s
 27200K .......... .......... .......... .......... .......... 10% 2.33M 85s
 27250K .......... .......... .......... .......... .......... 10% 2.79M 85s
 27300K .......... .......... .......... .......... .......... 10% 2.56M 84s
 27350K .......... .......... .......... .......... .......... 10% 2.69M 84s
 27400K .......... .......... .......... .......... .......... 10% 2.44M 84s
 27450K .......... .......... .......... .......... .......... 10% 2.77M 84s
 27500K .......... .......... .......... .......... .......... 10% 2.79M 84s
 27550K .......... .......... .......... .......... .......... 10% 2.71M 84s
 27600K .......... .......... .......... .......... .......... 10% 2.49M 84s
 27650K .......... .......... .......... .......... .......... 10% 2.87M 84s
 27700K .......... .......... .......... .......... .......... 10% 2.74M 84s
 27750K .......... .......... .......... .......... .......... 11% 2.42M 84s
 27800K .......... .......... .......... .......... .......... 11% 2.72M 84s
 27850K .......... .......... .......... .......... .......... 11% 2.69M 84s
 27900K .......... .......... .......... .......... .......... 11% 2.79M 84s
 27950K .......... .......... .......... .......... .......... 11% 2.55M 84s
 28000K .......... .......... .......... .......... .......... 11% 2.71M 84s
 28050K .......... .......... .......... .......... .......... 11% 2.66M 84s
 28100K .......... .......... .......... .......... .......... 11% 2.74M 84s
 28150K .......... .......... .......... .......... .......... 11% 2.70M 84s
 28200K .......... .......... .......... .......... .......... 11% 2.34M 84s
 28250K .......... .......... .......... .......... .......... 11% 2.72M 84s
 28300K .......... .......... .......... .......... .......... 11% 2.83M 84s
 28350K .......... .......... .......... .......... .......... 11% 2.76M 84s
 28400K .......... .......... .......... .......... .......... 11% 2.38M 84s
 28450K .......... .......... .......... .......... .......... 11% 2.86M 84s
 28500K .......... .......... .......... .......... .......... 11% 2.76M 84s
 28550K .......... .......... .......... .......... .......... 11% 2.80M 84s
 28600K .......... .......... .......... .......... .......... 11% 2.37M 84s
 28650K .......... .......... .......... .......... .......... 11% 2.53M 84s
 28700K .......... .......... .......... .......... .......... 11% 2.63M 84s
 28750K .......... .......... .......... .......... .......... 11% 2.73M 84s
 28800K .......... .......... .......... .......... .......... 11% 2.36M 84s
 28850K .......... .......... .......... .......... .......... 11% 2.73M 84s
 28900K .......... .......... .......... .......... .......... 11% 2.60M 84s
 28950K .......... .......... .......... .......... .......... 11% 2.76M 84s
 29000K .......... .......... .......... .......... .......... 11% 2.25M 84s
 29050K .......... .......... .......... .......... .......... 11% 2.67M 84s
 29100K .......... .......... .......... .......... .......... 11% 2.78M 84s
 29150K .......... .......... .......... .......... .......... 11% 2.74M 84s
 29200K .......... .......... .......... .......... .......... 11% 2.35M 84s
 29250K .......... .......... .......... .......... .......... 11% 2.56M 84s
 29300K .......... .......... .......... .......... .......... 11% 2.58M 84s
 29350K .......... .......... .......... .......... .......... 11% 2.61M 84s
 29400K .......... .......... .......... .......... .......... 11% 2.28M 84s
 29450K .......... .......... .......... .......... .......... 11% 2.79M 84s
 29500K .......... .......... .......... .......... .......... 11% 2.68M 84s
 29550K .......... .......... .......... .......... .......... 11% 2.68M 84s
 29600K .......... .......... .......... .......... .......... 11% 2.34M 84s
 29650K .......... .......... .......... .......... .......... 11% 2.59M 84s
 29700K .......... .......... .......... .......... .......... 11% 2.85M 84s
 29750K .......... .......... .......... .......... .......... 11% 2.73M 84s
 29800K .......... .......... .......... .......... .......... 11% 2.36M 84s
 29850K .......... .......... .......... .......... .......... 11% 2.75M 83s
 29900K .......... .......... .......... .......... .......... 11% 2.56M 83s
 29950K .......... .......... .......... .......... .......... 11% 2.64M 83s
 30000K .......... .......... .......... .......... .......... 11% 2.35M 83s
 30050K .......... .......... .......... .......... .......... 11% 2.73M 83s
 30100K .......... .......... .......... .......... .......... 11% 2.79M 83s
 30150K .......... .......... .......... .......... .......... 11% 2.36M 83s
 30200K .......... .......... .......... .......... .......... 11% 2.44M 83s
 30250K .......... .......... .......... .......... .......... 11% 2.79M 83s
 30300K .......... .......... .......... .......... .......... 12% 2.77M 83s
 30350K .......... .......... .......... .......... .......... 12% 2.76M 83s
 30400K .......... .......... .......... .......... .......... 12% 2.36M 83s
 30450K .......... .......... .......... .......... .......... 12% 2.79M 83s
 30500K .......... .......... .......... .......... .......... 12% 2.66M 83s
 30550K .......... .......... .......... .......... .......... 12% 2.68M 83s
 30600K .......... .......... .......... .......... .......... 12% 2.43M 83s
 30650K .......... .......... .......... .......... .......... 12% 2.54M 83s
 30700K .......... .......... .......... .......... .......... 12% 2.91M 83s
 30750K .......... .......... .......... .......... .......... 12% 2.46M 83s
 30800K .......... .......... .......... .......... .......... 12% 2.71M 83s
 30850K .......... .......... .......... .......... .......... 12% 2.66M 83s
 30900K .......... .......... .......... .......... .......... 12% 2.73M 83s
 30950K .......... .......... .......... .......... .......... 12% 2.32M 83s
 31000K .......... .......... .......... .......... .......... 12% 2.74M 83s
 31050K .......... .......... .......... .......... .......... 12% 2.80M 83s
 31100K .......... .......... .......... .......... .......... 12% 2.73M 83s
 31150K .......... .......... .......... .......... .......... 12% 2.27M 83s
 31200K .......... .......... .......... .......... .......... 12% 2.59M 83s
 31250K .......... .......... .......... .......... .......... 12% 2.71M 83s
 31300K .......... .......... .......... .......... .......... 12% 2.81M 83s
 31350K .......... .......... .......... .......... .......... 12% 2.47M 83s
 31400K .......... .......... .......... .......... .......... 12% 2.75M 83s
 31450K .......... .......... .......... .......... .......... 12% 2.67M 83s
 31500K .......... .......... .......... .......... .......... 12% 2.64M 83s
 31550K .......... .......... .......... .......... .......... 12% 2.31M 83s
 31600K .......... .......... .......... .......... .......... 12% 2.66M 83s
 31650K .......... .......... .......... .......... .......... 12% 2.66M 83s
 31700K .......... .......... .......... .......... .......... 12% 2.77M 83s
 31750K .......... .......... .......... .......... .......... 12% 2.30M 83s
 31800K .......... .......... .......... .......... .......... 12% 2.69M 83s
 31850K .......... .......... .......... .......... .......... 12% 2.68M 83s
 31900K .......... .......... .......... .......... .......... 12% 2.69M 83s
 31950K .......... .......... .......... .......... .......... 12% 2.39M 83s
 32000K .......... .......... .......... .......... .......... 12% 2.64M 83s
 32050K .......... .......... .......... .......... .......... 12% 2.89M 83s
 32100K .......... .......... .......... .......... .......... 12% 2.79M 83s
 32150K .......... .......... .......... .......... .......... 12% 2.75M 83s
 32200K .......... .......... .......... .......... .......... 12% 2.51M 83s
 32250K .......... .......... .......... .......... .......... 12% 2.80M 83s
 32300K .......... .......... .......... .......... .......... 12% 2.63M 83s
 32350K .......... .......... .......... .......... .......... 12% 2.78M 83s
 32400K .......... .......... .......... .......... .......... 12% 2.43M 83s
 32450K .......... .......... .......... .......... .......... 12% 2.84M 82s
 32500K .......... .......... .......... .......... .......... 12% 2.90M 82s
 32550K .......... .......... .......... .......... .......... 12% 2.77M 82s
 32600K .......... .......... .......... .......... .......... 12% 2.45M 82s
 32650K .......... .......... .......... .......... .......... 12% 2.82M 82s
 32700K .......... .......... .......... .......... .......... 12% 2.85M 82s
 32750K .......... .......... .......... .......... .......... 12% 2.83M 82s
 32800K .......... .......... .......... .......... .......... 13% 2.49M 82s
 32850K .......... .......... .......... .......... .......... 13% 2.82M 82s
 32900K .......... .......... .......... .......... .......... 13% 2.56M 82s
 32950K .......... .......... .......... .......... .......... 13% 2.74M 82s
 33000K .......... .......... .......... .......... .......... 13% 2.37M 82s
 33050K .......... .......... .......... .......... .......... 13% 2.74M 82s
 33100K .......... .......... .......... .......... .......... 13% 2.74M 82s
 33150K .......... .......... .......... .......... .......... 13% 2.65M 82s
 33200K .......... .......... .......... .......... .......... 13% 2.44M 82s
 33250K .......... .......... .......... .......... .......... 13% 2.77M 82s
 33300K .......... .......... .......... .......... .......... 13% 2.55M 82s
 33350K .......... .......... .......... .......... .......... 13% 2.77M 82s
 33400K .......... .......... .......... .......... .......... 13% 2.83M 82s
 33450K .......... .......... .......... .......... .......... 13% 2.45M 82s
 33500K .......... .......... .......... .......... .......... 13% 2.72M 82s
 33550K .......... .......... .......... .......... .......... 13% 2.76M 82s
 33600K .......... .......... .......... .......... .......... 13% 2.89M 82s
 33650K .......... .......... .......... .......... .......... 13% 2.43M 82s
 33700K .......... .......... .......... .......... .......... 13% 2.83M 82s
 33750K .......... .......... .......... .......... .......... 13% 2.76M 82s
 33800K .......... .......... .......... .......... .......... 13% 2.85M 82s
 33850K .......... .......... .......... .......... .......... 13% 2.50M 82s
 33900K .......... .......... .......... .......... .......... 13% 2.82M 82s
 33950K .......... .......... .......... .......... .......... 13% 2.77M 82s
 34000K .......... .......... .......... .......... .......... 13% 2.75M 82s
 34050K .......... .......... .......... .......... .......... 13% 2.32M 82s
 34100K .......... .......... .......... .......... .......... 13% 2.84M 82s
 34150K .......... .......... .......... .......... .......... 13% 2.70M 82s
 34200K .......... .......... .......... .......... .......... 13% 2.47M 82s
 34250K .......... .......... .......... .......... .......... 13% 2.76M 82s
 34300K .......... .......... .......... .......... .......... 13% 2.69M 82s
 34350K .......... .......... .......... .......... .......... 13% 2.72M 82s
 34400K .......... .......... .......... .......... .......... 13% 2.43M 82s
 34450K .......... .......... .......... .......... .......... 13% 2.83M 82s
 34500K .......... .......... .......... .......... .......... 13% 2.71M 82s
 34550K .......... .......... .......... .......... .......... 13% 2.80M 82s
 34600K .......... .......... .......... .......... .......... 13% 2.43M 82s
 34650K .......... .......... .......... .......... .......... 13% 2.79M 82s
 34700K .......... .......... .......... .......... .......... 13% 2.44M 82s
 34750K .......... .......... .......... .......... .......... 13% 2.86M 81s
 34800K .......... .......... .......... .......... .......... 13% 2.51M 81s
 34850K .......... .......... .......... .......... .......... 13% 2.68M 81s
 34900K .......... .......... .......... .......... .......... 13% 2.63M 81s
 34950K .......... .......... .......... .......... .......... 13% 2.55M 81s
 35000K .......... .......... .......... .......... .......... 13% 2.29M 81s
 35050K .......... .......... .......... .......... .......... 13% 2.64M 81s
 35100K .......... .......... .......... .......... .......... 13% 2.67M 81s
 35150K .......... .......... .......... .......... .......... 13% 2.68M 81s
 35200K .......... .......... .......... .......... .......... 13% 2.31M 81s
 35250K .......... .......... .......... .......... .......... 13% 2.54M 81s
 35300K .......... .......... .......... .......... .......... 13% 2.78M 81s
 35350K .......... .......... .......... .......... .......... 14% 2.89M 81s
 35400K .......... .......... .......... .......... .......... 14% 2.45M 81s
 35450K .......... .......... .......... .......... .......... 14% 2.85M 81s
 35500K .......... .......... .......... .......... .......... 14% 2.83M 81s
 35550K .......... .......... .......... .......... .......... 14% 2.85M 81s
 35600K .......... .......... .......... .......... .......... 14% 2.44M 81s
 35650K .......... .......... .......... .......... .......... 14% 2.74M 81s
 35700K .......... .......... .......... .......... .......... 14% 2.76M 81s
 35750K .......... .......... .......... .......... .......... 14% 2.67M 81s
 35800K .......... .......... .......... .......... .......... 14% 2.32M 81s
 35850K .......... .......... .......... .......... .......... 14% 2.79M 81s
 35900K .......... .......... .......... .......... .......... 14% 2.79M 81s
 35950K .......... .......... .......... .......... .......... 14% 2.83M 81s
 36000K .......... .......... .......... .......... .......... 14% 2.44M 81s
 36050K .......... .......... .......... .......... .......... 14% 2.72M 81s
 36100K .......... .......... .......... .......... .......... 14% 2.70M 81s
 36150K .......... .......... .......... .......... .......... 14% 2.83M 81s
 36200K .......... .......... .......... .......... .......... 14% 2.46M 81s
 36250K .......... .......... .......... .......... .......... 14% 2.85M 81s
 36300K .......... .......... .......... .......... .......... 14% 2.71M 81s
 36350K .......... .......... .......... .......... .......... 14% 2.84M 81s
 36400K .......... .......... .......... .......... .......... 14% 2.50M 81s
 36450K .......... .......... .......... .......... .......... 14% 2.81M 81s
 36500K .......... .......... .......... .......... .......... 14% 2.49M 81s
 36550K .......... .......... .......... .......... .......... 14% 2.87M 81s
 36600K .......... .......... .......... .......... .......... 14% 2.80M 81s
 36650K .......... .......... .......... .......... .......... 14% 2.81M 81s
 36700K .......... .......... .......... .......... .......... 14% 2.47M 81s
 36750K .......... .......... .......... .......... .......... 14% 2.79M 81s
 36800K .......... .......... .......... .......... .......... 14% 2.81M 81s
 36850K .......... .......... .......... .......... .......... 14% 2.91M 81s
 36900K .......... .......... .......... .......... .......... 14% 2.56M 81s
 36950K .......... .......... .......... .......... .......... 14% 2.91M 81s
 37000K .......... .......... .......... .......... .......... 14% 2.51M 81s
 37050K .......... .......... .......... .......... .......... 14% 2.86M 81s
 37100K .......... .......... .......... .......... .......... 14% 2.71M 80s
 37150K .......... .......... .......... .......... .......... 14% 2.89M 80s
 37200K .......... .......... .......... .......... .......... 14% 2.43M 80s
 37250K .......... .......... .......... .......... .......... 14% 2.88M 80s
 37300K .......... .......... .......... .......... .......... 14% 2.88M 80s
 37350K .......... .......... .......... .......... .......... 14% 2.91M 80s
 37400K .......... .......... .......... .......... .......... 14% 2.55M 80s
 37450K .......... .......... .......... .......... .......... 14% 2.84M 80s
 37500K .......... .......... .......... .......... .......... 14% 2.87M 80s
 37550K .......... .......... .......... .......... .......... 14% 2.80M 80s
 37600K .......... .......... .......... .......... .......... 14% 1.95M 80s
 37650K .......... .......... .......... .......... .......... 14% 2.63M 80s
 37700K .......... .......... .......... .......... .......... 14% 2.45M 80s
 37750K .......... .......... .......... .......... .......... 14% 2.67M 80s
 37800K .......... .......... .......... .......... .......... 14% 2.46M 80s
 37850K .......... .......... .......... .......... .......... 15% 2.88M 80s
 37900K .......... .......... .......... .......... .......... 15% 2.83M 80s
 37950K .......... .......... .......... .......... .......... 15% 2.68M 80s
 38000K .......... .......... .......... .......... .......... 15% 2.39M 80s
 38050K .......... .......... .......... .......... .......... 15% 2.83M 80s
 38100K .......... .......... .......... .......... .......... 15% 2.74M 80s
 38150K .......... .......... .......... .......... .......... 15% 2.13M 80s
 38200K .......... .......... .......... .......... .......... 15% 2.77M 80s
 38250K .......... .......... .......... .......... .......... 15% 2.64M 80s
 38300K .......... .......... .......... .......... .......... 15% 2.81M 80s
 38350K .......... .......... .......... .......... .......... 15% 2.27M 80s
 38400K .......... .......... .......... .......... .......... 15% 2.82M 80s
 38450K .......... .......... .......... .......... .......... 15% 2.79M 80s
 38500K .......... .......... .......... .......... .......... 15% 2.78M 80s
 38550K .......... .......... .......... .......... .......... 15% 2.48M 80s
 38600K .......... .......... .......... .......... .......... 15% 2.72M 80s
 38650K .......... .......... .......... .......... .......... 15% 2.69M 80s
 38700K .......... .......... .......... .......... .......... 15% 2.57M 80s
 38750K .......... .......... .......... .......... .......... 15% 2.40M 80s
 38800K .......... .......... .......... .......... .......... 15% 2.78M 80s
 38850K .......... .......... .......... .......... .......... 15% 2.69M 80s
 38900K .......... .......... .......... .......... .......... 15% 2.75M 80s
 38950K .......... .......... .......... .......... .......... 15% 2.43M 80s
 39000K .......... .......... .......... .......... .......... 15% 2.66M 80s
 39050K .......... .......... .......... .......... .......... 15% 2.73M 80s
 39100K .......... .......... .......... .......... .......... 15% 2.70M 80s
 39150K .......... .......... .......... .......... .......... 15% 2.54M 80s
 39200K .......... .......... .......... .......... .......... 15% 2.35M 80s
 39250K .......... .......... .......... .......... .......... 15% 2.64M 80s
 39300K .......... .......... .......... .......... .......... 15% 2.71M 80s
 39350K .......... .......... .......... .......... .......... 15% 2.88M 80s
 39400K .......... .......... .......... .......... .......... 15% 2.40M 80s
 39450K .......... .......... .......... .......... .......... 15% 2.71M 80s
 39500K .......... .......... .......... .......... .......... 15% 2.64M 80s
 39550K .......... .......... .......... .......... .......... 15% 2.70M 80s
 39600K .......... .......... .......... .......... .......... 15% 2.44M 80s
 39650K .......... .......... .......... .......... .......... 15% 2.80M 80s
 39700K .......... .......... .......... .......... .......... 15% 2.77M 79s
 39750K .......... .......... .......... .......... .......... 15% 2.59M 79s
 39800K .......... .......... .......... .......... .......... 15% 2.46M 79s
 39850K .......... .......... .......... .......... .......... 15% 3.09M 79s
 39900K .......... .......... .......... .......... .......... 15% 2.48M 79s
 39950K .......... .......... .......... .......... .......... 15% 2.81M 79s
 40000K .......... .......... .......... .......... .......... 15% 2.80M 79s
 40050K .......... .......... .......... .......... .......... 15% 2.80M 79s
 40100K .......... .......... .......... .......... .......... 15% 2.52M 79s
 40150K .......... .......... .......... .......... .......... 15% 2.82M 79s
 40200K .......... .......... .......... .......... .......... 15% 2.81M 79s
 40250K .......... .......... .......... .......... .......... 15% 2.73M 79s
 40300K .......... .......... .......... .......... .......... 15% 2.51M 79s
 40350K .......... .......... .......... .......... .......... 15% 2.79M 79s
 40400K .......... .......... .......... .......... .......... 16% 2.87M 79s
 40450K .......... .......... .......... .......... .......... 16% 2.77M 79s
 40500K .......... .......... .......... .......... .......... 16% 2.47M 79s
 40550K .......... .......... .......... .......... .......... 16% 3.16M 79s
 40600K .......... .......... .......... .......... .......... 16% 2.49M 79s
 40650K .......... .......... .......... .......... .......... 16% 2.78M 79s
 40700K .......... .......... .......... .......... .......... 16% 2.74M 79s
 40750K .......... .......... .......... .......... .......... 16% 2.83M 79s
 40800K .......... .......... .......... .......... .......... 16% 2.53M 79s
 40850K .......... .......... .......... .......... .......... 16% 2.84M 79s
 40900K .......... .......... .......... .......... .......... 16% 2.81M 79s
 40950K .......... .......... .......... .......... .......... 16% 2.58M 79s
 41000K .......... .......... .......... .......... .......... 16% 2.82M 79s
 41050K .......... .......... .......... .......... .......... 16% 2.77M 79s
 41100K .......... .......... .......... .......... .......... 16% 2.86M 79s
 41150K .......... .......... .......... .......... .......... 16% 2.42M 79s
 41200K .......... .......... .......... .......... .......... 16% 2.73M 79s
 41250K .......... .......... .......... .......... .......... 16% 2.81M 79s
 41300K .......... .......... .......... .......... .......... 16% 2.80M 79s
 41350K .......... .......... .......... .......... .......... 16% 2.47M 79s
 41400K .......... .......... .......... .......... .......... 16% 2.76M 79s
 41450K .......... .......... .......... .......... .......... 16% 2.83M 79s
 41500K .......... .......... .......... .......... .......... 16% 2.80M 79s
 41550K .......... .......... .......... .......... .......... 16% 2.37M 79s
 41600K .......... .......... .......... .......... .......... 16% 2.69M 79s
 41650K .......... .......... .......... .......... .......... 16% 2.80M 79s
 41700K .......... .......... .......... .......... .......... 16% 2.85M 79s
 41750K .......... .......... .......... .......... .......... 16% 2.41M 79s
 41800K .......... .......... .......... .......... .......... 16% 2.82M 79s
 41850K .......... .......... .......... .......... .......... 16% 2.69M 79s
 41900K .......... .......... .......... .......... .......... 16% 2.76M 79s
 41950K .......... .......... .......... .......... .......... 16% 2.89M 78s
 42000K .......... .......... .......... .......... .......... 16% 2.40M 78s
 42050K .......... .......... .......... .......... .......... 16% 2.81M 78s
 42100K .......... .......... .......... .......... .......... 16% 2.83M 78s
 42150K .......... .......... .......... .......... .......... 16% 2.71M 78s
 42200K .......... .......... .......... .......... .......... 16% 2.50M 78s
 42250K .......... .......... .......... .......... .......... 16% 2.80M 78s
 42300K .......... .......... .......... .......... .......... 16% 2.81M 78s
 42350K .......... .......... .......... .......... .......... 16% 2.75M 78s
 42400K .......... .......... .......... .......... .......... 16% 2.47M 78s
 42450K .......... .......... .......... .......... .......... 16% 2.79M 78s
 42500K .......... .......... .......... .......... .......... 16% 2.76M 78s
 42550K .......... .......... .......... .......... .......... 16% 2.73M 78s
 42600K .......... .......... .......... .......... .......... 16% 2.42M 78s
 42650K .......... .......... .......... .......... .......... 16% 2.83M 78s
 42700K .......... .......... .......... .......... .......... 16% 2.76M 78s
 42750K .......... .......... .......... .......... .......... 16% 2.78M 78s
 42800K .......... .......... .......... .......... .......... 16% 2.51M 78s
 42850K .......... .......... .......... .......... .......... 16% 2.83M 78s
 42900K .......... .......... .......... .......... .......... 17% 2.84M 78s
 42950K .......... .......... .......... .......... .......... 17% 2.80M 78s
 43000K .......... .......... .......... .......... .......... 17% 2.43M 78s
 43050K .......... .......... .......... .......... .......... 17% 2.77M 78s
 43100K .......... .......... .......... .......... .......... 17% 2.78M 78s
 43150K .......... .......... .......... .......... .......... 17% 2.79M 78s
 43200K .......... .......... .......... .......... .......... 17% 2.45M 78s
 43250K .......... .......... .......... .......... .......... 17% 2.77M 78s
 43300K .......... .......... .......... .......... .......... 17% 2.79M 78s
 43350K .......... .......... .......... .......... .......... 17% 2.78M 78s
 43400K .......... .......... .......... .......... .......... 17% 2.43M 78s
 43450K .......... .......... .......... .......... .......... 17% 2.84M 78s
 43500K .......... .......... .......... .......... .......... 17% 2.77M 78s
 43550K .......... .......... .......... .......... .......... 17% 2.84M 78s
 43600K .......... .......... .......... .......... .......... 17% 2.46M 78s
 43650K .......... .......... .......... .......... .......... 17% 2.81M 78s
 43700K .......... .......... .......... .......... .......... 17% 2.71M 78s
 43750K .......... .......... .......... .......... .......... 17% 2.74M 78s
 43800K .......... .......... .......... .......... .......... 17% 2.44M 78s
 43850K .......... .......... .......... .......... .......... 17% 2.79M 78s
 43900K .......... .......... .......... .......... .......... 17% 2.79M 78s
 43950K .......... .......... .......... .......... .......... 17% 2.55M 78s
 44000K .......... .......... .......... .......... .......... 17% 2.83M 78s
 44050K .......... .......... .......... .......... .......... 17% 2.78M 78s
 44100K .......... .......... .......... .......... .......... 17% 2.85M 78s
 44150K .......... .......... .......... .......... .......... 17% 2.43M 78s
 44200K .......... .......... .......... .......... .......... 17% 2.82M 78s
 44250K .......... .......... .......... .......... .......... 17% 2.73M 78s
 44300K .......... .......... .......... .......... .......... 17% 2.71M 78s
 44350K .......... .......... .......... .......... .......... 17% 2.80M 77s
 44400K .......... .......... .......... .......... .......... 17% 2.49M 77s
 44450K .......... .......... .......... .......... .......... 17% 2.71M 77s
 44500K .......... .......... .......... .......... .......... 17% 2.70M 77s
 44550K .......... .......... .......... .......... .......... 17% 2.70M 77s
 44600K .......... .......... .......... .......... .......... 17% 2.85M 77s
 44650K .......... .......... .......... .......... .......... 17% 2.40M 77s
 44700K .......... .......... .......... .......... .......... 17% 2.84M 77s
 44750K .......... .......... .......... .......... .......... 17% 2.79M 77s
 44800K .......... .......... .......... .......... .......... 17% 2.76M 77s
 44850K .......... .......... .......... .......... .......... 17% 2.80M 77s
 44900K .......... .......... .......... .......... .......... 17% 2.39M 77s
 44950K .......... .......... .......... .......... .......... 17% 2.83M 77s
 45000K .......... .......... .......... .......... .......... 17% 2.84M 77s
 45050K .......... .......... .......... .......... .......... 17% 2.79M 77s
 45100K .......... .......... .......... .......... .......... 17% 2.44M 77s
 45150K .......... .......... .......... .......... .......... 17% 2.66M 77s
 45200K .......... .......... .......... .......... .......... 17% 2.77M 77s
 45250K .......... .......... .......... .......... .......... 17% 2.86M 77s
 45300K .......... .......... .......... .......... .......... 17% 2.45M 77s
 45350K .......... .......... .......... .......... .......... 17% 2.88M 77s
 45400K .......... .......... .......... .......... .......... 17% 2.46M 77s
 45450K .......... .......... .......... .......... .......... 18% 2.80M 77s
 45500K .......... .......... .......... .......... .......... 18% 2.83M 77s
 45550K .......... .......... .......... .......... .......... 18% 2.81M 77s
 45600K .......... .......... .......... .......... .......... 18% 2.45M 77s
 45650K .......... .......... .......... .......... .......... 18% 2.73M 77s
 45700K .......... .......... .......... .......... .......... 18% 2.80M 77s
 45750K .......... .......... .......... .......... .......... 18% 2.82M 77s
 45800K .......... .......... .......... .......... .......... 18% 2.45M 77s
 45850K .......... .......... .......... .......... .......... 18% 2.85M 77s
 45900K .......... .......... .......... .......... .......... 18% 2.79M 77s
 45950K .......... .......... .......... .......... .......... 18% 2.82M 77s
 46000K .......... .......... .......... .......... .......... 18% 2.45M 77s
 46050K .......... .......... .......... .......... .......... 18% 2.85M 77s
 46100K .......... .......... .......... .......... .......... 18% 2.76M 77s
 46150K .......... .......... .......... .......... .......... 18% 2.91M 77s
 46200K .......... .......... .......... .......... .......... 18% 2.47M 77s
 46250K .......... .......... .......... .......... .......... 18% 2.79M 77s
 46300K .......... .......... .......... .......... .......... 18% 2.86M 77s
 46350K .......... .......... .......... .......... .......... 18% 2.91M 77s
 46400K .......... .......... .......... .......... .......... 18% 2.49M 77s
 46450K .......... .......... .......... .......... .......... 18% 2.79M 77s
 46500K .......... .......... .......... .......... .......... 18% 2.80M 77s
 46550K .......... .......... .......... .......... .......... 18% 2.78M 77s
 46600K .......... .......... .......... .......... .......... 18% 2.36M 77s
 46650K .......... .......... .......... .......... .......... 18% 2.79M 77s
 46700K .......... .......... .......... .......... .......... 18% 2.86M 76s
 46750K .......... .......... .......... .......... .......... 18% 2.84M 76s
 46800K .......... .......... .......... .......... .......... 18% 2.51M 76s
 46850K .......... .......... .......... .......... .......... 18% 2.75M 76s
 46900K .......... .......... .......... .......... .......... 18% 2.84M 76s
 46950K .......... .......... .......... .......... .......... 18% 2.73M 76s
 47000K .......... .......... .......... .......... .......... 18% 2.24M 76s
 47050K .......... .......... .......... .......... .......... 18% 2.82M 76s
 47100K .......... .......... .......... .......... .......... 18% 2.85M 76s
 47150K .......... .......... .......... .......... .......... 18% 2.75M 76s
 47200K .......... .......... .......... .......... .......... 18% 2.46M 76s
 47250K .......... .......... .......... .......... .......... 18% 2.83M 76s
 47300K .......... .......... .......... .......... .......... 18% 2.74M 76s
 47350K .......... .......... .......... .......... .......... 18% 2.79M 76s
 47400K .......... .......... .......... .......... .......... 18% 2.47M 76s
 47450K .......... .......... .......... .......... .......... 18% 2.80M 76s
 47500K .......... .......... .......... .......... .......... 18% 2.82M 76s
 47550K .......... .......... .......... .......... .......... 18% 2.78M 76s
 47600K .......... .......... .......... .......... .......... 18% 2.47M 76s
 47650K .......... .......... .......... .......... .......... 18% 2.67M 76s
 47700K .......... .......... .......... .......... .......... 18% 2.88M 76s
 47750K .......... .......... .......... .......... .......... 18% 2.78M 76s
 47800K .......... .......... .......... .......... .......... 18% 2.70M 76s
 47850K .......... .......... .......... .......... .......... 18% 2.56M 76s
 47900K .......... .......... .......... .......... .......... 18% 2.77M 76s
 47950K .......... .......... .......... .......... .......... 19% 2.78M 76s
 48000K .......... .......... .......... .......... .......... 19% 2.38M 76s
 48050K .......... .......... .......... .......... .......... 19% 2.81M 76s
 48100K .......... .......... .......... .......... .......... 19% 2.84M 76s
 48150K .......... .......... .......... .......... .......... 19% 2.83M 76s
 48200K .......... .......... .......... .......... .......... 19% 2.43M 76s
 48250K .......... .......... .......... .......... .......... 19% 2.82M 76s
 48300K .......... .......... .......... .......... .......... 19% 2.73M 76s
 48350K .......... .......... .......... .......... .......... 19% 2.70M 76s
 48400K .......... .......... .......... .......... .......... 19% 2.45M 76s
 48450K .......... .......... .......... .......... .......... 19% 2.73M 76s
 48500K .......... .......... .......... .......... .......... 19% 2.89M 76s
 48550K .......... .......... .......... .......... .......... 19% 2.79M 76s
 48600K .......... .......... .......... .......... .......... 19% 2.72M 76s
 48650K .......... .......... .......... .......... .......... 19% 2.50M 76s
 48700K .......... .......... .......... .......... .......... 19% 2.78M 76s
 48750K .......... .......... .......... .......... .......... 19% 2.88M 76s
 48800K .......... .......... .......... .......... .......... 19% 2.73M 76s
 48850K .......... .......... .......... .......... .......... 19% 2.42M 76s
 48900K .......... .......... .......... .......... .......... 19% 2.81M 76s
 48950K .......... .......... .......... .......... .......... 19% 2.79M 76s
 49000K .......... .......... .......... .......... .......... 19% 2.80M 76s
 49050K .......... .......... .......... .......... .......... 19% 2.49M 76s
 49100K .......... .......... .......... .......... .......... 19% 2.83M 76s
 49150K .......... .......... .......... .......... .......... 19% 2.85M 75s
 49200K .......... .......... .......... .......... .......... 19% 2.87M 75s
 49250K .......... .......... .......... .......... .......... 19% 2.73M 75s
 49300K .......... .......... .......... .......... .......... 19% 2.83M 75s
 49350K .......... .......... .......... .......... .......... 19% 2.40M 75s
 49400K .......... .......... .......... .......... .......... 19% 2.73M 75s
 49450K .......... .......... .......... .......... .......... 19% 2.86M 75s
 49500K .......... .......... .......... .......... .......... 19% 2.73M 75s
 49550K .......... .......... .......... .......... .......... 19% 2.87M 75s
 49600K .......... .......... .......... .......... .......... 19% 2.45M 75s
 49650K .......... .......... .......... .......... .......... 19% 2.80M 75s
 49700K .......... .......... .......... .......... .......... 19% 2.79M 75s
 49750K .......... .......... .......... .......... .......... 19% 2.85M 75s
 49800K .......... .......... .......... .......... .......... 19% 2.54M 75s
 49850K .......... .......... .......... .......... .......... 19% 2.83M 75s
 49900K .......... .......... .......... .......... .......... 19% 2.76M 75s
 49950K .......... .......... .......... .......... .......... 19% 2.81M 75s
 50000K .......... .......... .......... .......... .......... 19% 2.48M 75s
 50050K .......... .......... .......... .......... .......... 19% 2.72M 75s
 50100K .......... .......... .......... .......... .......... 19% 2.82M 75s
 50150K .......... .......... .......... .......... .......... 19% 2.48M 75s
 50200K .......... .......... .......... .......... .......... 19% 2.81M 75s
 50250K .......... .......... .......... .......... .......... 19% 2.90M 75s
 50300K .......... .......... .......... .......... .......... 19% 2.82M 75s
 50350K .......... .......... .......... .......... .......... 19% 2.56M 75s
 50400K .......... .......... .......... .......... .......... 19% 2.88M 75s
 50450K .......... .......... .......... .......... .......... 19% 2.75M 75s
 50500K .......... .......... .......... .......... .......... 20% 2.87M 75s
 50550K .......... .......... .......... .......... .......... 20% 2.77M 75s
 50600K .......... .......... .......... .......... .......... 20% 2.49M 75s
 50650K .......... .......... .......... .......... .......... 20% 2.90M 75s
 50700K .......... .......... .......... .......... .......... 20% 2.89M 75s
 50750K .......... .......... .......... .......... .......... 20% 2.73M 75s
 50800K .......... .......... .......... .......... .......... 20% 2.42M 75s
 50850K .......... .......... .......... .......... .......... 20% 2.85M 75s
 50900K .......... .......... .......... .......... .......... 20% 2.80M 75s
 50950K .......... .......... .......... .......... .......... 20% 2.93M 75s
 51000K .......... .......... .......... .......... .......... 20% 2.47M 75s
 51050K .......... .......... .......... .......... .......... 20% 2.92M 75s
 51100K .......... .......... .......... .......... .......... 20% 2.80M 75s
 51150K .......... .......... .......... .......... .......... 20% 2.80M 75s
 51200K .......... .......... .......... .......... .......... 20% 2.74M 75s
 51250K .......... .......... .......... .......... .......... 20% 2.87M 75s
 51300K .......... .......... .......... .......... .......... 20% 2.88M 75s
 51350K .......... .......... .......... .......... .......... 20% 2.40M 75s
 51400K .......... .......... .......... .......... .......... 20% 2.82M 75s
 51450K .......... .......... .......... .......... .......... 20% 2.77M 75s
 51500K .......... .......... .......... .......... .......... 20% 2.82M 74s
 51550K .......... .......... .......... .......... .......... 20% 2.44M 74s
 51600K .......... .......... .......... .......... .......... 20% 2.84M 74s
 51650K .......... .......... .......... .......... .......... 20% 2.87M 74s
 51700K .......... .......... .......... .......... .......... 20% 2.85M 74s
 51750K .......... .......... .......... .......... .......... 20% 2.44M 74s
 51800K .......... .......... .......... .......... .......... 20% 2.80M 74s
 51850K .......... .......... .......... .......... .......... 20% 2.90M 74s
 51900K .......... .......... .......... .......... .......... 20% 2.85M 74s
 51950K .......... .......... .......... .......... .......... 20% 2.45M 74s
 52000K .......... .......... .......... .......... .......... 20% 2.73M 74s
 52050K .......... .......... .......... .......... .......... 20% 2.80M 74s
 52100K .......... .......... .......... .......... .......... 20% 2.74M 74s
 52150K .......... .......... .......... .......... .......... 20% 2.48M 74s
 52200K .......... .......... .......... .......... .......... 20% 2.85M 74s
 52250K .......... .......... .......... .......... .......... 20% 2.83M 74s
 52300K .......... .......... .......... .......... .......... 20% 2.87M 74s
 52350K .......... .......... .......... .......... .......... 20% 2.39M 74s
 52400K .......... .......... .......... .......... .......... 20% 2.71M 74s
 52450K .......... .......... .......... .......... .......... 20% 2.77M 74s
 52500K .......... .......... .......... .......... .......... 20% 2.74M 74s
 52550K .......... .......... .......... .......... .......... 20% 2.52M 74s
 52600K .......... .......... .......... .......... .......... 20% 2.85M 74s
 52650K .......... .......... .......... .......... .......... 20% 2.83M 74s
 52700K .......... .......... .......... .......... .......... 20% 2.78M 74s
 52750K .......... .......... .......... .......... .......... 20% 2.45M 74s
 52800K .......... .......... .......... .......... .......... 20% 2.84M 74s
 52850K .......... .......... .......... .......... .......... 20% 2.85M 74s
 52900K .......... .......... .......... .......... .......... 20% 2.89M 74s
 52950K .......... .......... .......... .......... .......... 20% 2.49M 74s
 53000K .......... .......... .......... .......... .......... 21% 2.85M 74s
 53050K .......... .......... .......... .......... .......... 21% 2.82M 74s
 53100K .......... .......... .......... .......... .......... 21% 1.93M 74s
 53150K .......... .......... .......... .......... .......... 21% 2.25M 74s
 53200K .......... .......... .......... .......... .......... 21% 2.43M 74s
 53250K .......... .......... .......... .......... .......... 21% 2.75M 74s
 53300K .......... .......... .......... .......... .......... 21% 2.65M 74s
 53350K .......... .......... .......... .......... .......... 21% 2.37M 74s
 53400K .......... .......... .......... .......... .......... 21% 2.67M 74s
 53450K .......... .......... .......... .......... .......... 21% 2.68M 74s
 53500K .......... .......... .......... .......... .......... 21% 2.62M 74s
 53550K .......... .......... .......... .......... .......... 21% 2.31M 74s
 53600K .......... .......... .......... .......... .......... 21% 2.60M 74s
 53650K .......... .......... .......... .......... .......... 21% 2.75M 74s
 53700K .......... .......... .......... .......... .......... 21% 2.80M 74s
 53750K .......... .......... .......... .......... .......... 21% 2.30M 74s
 53800K .......... .......... .......... .......... .......... 21% 2.82M 74s
 53850K .......... .......... .......... .......... .......... 21% 2.89M 74s
 53900K .......... .......... .......... .......... .......... 21% 2.87M 74s
 53950K .......... .......... .......... .......... .......... 21% 2.51M 74s
 54000K .......... .......... .......... .......... .......... 21% 2.82M 74s
 54050K .......... .......... .......... .......... .......... 21% 2.81M 74s
 54100K .......... .......... .......... .......... .......... 21% 2.85M 73s
 54150K .......... .......... .......... .......... .......... 21% 2.48M 73s
 54200K .......... .......... .......... .......... .......... 21% 2.83M 73s
 54250K .......... .......... .......... .......... .......... 21% 2.79M 73s
 54300K .......... .......... .......... .......... .......... 21% 2.82M 73s
 54350K .......... .......... .......... .......... .......... 21% 2.46M 73s
 54400K .......... .......... .......... .......... .......... 21% 2.72M 73s
 54450K .......... .......... .......... .......... .......... 21% 2.86M 73s
 54500K .......... .......... .......... .......... .......... 21% 2.82M 73s
 54550K .......... .......... .......... .......... .......... 21% 2.44M 73s
 54600K .......... .......... .......... .......... .......... 21% 2.85M 73s
 54650K .......... .......... .......... .......... .......... 21% 2.81M 73s
 54700K .......... .......... .......... .......... .......... 21% 2.89M 73s
 54750K .......... .......... .......... .......... .......... 21% 2.53M 73s
 54800K .......... .......... .......... .......... .......... 21% 2.79M 73s
 54850K .......... .......... .......... .......... .......... 21% 2.81M 73s
 54900K .......... .......... .......... .......... .......... 21% 2.78M 73s
 54950K .......... .......... .......... .......... .......... 21% 2.44M 73s
 55000K .......... .......... .......... .......... .......... 21% 2.66M 73s
 55050K .......... .......... .......... .......... .......... 21% 2.85M 73s
 55100K .......... .......... .......... .......... .......... 21% 2.77M 73s
 55150K .......... .......... .......... .......... .......... 21% 2.51M 73s
 55200K .......... .......... .......... .......... .......... 21% 2.83M 73s
 55250K .......... .......... .......... .......... .......... 21% 2.80M 73s
 55300K .......... .......... .......... .......... .......... 21% 2.88M 73s
 55350K .......... .......... .......... .......... .......... 21% 2.50M 73s
 55400K .......... .......... .......... .......... .......... 21% 2.79M 73s
 55450K .......... .......... .......... .......... .......... 21% 2.82M 73s
 55500K .......... .......... .......... .......... .......... 21% 2.80M 73s
 55550K .......... .......... .......... .......... .......... 22% 2.47M 73s
 55600K .......... .......... .......... .......... .......... 22% 2.58M 73s
 55650K .......... .......... .......... .......... .......... 22% 2.85M 73s
 55700K .......... .......... .......... .......... .......... 22% 2.81M 73s
 55750K .......... .......... .......... .......... .......... 22% 2.38M 73s
 55800K .......... .......... .......... .......... .......... 22% 2.85M 73s
 55850K .......... .......... .......... .......... .......... 22% 2.83M 73s
 55900K .......... .......... .......... .......... .......... 22% 2.82M 73s
 55950K .......... .......... .......... .......... .......... 22% 2.49M 73s
 56000K .......... .......... .......... .......... .......... 22% 2.71M 73s
 56050K .......... .......... .......... .......... .......... 22% 2.91M 73s
 56100K .......... .......... .......... .......... .......... 22% 2.85M 73s
 56150K .......... .......... .......... .......... .......... 22% 2.51M 73s
 56200K .......... .......... .......... .......... .......... 22% 2.86M 73s
 56250K .......... .......... .......... .......... .......... 22% 2.81M 73s
 56300K .......... .......... .......... .......... .......... 22% 2.81M 73s
 56350K .......... .......... .......... .......... .......... 22% 2.40M 73s
 56400K .......... .......... .......... .......... .......... 22% 2.71M 73s
 56450K .......... .......... .......... .......... .......... 22% 2.74M 73s
 56500K .......... .......... .......... .......... .......... 22% 2.72M 73s
 56550K .......... .......... .......... .......... .......... 22% 2.41M 73s
 56600K .......... .......... .......... .......... .......... 22% 2.73M 72s
 56650K .......... .......... .......... .......... .......... 22% 2.56M 72s
 56700K .......... .......... .......... .......... .......... 22% 2.69M 72s
 56750K .......... .......... .......... .......... .......... 22% 2.44M 72s
 56800K .......... .......... .......... .......... .......... 22% 2.63M 72s
 56850K .......... .......... .......... .......... .......... 22% 2.71M 72s
 56900K .......... .......... .......... .......... .......... 22% 2.73M 72s
 56950K .......... .......... .......... .......... .......... 22% 2.41M 72s
 57000K .......... .......... .......... .......... .......... 22% 2.78M 72s
 57050K .......... .......... .......... .......... .......... 22% 2.73M 72s
 57100K .......... .......... .......... .......... .......... 22% 2.74M 72s
 57150K .......... .......... .......... .......... .......... 22% 2.41M 72s
 57200K .......... .......... .......... .......... .......... 22% 2.79M 72s
 57250K .......... .......... .......... .......... .......... 22% 2.60M 72s
 57300K .......... .......... .......... .......... .......... 22% 2.64M 72s
 57350K .......... .......... .......... .......... .......... 22% 2.33M 72s
 57400K .......... .......... .......... .......... .......... 22% 2.58M 72s
 57450K .......... .......... .......... .......... .......... 22% 2.78M 72s
 57500K .......... .......... .......... .......... .......... 22% 2.78M 72s
 57550K .......... .......... .......... .......... .......... 22% 1.87M 72s
 57600K .......... .......... .......... .......... .......... 22% 2.70M 72s
 57650K .......... .......... .......... .......... .......... 22% 2.67M 72s
 57700K .......... .......... .......... .......... .......... 22% 2.58M 72s
 57750K .......... .......... .......... .......... .......... 22% 2.70M 72s
 57800K .......... .......... .......... .......... .......... 22% 2.29M 72s
 57850K .......... .......... .......... .......... .......... 22% 2.53M 72s
 57900K .......... .......... .......... .......... .......... 22% 2.60M 72s
 57950K .......... .......... .......... .......... .......... 22% 2.50M 72s
 58000K .......... .......... .......... .......... .......... 22% 2.66M 72s
 58050K .......... .......... .......... .......... .......... 23% 2.48M 72s
 58100K .......... .......... .......... .......... .......... 23% 2.28M 72s
 58150K .......... .......... .......... .......... .......... 23% 2.66M 72s
 58200K .......... .......... .......... .......... .......... 23% 2.77M 72s
 58250K .......... .......... .......... .......... .......... 23% 2.60M 72s
 58300K .......... .......... .......... .......... .......... 23% 2.33M 72s
 58350K .......... .......... .......... .......... .......... 23% 2.99M 72s
 58400K .......... .......... .......... .......... .......... 23% 2.38M 72s
 58450K .......... .......... .......... .......... .......... 23% 2.73M 72s
 58500K .......... .......... .......... .......... .......... 23% 2.41M 72s
 58550K .......... .......... .......... .......... .......... 23% 2.69M 72s
 58600K .......... .......... .......... .......... .......... 23% 2.45M 72s
 58650K .......... .......... .......... .......... .......... 23% 2.73M 72s
 58700K .......... .......... .......... .......... .......... 23% 2.72M 72s
 58750K .......... .......... .......... .......... .......... 23% 2.75M 72s
 58800K .......... .......... .......... .......... .......... 23% 2.39M 72s
 58850K .......... .......... .......... .......... .......... 23% 2.59M 72s
 58900K .......... .......... .......... .......... .......... 23% 2.68M 72s
 58950K .......... .......... .......... .......... .......... 23% 2.64M 72s
 59000K .......... .......... .......... .......... .......... 23% 2.32M 72s
 59050K .......... .......... .......... .......... .......... 23% 2.56M 72s
 59100K .......... .......... .......... .......... .......... 23% 2.54M 72s
 59150K .......... .......... .......... .......... .......... 23% 2.53M 72s
 59200K .......... .......... .......... .......... .......... 23% 2.26M 72s
 59250K .......... .......... .......... .......... .......... 23% 2.54M 72s
 59300K .......... .......... .......... .......... .......... 23% 2.63M 72s
 59350K .......... .......... .......... .......... .......... 23% 2.72M 72s
 59400K .......... .......... .......... .......... .......... 23% 2.30M 72s
 59450K .......... .......... .......... .......... .......... 23% 2.66M 72s
 59500K .......... .......... .......... .......... .......... 23% 2.61M 72s
 59550K .......... .......... .......... .......... .......... 23% 2.64M 71s
 59600K .......... .......... .......... .......... .......... 23% 2.24M 71s
 59650K .......... .......... .......... .......... .......... 23% 2.55M 71s
 59700K .......... .......... .......... .......... .......... 23% 2.80M 71s
 59750K .......... .......... .......... .......... .......... 23% 2.77M 71s
 59800K .......... .......... .......... .......... .......... 23% 2.44M 71s
 59850K .......... .......... .......... .......... .......... 23% 2.74M 71s
 59900K .......... .......... .......... .......... .......... 23% 2.76M 71s
 59950K .......... .......... .......... .......... .......... 23% 2.76M 71s
 60000K .......... .......... .......... .......... .......... 23% 2.36M 71s
 60050K .......... .......... .......... .......... .......... 23% 2.73M 71s
 60100K .......... .......... .......... .......... .......... 23% 2.76M 71s
 60150K .......... .......... .......... .......... .......... 23% 2.71M 71s
 60200K .......... .......... .......... .......... .......... 23% 2.26M 71s
 60250K .......... .......... .......... .......... .......... 23% 2.55M 71s
 60300K .......... .......... .......... .......... .......... 23% 2.61M 71s
 60350K .......... .......... .......... .......... .......... 23% 1.84M 71s
 60400K .......... .......... .......... .......... .......... 23% 2.19M 71s
 60450K .......... .......... .......... .......... .......... 23% 2.41M 71s
 60500K .......... .......... .......... .......... .......... 23% 2.47M 71s
 60550K .......... .......... .......... .......... .......... 23% 2.57M 71s
 60600K .......... .......... .......... .......... .......... 24% 2.35M 71s
 60650K .......... .......... .......... .......... .......... 24% 2.64M 71s
 60700K .......... .......... .......... .......... .......... 24% 2.61M 71s
 60750K .......... .......... .......... .......... .......... 24% 2.42M 71s
 60800K .......... .......... .......... .......... .......... 24% 2.57M 71s
 60850K .......... .......... .......... .......... .......... 24% 2.55M 71s
 60900K .......... .......... .......... .......... .......... 24% 2.39M 71s
 60950K .......... .......... .......... .......... .......... 24% 2.74M 71s
 61000K .......... .......... .......... .......... .......... 24% 2.65M 71s
 61050K .......... .......... .......... .......... .......... 24% 2.67M 71s
 61100K .......... .......... .......... .......... .......... 24% 2.25M 71s
 61150K .......... .......... .......... .......... .......... 24% 2.66M 71s
 61200K .......... .......... .......... .......... .......... 24% 2.80M 71s
 61250K .......... .......... .......... .......... .......... 24% 2.78M 71s
 61300K .......... .......... .......... .......... .......... 24% 2.69M 71s
 61350K .......... .......... .......... .......... .......... 24% 2.31M 71s
 61400K .......... .......... .......... .......... .......... 24% 2.53M 71s
 61450K .......... .......... .......... .......... .......... 24% 2.72M 71s
 61500K .......... .......... .......... .......... .......... 24% 2.50M 71s
 61550K .......... .......... .......... .......... .......... 24% 2.32M 71s
 61600K .......... .......... .......... .......... .......... 24% 2.72M 71s
 61650K .......... .......... .......... .......... .......... 24% 2.74M 71s
 61700K .......... .......... .......... .......... .......... 24% 2.79M 71s
 61750K .......... .......... .......... .......... .......... 24% 2.41M 71s
 61800K .......... .......... .......... .......... .......... 24% 2.56M 71s
 61850K .......... .......... .......... .......... .......... 24% 2.63M 71s
 61900K .......... .......... .......... .......... .......... 24% 2.66M 71s
 61950K .......... .......... .......... .......... .......... 24% 2.70M 71s
 62000K .......... .......... .......... .......... .......... 24% 2.39M 71s
 62050K .......... .......... .......... .......... .......... 24% 2.74M 71s
 62100K .......... .......... .......... .......... .......... 24% 2.72M 71s
 62150K .......... .......... .......... .......... .......... 24% 2.67M 71s
 62200K .......... .......... .......... .......... .......... 24% 2.30M 71s
 62250K .......... .......... .......... .......... .......... 24% 2.52M 71s
 62300K .......... .......... .......... .......... .......... 24% 2.68M 71s
 62350K .......... .......... .......... .......... .......... 24% 2.71M 71s
 62400K .......... .......... .......... .......... .......... 24% 2.29M 71s
 62450K .......... .......... .......... .......... .......... 24% 2.51M 71s
 62500K .......... .......... .......... .......... .......... 24% 2.61M 71s
 62550K .......... .......... .......... .......... .......... 24% 2.60M 71s
 62600K .......... .......... .......... .......... .......... 24% 2.27M 70s
 62650K .......... .......... .......... .......... .......... 24% 2.60M 70s
 62700K .......... .......... .......... .......... .......... 24% 2.66M 70s
 62750K .......... .......... .......... .......... .......... 24% 2.59M 70s
 62800K .......... .......... .......... .......... .......... 24% 2.29M 70s
 62850K .......... .......... .......... .......... .......... 24% 2.68M 70s
 62900K .......... .......... .......... .......... .......... 24% 2.65M 70s
 62950K .......... .......... .......... .......... .......... 24% 2.59M 70s
 63000K .......... .......... .......... .......... .......... 24% 1.79M 70s
 63050K .......... .......... .......... .......... .......... 24% 2.62M 70s
 63100K .......... .......... .......... .......... .......... 25% 2.55M 70s
 63150K .......... .......... .......... .......... .......... 25% 2.48M 70s
 63200K .......... .......... .......... .......... .......... 25% 2.35M 70s
 63250K .......... .......... .......... .......... .......... 25% 2.74M 70s
 63300K .......... .......... .......... .......... .......... 25% 2.54M 70s
 63350K .......... .......... .......... .......... .......... 25% 2.61M 70s
 63400K .......... .......... .......... .......... .......... 25% 2.34M 70s
 63450K .......... .......... .......... .......... .......... 25% 2.61M 70s
 63500K .......... .......... .......... .......... .......... 25% 2.62M 70s
 63550K .......... .......... .......... .......... .......... 25% 2.36M 70s
 63600K .......... .......... .......... .......... .......... 25% 2.46M 70s
 63650K .......... .......... .......... .......... .......... 25% 2.51M 70s
 63700K .......... .......... .......... .......... .......... 25% 2.54M 70s
 63750K .......... .......... .......... .......... .......... 25% 2.24M 70s
 63800K .......... .......... .......... .......... .......... 25% 2.83M 70s
 63850K .......... .......... .......... .......... .......... 25% 2.73M 70s
 63900K .......... .......... .......... .......... .......... 25% 2.79M 70s
 63950K .......... .......... .......... .......... .......... 25% 2.27M 70s
 64000K .......... .......... .......... .......... .......... 25% 2.79M 70s
 64050K .......... .......... .......... .......... .......... 25% 2.74M 70s
 64100K .......... .......... .......... .......... .......... 25% 2.83M 70s
 64150K .......... .......... .......... .......... .......... 25% 2.37M 70s
 64200K .......... .......... .......... .......... .......... 25% 2.75M 70s
 64250K .......... .......... .......... .......... .......... 25% 2.74M 70s
 64300K .......... .......... .......... .......... .......... 25% 2.71M 70s
 64350K .......... .......... .......... .......... .......... 25% 2.43M 70s
 64400K .......... .......... .......... .......... .......... 25% 2.74M 70s
 64450K .......... .......... .......... .......... .......... 25% 2.67M 70s
 64500K .......... .......... .......... .......... .......... 25% 2.31M 70s
 64550K .......... .......... .......... .......... .......... 25% 2.70M 70s
 64600K .......... .......... .......... .......... .......... 25% 2.39M 70s
 64650K .......... .......... .......... .......... .......... 25% 2.71M 70s
 64700K .......... .......... .......... .......... .......... 25% 2.42M 70s
 64750K .......... .......... .......... .......... .......... 25% 2.65M 70s
 64800K .......... .......... .......... .......... .......... 25% 2.18M 70s
 64850K .......... .......... .......... .......... .......... 25% 2.65M 70s
 64900K .......... .......... .......... .......... .......... 25% 2.66M 70s
 64950K .......... .......... .......... .......... .......... 25% 2.65M 70s
 65000K .......... .......... .......... .......... .......... 25% 2.29M 70s
 65050K .......... .......... .......... .......... .......... 25% 2.53M 70s
 65100K .......... .......... .......... .......... .......... 25% 2.57M 70s
 65150K .......... .......... .......... .......... .......... 25% 2.63M 70s
 65200K .......... .......... .......... .......... .......... 25% 2.18M 70s
 65250K .......... .......... .......... .......... .......... 25% 2.63M 70s
 65300K .......... .......... .......... .......... .......... 25% 2.70M 70s
 65350K .......... .......... .......... .......... .......... 25% 2.58M 70s
 65400K .......... .......... .......... .......... .......... 25% 2.33M 70s
 65450K .......... .......... .......... .......... .......... 25% 2.49M 70s
 65500K .......... .......... .......... .......... .......... 25% 2.74M 70s
 65550K .......... .......... .......... .......... .......... 25% 2.24M 70s
 65600K .......... .......... .......... .......... .......... 25% 2.66M 70s
 65650K .......... .......... .......... .......... .......... 26% 2.76M 69s
 65700K .......... .......... .......... .......... .......... 26% 1.88M 69s
 65750K .......... .......... .......... .......... .......... 26% 2.19M 69s
 65800K .......... .......... .......... .......... .......... 26% 2.41M 69s
 65850K .......... .......... .......... .......... .......... 26% 2.60M 69s
 65900K .......... .......... .......... .......... .......... 26% 2.67M 69s
 65950K .......... .......... .......... .......... .......... 26% 2.43M 69s
 66000K .......... .......... .......... .......... .......... 26% 2.38M 69s
 66050K .......... .......... .......... .......... .......... 26% 2.62M 69s
 66100K .......... .......... .......... .......... .......... 26% 2.71M 69s
 66150K .......... .......... .......... .......... .......... 26% 2.71M 69s
 66200K .......... .......... .......... .......... .......... 26% 2.40M 69s
 66250K .......... .......... .......... .......... .......... 26% 2.56M 69s
 66300K .......... .......... .......... .......... .......... 26% 2.60M 69s
 66350K .......... .......... .......... .......... .......... 26% 2.62M 69s
 66400K .......... .......... .......... .......... .......... 26% 2.33M 69s
 66450K .......... .......... .......... .......... .......... 26% 2.61M 69s
 66500K .......... .......... .......... .......... .......... 26% 2.72M 69s
 66550K .......... .......... .......... .......... .......... 26% 2.70M 69s
 66600K .......... .......... .......... .......... .......... 26% 2.41M 69s
 66650K .......... .......... .......... .......... .......... 26% 2.78M 69s
 66700K .......... .......... .......... .......... .......... 26% 2.82M 69s
 66750K .......... .......... .......... .......... .......... 26% 2.70M 69s
 66800K .......... .......... .......... .......... .......... 26% 2.36M 69s
 66850K .......... .......... .......... .......... .......... 26% 2.63M 69s
 66900K .......... .......... .......... .......... .......... 26% 2.75M 69s
 66950K .......... .......... .......... .......... .......... 26% 2.71M 69s
 67000K .......... .......... .......... .......... .......... 26% 2.37M 69s
 67050K .......... .......... .......... .......... .......... 26% 2.73M 69s
 67100K .......... .......... .......... .......... .......... 26% 2.75M 69s
 67150K .......... .......... .......... .......... .......... 26% 2.38M 69s
 67200K .......... .......... .......... .......... .......... 26% 2.72M 69s
 67250K .......... .......... .......... .......... .......... 26% 2.77M 69s
 67300K .......... .......... .......... .......... .......... 26% 2.72M 69s
 67350K .......... .......... .......... .......... .......... 26% 2.37M 69s
 67400K .......... .......... .......... .......... .......... 26% 2.57M 69s
 67450K .......... .......... .......... .......... .......... 26% 2.78M 69s
 67500K .......... .......... .......... .......... .......... 26% 2.75M 69s
 67550K .......... .......... .......... .......... .......... 26% 2.73M 69s
 67600K .......... .......... .......... .......... .......... 26% 2.60M 69s
 67650K .......... .......... .......... .......... .......... 26% 2.37M 69s
 67700K .......... .......... .......... .......... .......... 26% 2.62M 69s
 67750K .......... .......... .......... .......... .......... 26% 2.75M 69s
 67800K .......... .......... .......... .......... .......... 26% 2.75M 69s
 67850K .......... .......... .......... .......... .......... 26% 2.01M 69s
 67900K .......... .......... .......... .......... .......... 26% 2.76M 69s
 67950K .......... .......... .......... .......... .......... 26% 2.76M 69s
 68000K .......... .......... .......... .......... .......... 26% 2.75M 69s
 68050K .......... .......... .......... .......... .......... 26% 2.43M 69s
 68100K .......... .......... .......... .......... .......... 26% 2.77M 69s
 68150K .......... .......... .......... .......... .......... 27% 2.72M 69s
 68200K .......... .......... .......... .......... .......... 27% 2.69M 69s
 68250K .......... .......... .......... .......... .......... 27% 2.40M 69s
 68300K .......... .......... .......... .......... .......... 27% 2.69M 69s
 68350K .......... .......... .......... .......... .......... 27% 2.64M 69s
 68400K .......... .......... .......... .......... .......... 27% 2.65M 69s
 68450K .......... .......... .......... .......... .......... 27% 2.33M 69s
 68500K .......... .......... .......... .......... .......... 27% 1.98M 69s
 68550K .......... .......... .......... .......... .......... 27% 2.30M 69s
 68600K .......... .......... .......... .......... .......... 27% 2.65M 68s
 68650K .......... .......... .......... .......... .......... 27% 2.24M 68s
 68700K .......... .......... .......... .......... .......... 27% 2.89M 68s
 68750K .......... .......... .......... .......... .......... 27% 2.31M 68s
 68800K .......... .......... .......... .......... .......... 27% 2.66M 68s
 68850K .......... .......... .......... .......... .......... 27% 2.71M 68s
 68900K .......... .......... .......... .......... .......... 27% 2.68M 68s
 68950K .......... .......... .......... .......... .......... 27% 2.40M 68s
 69000K .......... .......... .......... .......... .......... 27% 2.75M 68s
 69050K .......... .......... .......... .......... .......... 27% 2.74M 68s
 69100K .......... .......... .......... .......... .......... 27% 2.78M 68s
 69150K .......... .......... .......... .......... .......... 27% 2.42M 68s
 69200K .......... .......... .......... .......... .......... 27% 2.74M 68s
 69250K .......... .......... .......... .......... .......... 27% 2.67M 68s
 69300K .......... .......... .......... .......... .......... 27% 2.59M 68s
 69350K .......... .......... .......... .......... .......... 27% 2.41M 68s
 69400K .......... .......... .......... .......... .......... 27% 2.74M 68s
 69450K .......... .......... .......... .......... .......... 27% 2.70M 68s
 69500K .......... .......... .......... .......... .......... 27% 2.80M 68s
 69550K .......... .......... .......... .......... .......... 27% 2.41M 68s
 69600K .......... .......... .......... .......... .......... 27% 2.73M 68s
 69650K .......... .......... .......... .......... .......... 27% 2.98M 68s
 69700K .......... .......... .......... .......... .......... 27% 2.82M 68s
 69750K .......... .......... .......... .......... .......... 27% 2.48M 68s
 69800K .......... .......... .......... .......... .......... 27% 2.85M 68s
 69850K .......... .......... .......... .......... .......... 27% 2.71M 68s
 69900K .......... .......... .......... .......... .......... 27% 2.71M 68s
 69950K .......... .......... .......... .......... .......... 27% 2.41M 68s
 70000K .......... .......... .......... .......... .......... 27% 2.69M 68s
 70050K .......... .......... .......... .......... .......... 27% 2.69M 68s
 70100K .......... .......... .......... .......... .......... 27% 2.66M 68s
 70150K .......... .......... .......... .......... .......... 27% 2.32M 68s
 70200K .......... .......... .......... .......... .......... 27% 2.60M 68s
 70250K .......... .......... .......... .......... .......... 27% 2.72M 68s
 70300K .......... .......... .......... .......... .......... 27% 2.74M 68s
 70350K .......... .......... .......... .......... .......... 27% 2.51M 68s
 70400K .......... .......... .......... .......... .......... 27% 2.79M 68s
 70450K .......... .......... .......... .......... .......... 27% 2.74M 68s
 70500K .......... .......... .......... .......... .......... 27% 2.88M 68s
 70550K .......... .......... .......... .......... .......... 27% 2.50M 68s
 70600K .......... .......... .......... .......... .......... 27% 2.93M 68s
 70650K .......... .......... .......... .......... .......... 27% 2.83M 68s
 70700K .......... .......... .......... .......... .......... 28% 2.68M 68s
 70750K .......... .......... .......... .......... .......... 28% 2.49M 68s
 70800K .......... .......... .......... .......... .......... 28% 2.72M 68s
 70850K .......... .......... .......... .......... .......... 28% 2.73M 68s
 70900K .......... .......... .......... .......... .......... 28% 2.51M 68s
 70950K .......... .......... .......... .......... .......... 28% 2.75M 68s
 71000K .......... .......... .......... .......... .......... 28% 2.45M 68s
 71050K .......... .......... .......... .......... .......... 28% 2.78M 68s
 71100K .......... .......... .......... .......... .......... 28% 2.80M 68s
 71150K .......... .......... .......... .......... .......... 28% 2.85M 68s
 71200K .......... .......... .......... .......... .......... 28% 2.48M 67s
 71250K .......... .......... .......... .......... .......... 28% 2.80M 67s
 71300K .......... .......... .......... .......... .......... 28% 2.84M 67s
 71350K .......... .......... .......... .......... .......... 28% 2.84M 67s
 71400K .......... .......... .......... .......... .......... 28% 2.43M 67s
 71450K .......... .......... .......... .......... .......... 28% 2.78M 67s
 71500K .......... .......... .......... .......... .......... 28% 2.77M 67s
 71550K .......... .......... .......... .......... .......... 28% 2.80M 67s
 71600K .......... .......... .......... .......... .......... 28% 2.39M 67s
 71650K .......... .......... .......... .......... .......... 28% 2.83M 67s
 71700K .......... .......... .......... .......... .......... 28% 2.87M 67s
 71750K .......... .......... .......... .......... .......... 28% 2.81M 67s
 71800K .......... .......... .......... .......... .......... 28% 2.56M 67s
 71850K .......... .......... .......... .......... .......... 28% 2.79M 67s
 71900K .......... .......... .......... .......... .......... 28% 2.76M 67s
 71950K .......... .......... .......... .......... .......... 28% 2.93M 67s
 72000K .......... .......... .......... .......... .......... 28% 2.43M 67s
 72050K .......... .......... .......... .......... .......... 28% 2.83M 67s
 72100K .......... .......... .......... .......... .......... 28% 2.83M 67s
 72150K .......... .......... .......... .......... .......... 28% 2.73M 67s
 72200K .......... .......... .......... .......... .......... 28% 2.32M 67s
 72250K .......... .......... .......... .......... .......... 28% 2.72M 67s
 72300K .......... .......... .......... .......... .......... 28% 2.61M 67s
 72350K .......... .......... .......... .......... .......... 28% 2.73M 67s
 72400K .......... .......... .......... .......... .......... 28% 2.83M 67s
 72450K .......... .......... .......... .......... .......... 28% 2.46M 67s
 72500K .......... .......... .......... .......... .......... 28% 2.78M 67s
 72550K .......... .......... .......... .......... .......... 28% 2.73M 67s
 72600K .......... .......... .......... .......... .......... 28% 2.68M 67s
 72650K .......... .......... .......... .......... .......... 28% 2.24M 67s
 72700K .......... .......... .......... .......... .......... 28% 2.61M 67s
 72750K .......... .......... .......... .......... .......... 28% 2.61M 67s
 72800K .......... .......... .......... .......... .......... 28% 2.68M 67s
 72850K .......... .......... .......... .......... .......... 28% 2.39M 67s
 72900K .......... .......... .......... .......... .......... 28% 2.71M 67s
 72950K .......... .......... .......... .......... .......... 28% 2.63M 67s
 73000K .......... .......... .......... .......... .......... 28% 2.42M 67s
 73050K .......... .......... .......... .......... .......... 28% 2.59M 67s
 73100K .......... .......... .......... .......... .......... 28% 2.65M 67s
 73150K .......... .......... .......... .......... .......... 28% 2.65M 67s
 73200K .......... .......... .......... .......... .......... 29% 2.29M 67s
 73250K .......... .......... .......... .......... .......... 29% 2.73M 67s
 73300K .......... .......... .......... .......... .......... 29% 2.66M 67s
 73350K .......... .......... .......... .......... .......... 29% 2.66M 67s
 73400K .......... .......... .......... .......... .......... 29% 2.10M 67s
 73450K .......... .......... .......... .......... .......... 29% 2.73M 67s
 73500K .......... .......... .......... .......... .......... 29% 2.71M 67s
 73550K .......... .......... .......... .......... .......... 29% 2.70M 67s
 73600K .......... .......... .......... .......... .......... 29% 2.37M 67s
 73650K .......... .......... .......... .......... .......... 29% 2.72M 67s
 73700K .......... .......... .......... .......... .......... 29% 2.71M 67s
 73750K .......... .......... .......... .......... .......... 29% 2.68M 67s
 73800K .......... .......... .......... .......... .......... 29% 2.33M 67s
 73850K .......... .......... .......... .......... .......... 29% 2.63M 67s
 73900K .......... .......... .......... .......... .......... 29% 2.59M 66s
 73950K .......... .......... .......... .......... .......... 29% 2.79M 66s
 74000K .......... .......... .......... .......... .......... 29% 2.37M 66s
 74050K .......... .......... .......... .......... .......... 29% 2.63M 66s
 74100K .......... .......... .......... .......... .......... 29% 2.69M 66s
 74150K .......... .......... .......... .......... .......... 29% 2.75M 66s
 74200K .......... .......... .......... .......... .......... 29% 2.40M 66s
 74250K .......... .......... .......... .......... .......... 29% 2.73M 66s
 74300K .......... .......... .......... .......... .......... 29% 2.69M 66s
 74350K .......... .......... .......... .......... .......... 29% 2.56M 66s
 74400K .......... .......... .......... .......... .......... 29% 2.71M 66s
 74450K .......... .......... .......... .......... .......... 29% 2.57M 66s
 74500K .......... .......... .......... .......... .......... 29% 2.77M 66s
 74550K .......... .......... .......... .......... .......... 29% 2.41M 66s
 74600K .......... .......... .......... .......... .......... 29% 2.74M 66s
 74650K .......... .......... .......... .......... .......... 29% 2.60M 66s
 74700K .......... .......... .......... .......... .......... 29% 2.60M 66s
 74750K .......... .......... .......... .......... .......... 29% 2.32M 66s
 74800K .......... .......... .......... .......... .......... 29% 2.75M 66s
 74850K .......... .......... .......... .......... .......... 29% 2.72M 66s
 74900K .......... .......... .......... .......... .......... 29% 2.59M 66s
 74950K .......... .......... .......... .......... .......... 29% 2.31M 66s
 75000K .......... .......... .......... .......... .......... 29% 2.66M 66s
 75050K .......... .......... .......... .......... .......... 29% 2.72M 66s
 75100K .......... .......... .......... .......... .......... 29% 2.83M 66s
 75150K .......... .......... .......... .......... .......... 29% 2.74M 66s
 75200K .......... .......... .......... .......... .......... 29% 2.37M 66s
 75250K .......... .......... .......... .......... .......... 29% 2.63M 66s
 75300K .......... .......... .......... .......... .......... 29% 2.70M 66s
 75350K .......... .......... .......... .......... .......... 29% 2.75M 66s
 75400K .......... .......... .......... .......... .......... 29% 2.42M 66s
 75450K .......... .......... .......... .......... .......... 29% 2.76M 66s
 75500K .......... .......... .......... .......... .......... 29% 2.83M 66s
 75550K .......... .......... .......... .......... .......... 29% 2.74M 66s
 75600K .......... .......... .......... .......... .......... 29% 2.40M 66s
 75650K .......... .......... .......... .......... .......... 29% 2.85M 66s
 75700K .......... .......... .......... .......... .......... 29% 2.80M 66s
 75750K .......... .......... .......... .......... .......... 30% 2.86M 66s
 75800K .......... .......... .......... .......... .......... 30% 2.47M 66s
 75850K .......... .......... .......... .......... .......... 30% 2.67M 66s
 75900K .......... .......... .......... .......... .......... 30% 2.69M 66s
 75950K .......... .......... .......... .......... .......... 30% 2.86M 66s
 76000K .......... .......... .......... .......... .......... 30% 2.48M 66s
 76050K .......... .......... .......... .......... .......... 30% 2.82M 66s
 76100K .......... .......... .......... .......... .......... 30% 2.78M 66s
 76150K .......... .......... .......... .......... .......... 30% 2.85M 66s
 76200K .......... .......... .......... .......... .......... 30% 2.68M 66s
 76250K .......... .......... .......... .......... .......... 30% 2.79M 66s
 76300K .......... .......... .......... .......... .......... 30% 2.47M 66s
 76350K .......... .......... .......... .......... .......... 30% 2.81M 66s
 76400K .......... .......... .......... .......... .......... 30% 2.83M 66s
 76450K .......... .......... .......... .......... .......... 30% 2.65M 66s
 76500K .......... .......... .......... .......... .......... 30% 2.76M 65s
 76550K .......... .......... .......... .......... .......... 30% 2.50M 65s
 76600K .......... .......... .......... .......... .......... 30% 2.82M 65s
 76650K .......... .......... .......... .......... .......... 30% 2.85M 65s
 76700K .......... .......... .......... .......... .......... 30% 2.78M 65s
 76750K .......... .......... .......... .......... .......... 30% 2.47M 65s
 76800K .......... .......... .......... .......... .......... 30% 2.65M 65s
 76850K .......... .......... .......... .......... .......... 30% 2.83M 65s
 76900K .......... .......... .......... .......... .......... 30% 2.83M 65s
 76950K .......... .......... .......... .......... .......... 30% 2.71M 65s
 77000K .......... .......... .......... .......... .......... 30% 2.46M 65s
 77050K .......... .......... .......... .......... .......... 30% 2.73M 65s
 77100K .......... .......... .......... .......... .......... 30% 2.85M 65s
 77150K .......... .......... .......... .......... .......... 30% 2.75M 65s
 77200K .......... .......... .......... .......... .......... 30% 2.45M 65s
 77250K .......... .......... .......... .......... .......... 30% 2.88M 65s
 77300K .......... .......... .......... .......... .......... 30% 2.83M 65s
 77350K .......... .......... .......... .......... .......... 30% 2.81M 65s
 77400K .......... .......... .......... .......... .......... 30% 2.46M 65s
 77450K .......... .......... .......... .......... .......... 30% 2.88M 65s
 77500K .......... .......... .......... .......... .......... 30% 2.76M 65s
 77550K .......... .......... .......... .......... .......... 30% 2.85M 65s
 77600K .......... .......... .......... .......... .......... 30% 2.86M 65s
 77650K .......... .......... .......... .......... .......... 30% 2.42M 65s
 77700K .......... .......... .......... .......... .......... 30% 2.85M 65s
 77750K .......... .......... .......... .......... .......... 30% 2.81M 65s
 77800K .......... .......... .......... .......... .......... 30% 2.83M 65s
 77850K .......... .......... .......... .......... .......... 30% 2.39M 65s
 77900K .......... .......... .......... .......... .......... 30% 2.83M 65s
 77950K .......... .......... .......... .......... .......... 30% 2.85M 65s
 78000K .......... .......... .......... .......... .......... 30% 2.85M 65s
 78050K .......... .......... .......... .......... .......... 30% 2.51M 65s
 78100K .......... .......... .......... .......... .......... 30% 2.85M 65s
 78150K .......... .......... .......... .......... .......... 30% 2.86M 65s
 78200K .......... .......... .......... .......... .......... 30% 2.78M 65s
 78250K .......... .......... .......... .......... .......... 31% 2.41M 65s
 78300K .......... .......... .......... .......... .......... 31% 2.76M 65s
 78350K .......... .......... .......... .......... .......... 31% 2.82M 65s
 78400K .......... .......... .......... .......... .......... 31% 2.85M 65s
 78450K .......... .......... .......... .......... .......... 31% 2.40M 65s
 78500K .......... .......... .......... .......... .......... 31% 2.86M 65s
 78550K .......... .......... .......... .......... .......... 31% 2.85M 65s
 78600K .......... .......... .......... .......... .......... 31% 2.64M 65s
 78650K .......... .......... .......... .......... .......... 31% 2.38M 65s
 78700K .......... .......... .......... .......... .......... 31% 2.67M 65s
 78750K .......... .......... .......... .......... .......... 31% 2.77M 65s
 78800K .......... .......... .......... .......... .......... 31% 2.42M 65s
 78850K .......... .......... .......... .......... .......... 31% 2.64M 65s
 78900K .......... .......... .......... .......... .......... 31% 2.73M 65s
 78950K .......... .......... .......... .......... .......... 31% 2.78M 65s
 79000K .......... .......... .......... .......... .......... 31% 2.54M 65s
 79050K .......... .......... .......... .......... .......... 31% 2.79M 64s
 79100K .......... .......... .......... .......... .......... 31% 2.81M 64s
 79150K .......... .......... .......... .......... .......... 31% 2.84M 64s
 79200K .......... .......... .......... .......... .......... 31% 2.45M 64s
 79250K .......... .......... .......... .......... .......... 31% 2.89M 64s
 79300K .......... .......... .......... .......... .......... 31% 2.76M 64s
 79350K .......... .......... .......... .......... .......... 31% 2.71M 64s
 79400K .......... .......... .......... .......... .......... 31% 2.36M 64s
 79450K .......... .......... .......... .......... .......... 31% 2.69M 64s
 79500K .......... .......... .......... .......... .......... 31% 2.63M 64s
 79550K .......... .......... .......... .......... .......... 31% 2.62M 64s
 79600K .......... .......... .......... .......... .......... 31% 2.45M 64s
 79650K .......... .......... .......... .......... .......... 31% 2.74M 64s
 79700K .......... .......... .......... .......... .......... 31% 2.69M 64s
 79750K .......... .......... .......... .......... .......... 31% 2.65M 64s
 79800K .......... .......... .......... .......... .......... 31% 2.31M 64s
 79850K .......... .......... .......... .......... .......... 31% 2.53M 64s
 79900K .......... .......... .......... .......... .......... 31% 2.54M 64s
 79950K .......... .......... .......... .......... .......... 31% 2.77M 64s
 80000K .......... .......... .......... .......... .......... 31% 2.48M 64s
 80050K .......... .......... .......... .......... .......... 31% 2.80M 64s
 80100K .......... .......... .......... .......... .......... 31% 2.82M 64s
 80150K .......... .......... .......... .......... .......... 31% 2.79M 64s
 80200K .......... .......... .......... .......... .......... 31% 2.48M 64s
 80250K .......... .......... .......... .......... .......... 31% 2.76M 64s
 80300K .......... .......... .......... .......... .......... 31% 2.75M 64s
 80350K .......... .......... .......... .......... .......... 31% 2.86M 64s
 80400K .......... .......... .......... .......... .......... 31% 2.50M 64s
 80450K .......... .......... .......... .......... .......... 31% 2.81M 64s
 80500K .......... .......... .......... .......... .......... 31% 2.91M 64s
 80550K .......... .......... .......... .......... .......... 31% 2.58M 64s
 80600K .......... .......... .......... .......... .......... 31% 2.95M 64s
 80650K .......... .......... .......... .......... .......... 31% 2.83M 64s
 80700K .......... .......... .......... .......... .......... 31% 2.82M 64s
 80750K .......... .......... .......... .......... .......... 31% 2.48M 64s
 80800K .......... .......... .......... .......... .......... 32% 2.90M 64s
 80850K .......... .......... .......... .......... .......... 32% 2.75M 64s
 80900K .......... .......... .......... .......... .......... 32% 2.83M 64s
 80950K .......... .......... .......... .......... .......... 32% 2.83M 64s
 81000K .......... .......... .......... .......... .......... 32% 2.42M 64s
 81050K .......... .......... .......... .......... .......... 32% 2.85M 64s
 81100K .......... .......... .......... .......... .......... 32% 2.85M 64s
 81150K .......... .......... .......... .......... .......... 32% 2.84M 64s
 81200K .......... .......... .......... .......... .......... 32% 2.48M 64s
 81250K .......... .......... .......... .......... .......... 32% 2.86M 64s
 81300K .......... .......... .......... .......... .......... 32% 2.91M 64s
 81350K .......... .......... .......... .......... .......... 32% 2.80M 64s
 81400K .......... .......... .......... .......... .......... 32% 2.47M 64s
 81450K .......... .......... .......... .......... .......... 32% 2.83M 64s
 81500K .......... .......... .......... .......... .......... 32% 2.87M 64s
 81550K .......... .......... .......... .......... .......... 32% 2.80M 64s
 81600K .......... .......... .......... .......... .......... 32% 2.46M 63s
 81650K .......... .......... .......... .......... .......... 32% 3.02M 63s
 81700K .......... .......... .......... .......... .......... 32% 2.48M 63s
 81750K .......... .......... .......... .......... .......... 32% 2.80M 63s
 81800K .......... .......... .......... .......... .......... 32% 2.86M 63s
 81850K .......... .......... .......... .......... .......... 32% 2.89M 63s
 81900K .......... .......... .......... .......... .......... 32% 2.66M 63s
 81950K .......... .......... .......... .......... .......... 32% 2.35M 63s
 82000K .......... .......... .......... .......... .......... 32% 2.80M 63s
 82050K .......... .......... .......... .......... .......... 32% 2.76M 63s
 82100K .......... .......... .......... .......... .......... 32% 2.77M 63s
 82150K .......... .......... .......... .......... .......... 32% 2.41M 63s
 82200K .......... .......... .......... .......... .......... 32% 2.68M 63s
 82250K .......... .......... .......... .......... .......... 32% 2.75M 63s
 82300K .......... .......... .......... .......... .......... 32% 2.63M 63s
 82350K .......... .......... .......... .......... .......... 32% 2.84M 63s
 82400K .......... .......... .......... .......... .......... 32% 2.44M 63s
 82450K .......... .......... .......... .......... .......... 32% 2.82M 63s
 82500K .......... .......... .......... .......... .......... 32% 2.88M 63s
 82550K .......... .......... .......... .......... .......... 32% 2.67M 63s
 82600K .......... .......... .......... .......... .......... 32% 2.76M 63s
 82650K .......... .......... .......... .......... .......... 32% 2.41M 63s
 82700K .......... .......... .......... .......... .......... 32% 2.88M 63s
 82750K .......... .......... .......... .......... .......... 32% 2.68M 63s
 82800K .......... .......... .......... .......... .......... 32% 2.76M 63s
 82850K .......... .......... .......... .......... .......... 32% 2.38M 63s
 82900K .......... .......... .......... .......... .......... 32% 2.92M 63s
 82950K .......... .......... .......... .......... .......... 32% 2.85M 63s
 83000K .......... .......... .......... .......... .......... 32% 2.42M 63s
 83050K .......... .......... .......... .......... .......... 32% 2.81M 63s
 83100K .......... .......... .......... .......... .......... 32% 2.56M 63s
 83150K .......... .......... .......... .......... .......... 32% 2.81M 63s
 83200K .......... .......... .......... .......... .......... 32% 2.55M 63s
 83250K .......... .......... .......... .......... .......... 32% 2.78M 63s
 83300K .......... .......... .......... .......... .......... 33% 2.82M 63s
 83350K .......... .......... .......... .......... .......... 33% 2.87M 63s
 83400K .......... .......... .......... .......... .......... 33% 2.49M 63s
 83450K .......... .......... .......... .......... .......... 33% 2.80M 63s
 83500K .......... .......... .......... .......... .......... 33% 2.96M 63s
 83550K .......... .......... .......... .......... .......... 33% 2.89M 63s
 83600K .......... .......... .......... .......... .......... 33% 2.48M 63s
 83650K .......... .......... .......... .......... .......... 33% 2.80M 63s
 83700K .......... .......... .......... .......... .......... 33% 2.77M 63s
 83750K .......... .......... .......... .......... .......... 33% 2.84M 63s
 83800K .......... .......... .......... .......... .......... 33% 2.45M 63s
 83850K .......... .......... .......... .......... .......... 33% 2.87M 63s
 83900K .......... .......... .......... .......... .......... 33% 2.88M 63s
 83950K .......... .......... .......... .......... .......... 33% 2.46M 63s
 84000K .......... .......... .......... .......... .......... 33% 2.83M 63s
 84050K .......... .......... .......... .......... .......... 33% 2.87M 63s
 84100K .......... .......... .......... .......... .......... 33% 2.89M 63s
 84150K .......... .......... .......... .......... .......... 33% 2.52M 62s
 84200K .......... .......... .......... .......... .......... 33% 2.75M 62s
 84250K .......... .......... .......... .......... .......... 33% 2.92M 62s
 84300K .......... .......... .......... .......... .......... 33% 2.46M 62s
 84350K .......... .......... .......... .......... .......... 33% 2.86M 62s
 84400K .......... .......... .......... .......... .......... 33% 2.80M 62s
 84450K .......... .......... .......... .......... .......... 33% 2.86M 62s
 84500K .......... .......... .......... .......... .......... 33% 2.50M 62s
 84550K .......... .......... .......... .......... .......... 33% 2.78M 62s
 84600K .......... .......... .......... .......... .......... 33% 2.81M 62s
 84650K .......... .......... .......... .......... .......... 33% 2.82M 62s
 84700K .......... .......... .......... .......... .......... 33% 2.53M 62s
 84750K .......... .......... .......... .......... .......... 33% 2.77M 62s
 84800K .......... .......... .......... .......... .......... 33% 2.82M 62s
 84850K .......... .......... .......... .......... .......... 33% 2.84M 62s
 84900K .......... .......... .......... .......... .......... 33% 2.64M 62s
 84950K .......... .......... .......... .......... .......... 33% 2.79M 62s
 85000K .......... .......... .......... .......... .......... 33% 2.60M 62s
 85050K .......... .......... .......... .......... .......... 33% 2.85M 62s
 85100K .......... .......... .......... .......... .......... 33% 2.73M 62s
 85150K .......... .......... .......... .......... .......... 33% 2.78M 62s
 85200K .......... .......... .......... .......... .......... 33% 2.48M 62s
 85250K .......... .......... .......... .......... .......... 33% 2.78M 62s
 85300K .......... .......... .......... .......... .......... 33% 2.75M 62s
 85350K .......... .......... .......... .......... .......... 33% 2.75M 62s
 85400K .......... .......... .......... .......... .......... 33% 2.48M 62s
 85450K .......... .......... .......... .......... .......... 33% 2.84M 62s
 85500K .......... .......... .......... .......... .......... 33% 2.90M 62s
 85550K .......... .......... .......... .......... .......... 33% 2.85M 62s
 85600K .......... .......... .......... .......... .......... 33% 2.42M 62s
 85650K .......... .......... .......... .......... .......... 33% 2.84M 62s
 85700K .......... .......... .......... .......... .......... 33% 2.87M 62s
 85750K .......... .......... .......... .......... .......... 33% 2.69M 62s
 85800K .......... .......... .......... .......... .......... 33% 2.44M 62s
 85850K .......... .......... .......... .......... .......... 34% 2.73M 62s
 85900K .......... .......... .......... .......... .......... 34% 2.85M 62s
 85950K .......... .......... .......... .......... .......... 34% 2.82M 62s
 86000K .......... .......... .......... .......... .......... 34% 2.39M 62s
 86050K .......... .......... .......... .......... .......... 34% 2.81M 62s
 86100K .......... .......... .......... .......... .......... 34% 3.00M 62s
 86150K .......... .......... .......... .......... .......... 34% 2.51M 62s
 86200K .......... .......... .......... .......... .......... 34% 2.77M 62s
 86250K .......... .......... .......... .......... .......... 34% 2.92M 62s
 86300K .......... .......... .......... .......... .......... 34% 2.85M 62s
 86350K .......... .......... .......... .......... .......... 34% 2.49M 62s
 86400K .......... .......... .......... .......... .......... 34% 2.80M 62s
 86450K .......... .......... .......... .......... .......... 34% 2.82M 62s
 86500K .......... .......... .......... .......... .......... 34% 2.79M 62s
 86550K .......... .......... .......... .......... .......... 34% 2.40M 62s
 86600K .......... .......... .......... .......... .......... 34% 2.83M 62s
 86650K .......... .......... .......... .......... .......... 34% 2.83M 62s
 86700K .......... .......... .......... .......... .......... 34% 2.78M 61s
 86750K .......... .......... .......... .......... .......... 34% 2.77M 61s
 86800K .......... .......... .......... .......... .......... 34% 2.52M 61s
 86850K .......... .......... .......... .......... .......... 34% 2.80M 61s
 86900K .......... .......... .......... .......... .......... 34% 2.85M 61s
 86950K .......... .......... .......... .......... .......... 34% 2.81M 61s
 87000K .......... .......... .......... .......... .......... 34% 2.54M 61s
 87050K .......... .......... .......... .......... .......... 34% 2.88M 61s
 87100K .......... .......... .......... .......... .......... 34% 2.88M 61s
 87150K .......... .......... .......... .......... .......... 34% 2.84M 61s
 87200K .......... .......... .......... .......... .......... 34% 2.42M 61s
 87250K .......... .......... .......... .......... .......... 34% 2.71M 61s
 87300K .......... .......... .......... .......... .......... 34% 2.87M 61s
 87350K .......... .......... .......... .......... .......... 34% 2.65M 61s
 87400K .......... .......... .......... .......... .......... 34% 2.90M 61s
 87450K .......... .......... .......... .......... .......... 34% 2.88M 61s
 87500K .......... .......... .......... .......... .......... 34% 2.46M 61s
 87550K .......... .......... .......... .......... .......... 34% 2.87M 61s
 87600K .......... .......... .......... .......... .......... 34% 2.87M 61s
 87650K .......... .......... .......... .......... .......... 34% 2.84M 61s
 87700K .......... .......... .......... .......... .......... 34% 2.70M 61s
 87750K .......... .......... .......... .......... .......... 34% 2.58M 61s
 87800K .......... .......... .......... .......... .......... 34% 2.72M 61s
 87850K .......... .......... .......... .......... .......... 34% 2.90M 61s
 87900K .......... .......... .......... .......... .......... 34% 2.81M 61s
 87950K .......... .......... .......... .......... .......... 34% 2.58M 61s
 88000K .......... .......... .......... .......... .......... 34% 2.83M 61s
 88050K .......... .......... .......... .......... .......... 34% 2.55M 61s
 88100K .......... .......... .......... .......... .......... 34% 2.90M 61s
 88150K .......... .......... .......... .......... .......... 34% 2.84M 61s
 88200K .......... .......... .......... .......... .......... 34% 2.49M 61s
 88250K .......... .......... .......... .......... .......... 34% 2.89M 61s
 88300K .......... .......... .......... .......... .......... 34% 2.83M 61s
 88350K .......... .......... .......... .......... .......... 35% 2.81M 61s
 88400K .......... .......... .......... .......... .......... 35% 2.46M 61s
 88450K .......... .......... .......... .......... .......... 35% 2.86M 61s
 88500K .......... .......... .......... .......... .......... 35% 2.84M 61s
 88550K .......... .......... .......... .......... .......... 35% 2.86M 61s
 88600K .......... .......... .......... .......... .......... 35% 2.43M 61s
 88650K .......... .......... .......... .......... .......... 35% 2.77M 61s
 88700K .......... .......... .......... .......... .......... 35% 2.79M 61s
 88750K .......... .......... .......... .......... .......... 35% 2.76M 61s
 88800K .......... .......... .......... .......... .......... 35% 2.45M 61s
 88850K .......... .......... .......... .......... .......... 35% 2.82M 61s
 88900K .......... .......... .......... .......... .......... 35% 2.84M 61s
 88950K .......... .......... .......... .......... .......... 35% 2.75M 61s
 89000K .......... .......... .......... .......... .......... 35% 2.41M 61s
 89050K .......... .......... .......... .......... .......... 35% 2.83M 61s
 89100K .......... .......... .......... .......... .......... 35% 2.84M 61s
 89150K .......... .......... .......... .......... .......... 35% 2.38M 61s
 89200K .......... .......... .......... .......... .......... 35% 2.81M 60s
 89250K .......... .......... .......... .......... .......... 35% 2.75M 60s
 89300K .......... .......... .......... .......... .......... 35% 2.87M 60s
 89350K .......... .......... .......... .......... .......... 35% 2.49M 60s
 89400K .......... .......... .......... .......... .......... 35% 2.72M 60s
 89450K .......... .......... .......... .......... .......... 35% 2.77M 60s
 89500K .......... .......... .......... .......... .......... 35% 2.71M 60s
 89550K .......... .......... .......... .......... .......... 35% 2.27M 60s
 89600K .......... .......... .......... .......... .......... 35% 2.38M 60s
 89650K .......... .......... .......... .......... .......... 35% 2.78M 60s
 89700K .......... .......... .......... .......... .......... 35% 2.77M 60s
 89750K .......... .......... .......... .......... .......... 35% 2.41M 60s
 89800K .......... .......... .......... .......... .......... 35% 2.66M 60s
 89850K .......... .......... .......... .......... .......... 35% 2.67M 60s
 89900K .......... .......... .......... .......... .......... 35% 2.68M 60s
 89950K .......... .......... .......... .......... .......... 35% 2.69M 60s
 90000K .......... .......... .......... .......... .......... 35% 2.39M 60s
 90050K .......... .......... .......... .......... .......... 35% 2.55M 60s
 90100K .......... .......... .......... .......... .......... 35% 3.02M 60s
 90150K .......... .......... .......... .......... .......... 35% 2.42M 60s
 90200K .......... .......... .......... .......... .......... 35% 2.81M 60s
 90250K .......... .......... .......... .......... .......... 35% 2.73M 60s
 90300K .......... .......... .......... .......... .......... 35% 2.67M 60s
 90350K .......... .......... .......... .......... .......... 35% 2.44M 60s
 90400K .......... .......... .......... .......... .......... 35% 2.53M 60s
 90450K .......... .......... .......... .......... .......... 35% 2.60M 60s
 90500K .......... .......... .......... .......... .......... 35% 2.49M 60s
 90550K .......... .......... .......... .......... .......... 35% 2.80M 60s
 90600K .......... .......... .......... .......... .......... 35% 2.73M 60s
 90650K .......... .......... .......... .......... .......... 35% 2.76M 60s
 90700K .......... .......... .......... .......... .......... 35% 2.43M 60s
 90750K .......... .......... .......... .......... .......... 35% 2.77M 60s
 90800K .......... .......... .......... .......... .......... 35% 2.34M 60s
 90850K .......... .......... .......... .......... .......... 35% 2.72M 60s
 90900K .......... .......... .......... .......... .......... 36% 2.84M 60s
 90950K .......... .......... .......... .......... .......... 36% 2.44M 60s
 91000K .......... .......... .......... .......... .......... 36% 2.67M 60s
 91050K .......... .......... .......... .......... .......... 36% 2.72M 60s
 91100K .......... .......... .......... .......... .......... 36% 2.81M 60s
 91150K .......... .......... .......... .......... .......... 36% 2.40M 60s
 91200K .......... .......... .......... .......... .......... 36% 2.72M 60s
 91250K .......... .......... .......... .......... .......... 36% 2.67M 60s
 91300K .......... .......... .......... .......... .......... 36% 2.79M 60s
 91350K .......... .......... .......... .......... .......... 36% 2.36M 60s
 91400K .......... .......... .......... .......... .......... 36% 2.68M 60s
 91450K .......... .......... .......... .......... .......... 36% 2.66M 60s
 91500K .......... .......... .......... .......... .......... 36% 2.55M 60s
 91550K .......... .......... .......... .......... .......... 36% 2.30M 60s
 91600K .......... .......... .......... .......... .......... 36% 2.74M 60s
 91650K .......... .......... .......... .......... .......... 36% 2.78M 60s
 91700K .......... .......... .......... .......... .......... 36% 2.77M 60s
 91750K .......... .......... .......... .......... .......... 36% 2.31M 60s
 91800K .......... .......... .......... .......... .......... 36% 2.69M 60s
 91850K .......... .......... .......... .......... .......... 36% 2.78M 60s
 91900K .......... .......... .......... .......... .......... 36% 2.69M 60s
 91950K .......... .......... .......... .......... .......... 36% 2.54M 59s
 92000K .......... .......... .......... .......... .......... 36% 2.41M 59s
 92050K .......... .......... .......... .......... .......... 36% 2.76M 59s
 92100K .......... .......... .......... .......... .......... 36% 2.72M 59s
 92150K .......... .......... .......... .......... .......... 36% 2.41M 59s
 92200K .......... .......... .......... .......... .......... 36% 2.76M 59s
 92250K .......... .......... .......... .......... .......... 36% 2.72M 59s
 92300K .......... .......... .......... .......... .......... 36% 2.72M 59s
 92350K .......... .......... .......... .......... .......... 36% 2.33M 59s
 92400K .......... .......... .......... .......... .......... 36% 2.78M 59s
 92450K .......... .......... .......... .......... .......... 36% 2.83M 59s
 92500K .......... .......... .......... .......... .......... 36% 2.78M 59s
 92550K .......... .......... .......... .......... .......... 36% 2.63M 59s
 92600K .......... .......... .......... .......... .......... 36% 2.39M 59s
 92650K .......... .......... .......... .......... .......... 36% 2.66M 59s
 92700K .......... .......... .......... .......... .......... 36% 2.64M 59s
 92750K .......... .......... .......... .......... .......... 36% 2.66M 59s
 92800K .......... .......... .......... .......... .......... 36% 2.49M 59s
 92850K .......... .......... .......... .......... .......... 36% 2.81M 59s
 92900K .......... .......... .......... .......... .......... 36% 2.60M 59s
 92950K .......... .......... .......... .......... .......... 36% 2.74M 59s
 93000K .......... .......... .......... .......... .......... 36% 2.36M 59s
 93050K .......... .......... .......... .......... .......... 36% 2.67M 59s
 93100K .......... .......... .......... .......... .......... 36% 2.73M 59s
 93150K .......... .......... .......... .......... .......... 36% 2.59M 59s
 93200K .......... .......... .......... .......... .......... 36% 2.43M 59s
 93250K .......... .......... .......... .......... .......... 36% 2.60M 59s
 93300K .......... .......... .......... .......... .......... 36% 2.49M 59s
 93350K .......... .......... .......... .......... .......... 36% 2.53M 59s
 93400K .......... .......... .......... .......... .......... 37% 2.32M 59s
 93450K .......... .......... .......... .......... .......... 37% 2.60M 59s
 93500K .......... .......... .......... .......... .......... 37% 2.75M 59s
 93550K .......... .......... .......... .......... .......... 37% 2.75M 59s
 93600K .......... .......... .......... .......... .......... 37% 2.37M 59s
 93650K .......... .......... .......... .......... .......... 37% 2.68M 59s
 93700K .......... .......... .......... .......... .......... 37% 2.67M 59s
 93750K .......... .......... .......... .......... .......... 37% 2.73M 59s
 93800K .......... .......... .......... .......... .......... 37% 2.41M 59s
 93850K .......... .......... .......... .......... .......... 37% 2.69M 59s
 93900K .......... .......... .......... .......... .......... 37% 2.60M 59s
 93950K .......... .......... .......... .......... .......... 37% 2.55M 59s
 94000K .......... .......... .......... .......... .......... 37% 2.34M 59s
 94050K .......... .......... .......... .......... .......... 37% 2.63M 59s
 94100K .......... .......... .......... .......... .......... 37% 2.60M 59s
 94150K .......... .......... .......... .......... .......... 37% 2.73M 59s
 94200K .......... .......... .......... .......... .......... 37% 2.39M 59s
 94250K .......... .......... .......... .......... .......... 37% 2.83M 59s
 94300K .......... .......... .......... .......... .......... 37% 2.81M 59s
 94350K .......... .......... .......... .......... .......... 37% 2.32M 59s
 94400K .......... .......... .......... .......... .......... 37% 2.71M 59s
 94450K .......... .......... .......... .......... .......... 37% 2.69M 59s
 94500K .......... .......... .......... .......... .......... 37% 2.72M 59s
 94550K .......... .......... .......... .......... .......... 37% 2.17M 59s
 94600K .......... .......... .......... .......... .......... 37% 2.53M 59s
 94650K .......... .......... .......... .......... .......... 37% 2.74M 59s
 94700K .......... .......... .......... .......... .......... 37% 2.65M 58s
 94750K .......... .......... .......... .......... .......... 37% 2.65M 58s
 94800K .......... .......... .......... .......... .......... 37% 2.33M 58s
 94850K .......... .......... .......... .......... .......... 37% 2.64M 58s
 94900K .......... .......... .......... .......... .......... 37% 2.69M 58s
 94950K .......... .......... .......... .......... .......... 37% 2.56M 58s
 95000K .......... .......... .......... .......... .......... 37% 2.43M 58s
 95050K .......... .......... .......... .......... .......... 37% 2.74M 58s
 95100K .......... .......... .......... .......... .......... 37% 2.66M 58s
 95150K .......... .......... .......... .......... .......... 37% 2.59M 58s
 95200K .......... .......... .......... .......... .......... 37% 2.38M 58s
 95250K .......... .......... .......... .......... .......... 37% 2.64M 58s
 95300K .......... .......... .......... .......... .......... 37% 2.61M 58s
 95350K .......... .......... .......... .......... .......... 37% 2.81M 58s
 95400K .......... .......... .......... .......... .......... 37% 2.34M 58s
 95450K .......... .......... .......... .......... .......... 37% 2.59M 58s
 95500K .......... .......... .......... .......... .......... 37% 2.66M 58s
 95550K .......... .......... .......... .......... .......... 37% 2.40M 58s
 95600K .......... .......... .......... .......... .......... 37% 2.51M 58s
 95650K .......... .......... .......... .......... .......... 37% 2.69M 58s
 95700K .......... .......... .......... .......... .......... 37% 2.56M 58s
 95750K .......... .......... .......... .......... .......... 37% 2.65M 58s
 95800K .......... .......... .......... .......... .......... 37% 2.29M 58s
 95850K .......... .......... .......... .......... .......... 37% 2.68M 58s
 95900K .......... .......... .......... .......... .......... 37% 2.97M 58s
 95950K .......... .......... .......... .......... .......... 38% 2.29M 58s
 96000K .......... .......... .......... .......... .......... 38% 2.76M 58s
 96050K .......... .......... .......... .......... .......... 38% 2.69M 58s
 96100K .......... .......... .......... .......... .......... 38% 2.82M 58s
 96150K .......... .......... .......... .......... .......... 38% 2.39M 58s
 96200K .......... .......... .......... .......... .......... 38% 2.74M 58s
 96250K .......... .......... .......... .......... .......... 38% 2.70M 58s
 96300K .......... .......... .......... .......... .......... 38% 2.63M 58s
 96350K .......... .......... .......... .......... .......... 38% 2.54M 58s
 96400K .......... .......... .......... .......... .......... 38% 2.29M 58s
 96450K .......... .......... .......... .......... .......... 38% 2.60M 58s
 96500K .......... .......... .......... .......... .......... 38% 2.70M 58s
 96550K .......... .......... .......... .......... .......... 38% 2.19M 58s
 96600K .......... .......... .......... .......... .......... 38% 2.64M 58s
 96650K .......... .......... .......... .......... .......... 38% 2.63M 58s
 96700K .......... .......... .......... .......... .......... 38% 2.77M 58s
 96750K .......... .......... .......... .......... .......... 38% 2.39M 58s
 96800K .......... .......... .......... .......... .......... 38% 2.73M 58s
 96850K .......... .......... .......... .......... .......... 38% 2.75M 58s
 96900K .......... .......... .......... .......... .......... 38% 2.74M 58s
 96950K .......... .......... .......... .......... .......... 38% 2.44M 58s
 97000K .......... .......... .......... .......... .......... 38% 2.66M 58s
 97050K .......... .......... .......... .......... .......... 38% 2.79M 58s
 97100K .......... .......... .......... .......... .......... 38% 2.71M 58s
 97150K .......... .......... .......... .......... .......... 38% 2.31M 58s
 97200K .......... .......... .......... .......... .......... 38% 2.66M 58s
 97250K .......... .......... .......... .......... .......... 38% 2.58M 58s
 97300K .......... .......... .......... .......... .......... 38% 2.48M 58s
 97350K .......... .......... .......... .......... .......... 38% 2.52M 58s
 97400K .......... .......... .......... .......... .......... 38% 2.60M 58s
 97450K .......... .......... .......... .......... .......... 38% 2.34M 58s
 97500K .......... .......... .......... .......... .......... 38% 2.54M 57s
 97550K .......... .......... .......... .......... .......... 38% 2.61M 57s
 97600K .......... .......... .......... .......... .......... 38% 2.70M 57s
 97650K .......... .......... .......... .......... .......... 38% 2.24M 57s
 97700K .......... .......... .......... .......... .......... 38% 2.51M 57s
 97750K .......... .......... .......... .......... .......... 38% 2.60M 57s
 97800K .......... .......... .......... .......... .......... 38% 2.78M 57s
 97850K .......... .......... .......... .......... .......... 38% 2.61M 57s
 97900K .......... .......... .......... .......... .......... 38% 2.62M 57s
 97950K .......... .......... .......... .......... .......... 38% 2.40M 57s
 98000K .......... .......... .......... .......... .......... 38% 2.64M 57s
 98050K .......... .......... .......... .......... .......... 38% 2.62M 57s
 98100K .......... .......... .......... .......... .......... 38% 2.46M 57s
 98150K .......... .......... .......... .......... .......... 38% 2.64M 57s
 98200K .......... .......... .......... .......... .......... 38% 2.16M 57s
 98250K .......... .......... .......... .......... .......... 38% 2.48M 57s
 98300K .......... .......... .......... .......... .......... 38% 2.43M 57s
 98350K .......... .......... .......... .......... .......... 38% 2.71M 57s
 98400K .......... .......... .......... .......... .......... 38% 2.34M 57s
 98450K .......... .......... .......... .......... .......... 39% 2.74M 57s
 98500K .......... .......... .......... .......... .......... 39% 2.66M 57s
 98550K .......... .......... .......... .......... .......... 39% 2.27M 57s
 98600K .......... .......... .......... .......... .......... 39% 2.66M 57s
 98650K .......... .......... .......... .......... .......... 39% 2.66M 57s
 98700K .......... .......... .......... .......... .......... 39% 2.70M 57s
 98750K .......... .......... .......... .......... .......... 39% 2.24M 57s
 98800K .......... .......... .......... .......... .......... 39% 2.66M 57s
 98850K .......... .......... .......... .......... .......... 39% 2.76M 57s
 98900K .......... .......... .......... .......... .......... 39% 2.70M 57s
 98950K .......... .......... .......... .......... .......... 39% 2.26M 57s
 99000K .......... .......... .......... .......... .......... 39% 2.61M 57s
 99050K .......... .......... .......... .......... .......... 39% 2.75M 57s
 99100K .......... .......... .......... .......... .......... 39% 2.79M 57s
 99150K .......... .......... .......... .......... .......... 39% 2.46M 57s
 99200K .......... .......... .......... .......... .......... 39% 2.74M 57s
 99250K .......... .......... .......... .......... .......... 39% 2.76M 57s
 99300K .......... .......... .......... .......... .......... 39% 2.68M 57s
 99350K .......... .......... .......... .......... .......... 39% 2.34M 57s
 99400K .......... .......... .......... .......... .......... 39% 2.73M 57s
 99450K .......... .......... .......... .......... .......... 39% 2.70M 57s
 99500K .......... .......... .......... .......... .......... 39% 2.73M 57s
 99550K .......... .......... .......... .......... .......... 39% 2.19M 57s
 99600K .......... .......... .......... .......... .......... 39% 2.54M 57s
 99650K .......... .......... .......... .......... .......... 39% 2.46M 57s
 99700K .......... .......... .......... .......... .......... 39% 2.75M 57s
 99750K .......... .......... .......... .......... .......... 39% 2.49M 57s
 99800K .......... .......... .......... .......... .......... 39% 2.79M 57s
 99850K .......... .......... .......... .......... .......... 39% 2.74M 57s
 99900K .......... .......... .......... .......... .......... 39% 2.36M 57s
 99950K .......... .......... .......... .......... .......... 39% 2.69M 57s
100000K .......... .......... .......... .......... .......... 39% 2.71M 57s
100050K .......... .......... .......... .......... .......... 39% 2.77M 57s
100100K .......... .......... .......... .......... .......... 39% 2.39M 57s
100150K .......... .......... .......... .......... .......... 39% 2.74M 57s
100200K .......... .......... .......... .......... .......... 39% 2.84M 57s
100250K .......... .......... .......... .......... .......... 39% 2.55M 57s
100300K .......... .......... .......... .......... .......... 39% 2.36M 56s
100350K .......... .......... .......... .......... .......... 39% 2.75M 56s
100400K .......... .......... .......... .......... .......... 39% 2.73M 56s
100450K .......... .......... .......... .......... .......... 39% 2.53M 56s
100500K .......... .......... .......... .......... .......... 39% 2.71M 56s
100550K .......... .......... .......... .......... .......... 39% 2.66M 56s
100600K .......... .......... .......... .......... .......... 39% 2.35M 56s
100650K .......... .......... .......... .......... .......... 39% 2.68M 56s
100700K .......... .......... .......... .......... .......... 39% 2.71M 56s
100750K .......... .......... .......... .......... .......... 39% 2.71M 56s
100800K .......... .......... .......... .......... .......... 39% 2.34M 56s
100850K .......... .......... .......... .......... .......... 39% 2.66M 56s
100900K .......... .......... .......... .......... .......... 39% 2.73M 56s
100950K .......... .......... .......... .......... .......... 39% 2.77M 56s
101000K .......... .......... .......... .......... .......... 40% 2.38M 56s
101050K .......... .......... .......... .......... .......... 40% 2.69M 56s
101100K .......... .......... .......... .......... .......... 40% 2.72M 56s
101150K .......... .......... .......... .......... .......... 40% 2.74M 56s
101200K .......... .......... .......... .......... .......... 40% 2.34M 56s
101250K .......... .......... .......... .......... .......... 40% 2.75M 56s
101300K .......... .......... .......... .......... .......... 40% 2.80M 56s
101350K .......... .......... .......... .......... .......... 40% 2.79M 56s
101400K .......... .......... .......... .......... .......... 40% 2.36M 56s
101450K .......... .......... .......... .......... .......... 40% 2.70M 56s
101500K .......... .......... .......... .......... .......... 40% 2.72M 56s
101550K .......... .......... .......... .......... .......... 40% 2.70M 56s
101600K .......... .......... .......... .......... .......... 40% 2.27M 56s
101650K .......... .......... .......... .......... .......... 40% 2.74M 56s
101700K .......... .......... .......... .......... .......... 40% 2.79M 56s
101750K .......... .......... .......... .......... .......... 40% 2.66M 56s
101800K .......... .......... .......... .......... .......... 40% 2.41M 56s
101850K .......... .......... .......... .......... .......... 40% 2.72M 56s
101900K .......... .......... .......... .......... .......... 40% 2.69M 56s
101950K .......... .......... .......... .......... .......... 40% 2.73M 56s
102000K .......... .......... .......... .......... .......... 40% 2.26M 56s
102050K .......... .......... .......... .......... .......... 40% 2.72M 56s
102100K .......... .......... .......... .......... .......... 40% 2.66M 56s
102150K .......... .......... .......... .......... .......... 40% 2.66M 56s
102200K .......... .......... .......... .......... .......... 40% 2.17M 56s
102250K .......... .......... .......... .......... .......... 40% 2.65M 56s
102300K .......... .......... .......... .......... .......... 40% 2.74M 56s
102350K .......... .......... .......... .......... .......... 40% 2.70M 56s
102400K .......... .......... .......... .......... .......... 40% 2.41M 56s
102450K .......... .......... .......... .......... .......... 40% 2.77M 56s
102500K .......... .......... .......... .......... .......... 40% 2.63M 56s
102550K .......... .......... .......... .......... .......... 40% 2.63M 56s
102600K .......... .......... .......... .......... .......... 40% 2.40M 56s
102650K .......... .......... .......... .......... .......... 40% 2.73M 56s
102700K .......... .......... .......... .......... .......... 40% 2.72M 56s
102750K .......... .......... .......... .......... .......... 40% 2.68M 56s
102800K .......... .......... .......... .......... .......... 40% 2.48M 56s
102850K .......... .......... .......... .......... .......... 40% 2.63M 56s
102900K .......... .......... .......... .......... .......... 40% 2.66M 56s
102950K .......... .......... .......... .......... .......... 40% 2.75M 56s
103000K .......... .......... .......... .......... .......... 40% 2.32M 56s
103050K .......... .......... .......... .......... .......... 40% 2.81M 55s
103100K .......... .......... .......... .......... .......... 40% 2.74M 55s
103150K .......... .......... .......... .......... .......... 40% 2.72M 55s
103200K .......... .......... .......... .......... .......... 40% 2.41M 55s
103250K .......... .......... .......... .......... .......... 40% 2.73M 55s
103300K .......... .......... .......... .......... .......... 40% 2.67M 55s
103350K .......... .......... .......... .......... .......... 40% 2.72M 55s
103400K .......... .......... .......... .......... .......... 40% 2.42M 55s
103450K .......... .......... .......... .......... .......... 40% 2.66M 55s
103500K .......... .......... .......... .......... .......... 41% 2.65M 55s
103550K .......... .......... .......... .......... .......... 41% 2.69M 55s
103600K .......... .......... .......... .......... .......... 41% 2.34M 55s
103650K .......... .......... .......... .......... .......... 41% 2.72M 55s
103700K .......... .......... .......... .......... .......... 41% 2.65M 55s
103750K .......... .......... .......... .......... .......... 41% 2.66M 55s
103800K .......... .......... .......... .......... .......... 41% 2.42M 55s
103850K .......... .......... .......... .......... .......... 41% 2.68M 55s
103900K .......... .......... .......... .......... .......... 41% 2.62M 55s
103950K .......... .......... .......... .......... .......... 41% 2.72M 55s
104000K .......... .......... .......... .......... .......... 41% 2.28M 55s
104050K .......... .......... .......... .......... .......... 41% 2.55M 55s
104100K .......... .......... .......... .......... .......... 41% 2.55M 55s
104150K .......... .......... .......... .......... .......... 41% 2.55M 55s
104200K .......... .......... .......... .......... .......... 41% 2.44M 55s
104250K .......... .......... .......... .......... .......... 41% 2.53M 55s
104300K .......... .......... .......... .......... .......... 41% 2.41M 55s
104350K .......... .......... .......... .......... .......... 41% 2.80M 55s
104400K .......... .......... .......... .......... .......... 41% 2.64M 55s
104450K .......... .......... .......... .......... .......... 41% 2.76M 55s
104500K .......... .......... .......... .......... .......... 41% 2.41M 55s
104550K .......... .......... .......... .......... .......... 41% 2.79M 55s
104600K .......... .......... .......... .......... .......... 41% 2.68M 55s
104650K .......... .......... .......... .......... .......... 41% 2.83M 55s
104700K .......... .......... .......... .......... .......... 41% 2.46M 55s
104750K .......... .......... .......... .......... .......... 41% 2.64M 55s
104800K .......... .......... .......... .......... .......... 41% 2.67M 55s
104850K .......... .......... .......... .......... .......... 41% 2.67M 55s
104900K .......... .......... .......... .......... .......... 41% 2.28M 55s
104950K .......... .......... .......... .......... .......... 41% 2.67M 55s
105000K .......... .......... .......... .......... .......... 41% 2.73M 55s
105050K .......... .......... .......... .......... .......... 41% 2.86M 55s
105100K .......... .......... .......... .......... .......... 41% 2.40M 55s
105150K .......... .......... .......... .......... .......... 41% 2.76M 55s
105200K .......... .......... .......... .......... .......... 41% 2.22M 55s
105250K .......... .......... .......... .......... .......... 41% 2.75M 55s
105300K .......... .......... .......... .......... .......... 41% 2.63M 55s
105350K .......... .......... .......... .......... .......... 41% 2.67M 55s
105400K .......... .......... .......... .......... .......... 41% 2.42M 55s
105450K .......... .......... .......... .......... .......... 41% 2.59M 55s
105500K .......... .......... .......... .......... .......... 41% 2.70M 55s
105550K .......... .......... .......... .......... .......... 41% 2.65M 55s
105600K .......... .......... .......... .......... .......... 41% 2.35M 55s
105650K .......... .......... .......... .......... .......... 41% 2.62M 55s
105700K .......... .......... .......... .......... .......... 41% 2.53M 55s
105750K .......... .......... .......... .......... .......... 41% 2.36M 55s
105800K .......... .......... .......... .......... .......... 41% 2.66M 54s
105850K .......... .......... .......... .......... .......... 41% 2.58M 54s
105900K .......... .......... .......... .......... .......... 41% 2.69M 54s
105950K .......... .......... .......... .......... .......... 41% 2.45M 54s
106000K .......... .......... .......... .......... .......... 41% 2.81M 54s
106050K .......... .......... .......... .......... .......... 42% 2.72M 54s
106100K .......... .......... .......... .......... .......... 42% 2.61M 54s
106150K .......... .......... .......... .......... .......... 42% 2.37M 54s
106200K .......... .......... .......... .......... .......... 42% 2.71M 54s
106250K .......... .......... .......... .......... .......... 42% 2.80M 54s
106300K .......... .......... .......... .......... .......... 42% 2.73M 54s
106350K .......... .......... .......... .......... .......... 42% 2.34M 54s
106400K .......... .......... .......... .......... .......... 42% 2.62M 54s
106450K .......... .......... .......... .......... .......... 42% 2.65M 54s
106500K .......... .......... .......... .......... .......... 42% 2.57M 54s
106550K .......... .......... .......... .......... .......... 42% 2.65M 54s
106600K .......... .......... .......... .......... .......... 42% 2.44M 54s
106650K .......... .......... .......... .......... .......... 42% 2.73M 54s
106700K .......... .......... .......... .......... .......... 42% 2.72M 54s
106750K .......... .......... .......... .......... .......... 42% 2.69M 54s
106800K .......... .......... .......... .......... .......... 42% 2.27M 54s
106850K .......... .......... .......... .......... .......... 42% 2.40M 54s
106900K .......... .......... .......... .......... .......... 42% 2.62M 54s
106950K .......... .......... .......... .......... .......... 42% 2.65M 54s
107000K .......... .......... .......... .......... .......... 42% 2.40M 54s
107050K .......... .......... .......... .......... .......... 42% 2.69M 54s
107100K .......... .......... .......... .......... .......... 42% 2.66M 54s
107150K .......... .......... .......... .......... .......... 42% 2.69M 54s
107200K .......... .......... .......... .......... .......... 42% 2.35M 54s
107250K .......... .......... .......... .......... .......... 42% 2.82M 54s
107300K .......... .......... .......... .......... .......... 42% 2.40M 54s
107350K .......... .......... .......... .......... .......... 42% 2.77M 54s
107400K .......... .......... .......... .......... .......... 42% 2.71M 54s
107450K .......... .......... .......... .......... .......... 42% 2.73M 54s
107500K .......... .......... .......... .......... .......... 42% 2.38M 54s
107550K .......... .......... .......... .......... .......... 42% 2.64M 54s
107600K .......... .......... .......... .......... .......... 42% 2.61M 54s
107650K .......... .......... .......... .......... .......... 42% 2.72M 54s
107700K .......... .......... .......... .......... .......... 42% 2.62M 54s
107750K .......... .......... .......... .......... .......... 42% 2.32M 54s
107800K .......... .......... .......... .......... .......... 42% 2.57M 54s
107850K .......... .......... .......... .......... .......... 42% 2.62M 54s
107900K .......... .......... .......... .......... .......... 42% 2.51M 54s
107950K .......... .......... .......... .......... .......... 42% 2.60M 54s
108000K .......... .......... .......... .......... .......... 42% 2.41M 54s
108050K .......... .......... .......... .......... .......... 42% 2.80M 54s
108100K .......... .......... .......... .......... .......... 42% 2.69M 54s
108150K .......... .......... .......... .......... .......... 42% 2.62M 54s
108200K .......... .......... .......... .......... .......... 42% 2.31M 54s
108250K .......... .......... .......... .......... .......... 42% 2.40M 54s
108300K .......... .......... .......... .......... .......... 42% 2.61M 54s
108350K .......... .......... .......... .......... .......... 42% 2.69M 54s
108400K .......... .......... .......... .......... .......... 42% 2.32M 54s
108450K .......... .......... .......... .......... .......... 42% 2.70M 54s
108500K .......... .......... .......... .......... .......... 42% 2.56M 54s
108550K .......... .......... .......... .......... .......... 43% 2.64M 53s
108600K .......... .......... .......... .......... .......... 43% 2.33M 53s
108650K .......... .......... .......... .......... .......... 43% 2.69M 53s
108700K .......... .......... .......... .......... .......... 43% 2.66M 53s
108750K .......... .......... .......... .......... .......... 43% 2.73M 53s
108800K .......... .......... .......... .......... .......... 43% 2.46M 53s
108850K .......... .......... .......... .......... .......... 43% 2.64M 53s
108900K .......... .......... .......... .......... .......... 43% 2.72M 53s
108950K .......... .......... .......... .......... .......... 43% 2.70M 53s
109000K .......... .......... .......... .......... .......... 43% 2.37M 53s
109050K .......... .......... .......... .......... .......... 43% 2.67M 53s
109100K .......... .......... .......... .......... .......... 43% 2.67M 53s
109150K .......... .......... .......... .......... .......... 43% 2.74M 53s
109200K .......... .......... .......... .......... .......... 43% 2.36M 53s
109250K .......... .......... .......... .......... .......... 43% 2.71M 53s
109300K .......... .......... .......... .......... .......... 43% 2.73M 53s
109350K .......... .......... .......... .......... .......... 43% 2.60M 53s
109400K .......... .......... .......... .......... .......... 43% 2.26M 53s
109450K .......... .......... .......... .......... .......... 43% 2.69M 53s
109500K .......... .......... .......... .......... .......... 43% 2.66M 53s
109550K .......... .......... .......... .......... .......... 43% 2.66M 53s
109600K .......... .......... .......... .......... .......... 43% 2.33M 53s
109650K .......... .......... .......... .......... .......... 43% 2.64M 53s
109700K .......... .......... .......... .......... .......... 43% 2.71M 53s
109750K .......... .......... .......... .......... .......... 43% 2.57M 53s
109800K .......... .......... .......... .......... .......... 43% 2.27M 53s
109850K .......... .......... .......... .......... .......... 43% 2.71M 53s
109900K .......... .......... .......... .......... .......... 43% 2.67M 53s
109950K .......... .......... .......... .......... .......... 43% 2.63M 53s
110000K .......... .......... .......... .......... .......... 43% 2.43M 53s
110050K .......... .......... .......... .......... .......... 43% 2.75M 53s
110100K .......... .......... .......... .......... .......... 43% 2.75M 53s
110150K .......... .......... .......... .......... .......... 43% 2.73M 53s
110200K .......... .......... .......... .......... .......... 43% 2.27M 53s
110250K .......... .......... .......... .......... .......... 43% 2.71M 53s
110300K .......... .......... .......... .......... .......... 43% 2.70M 53s
110350K .......... .......... .......... .......... .......... 43% 2.45M 53s
110400K .......... .......... .......... .......... .......... 43% 2.67M 53s
110450K .......... .......... .......... .......... .......... 43% 2.59M 53s
110500K .......... .......... .......... .......... .......... 43% 2.24M 53s
110550K .......... .......... .......... .......... .......... 43% 2.57M 53s
110600K .......... .......... .......... .......... .......... 43% 2.63M 53s
110650K .......... .......... .......... .......... .......... 43% 2.60M 53s
110700K .......... .......... .......... .......... .......... 43% 2.33M 53s
110750K .......... .......... .......... .......... .......... 43% 2.58M 53s
110800K .......... .......... .......... .......... .......... 43% 2.68M 53s
110850K .......... .......... .......... .......... .......... 43% 2.75M 53s
110900K .......... .......... .......... .......... .......... 43% 2.67M 53s
110950K .......... .......... .......... .......... .......... 43% 2.32M 53s
111000K .......... .......... .......... .......... .......... 43% 2.74M 53s
111050K .......... .......... .......... .......... .......... 43% 2.64M 53s
111100K .......... .......... .......... .......... .......... 44% 2.61M 53s
111150K .......... .......... .......... .......... .......... 44% 2.33M 53s
111200K .......... .......... .......... .......... .......... 44% 2.69M 53s
111250K .......... .......... .......... .......... .......... 44% 2.75M 53s
111300K .......... .......... .......... .......... .......... 44% 2.69M 52s
111350K .......... .......... .......... .......... .......... 44% 2.40M 52s
111400K .......... .......... .......... .......... .......... 44% 2.74M 52s
111450K .......... .......... .......... .......... .......... 44% 2.71M 52s
111500K .......... .......... .......... .......... .......... 44% 2.74M 52s
111550K .......... .......... .......... .......... .......... 44% 2.40M 52s
111600K .......... .......... .......... .......... .......... 44% 2.77M 52s
111650K .......... .......... .......... .......... .......... 44% 2.62M 52s
111700K .......... .......... .......... .......... .......... 44% 2.69M 52s
111750K .......... .......... .......... .......... .......... 44% 2.47M 52s
111800K .......... .......... .......... .......... .......... 44% 2.61M 52s
111850K .......... .......... .......... .......... .......... 44% 2.77M 52s
111900K .......... .......... .......... .......... .......... 44% 2.73M 52s
111950K .......... .......... .......... .......... .......... 44% 2.40M 52s
112000K .......... .......... .......... .......... .......... 44% 2.63M 52s
112050K .......... .......... .......... .......... .......... 44% 2.61M 52s
112100K .......... .......... .......... .......... .......... 44% 2.75M 52s
112150K .......... .......... .......... .......... .......... 44% 2.37M 52s
112200K .......... .......... .......... .......... .......... 44% 2.59M 52s
112250K .......... .......... .......... .......... .......... 44% 2.70M 52s
112300K .......... .......... .......... .......... .......... 44% 2.70M 52s
112350K .......... .......... .......... .......... .......... 44% 2.32M 52s
112400K .......... .......... .......... .......... .......... 44% 2.51M 52s
112450K .......... .......... .......... .......... .......... 44% 2.82M 52s
112500K .......... .......... .......... .......... .......... 44% 2.41M 52s
112550K .......... .......... .......... .......... .......... 44% 2.68M 52s
112600K .......... .......... .......... .......... .......... 44% 2.57M 52s
112650K .......... .......... .......... .......... .......... 44% 2.56M 52s
112700K .......... .......... .......... .......... .......... 44% 2.73M 52s
112750K .......... .......... .......... .......... .......... 44% 2.69M 52s
112800K .......... .......... .......... .......... .......... 44% 2.77M 52s
112850K .......... .......... .......... .......... .......... 44% 2.38M 52s
112900K .......... .......... .......... .......... .......... 44% 2.71M 52s
112950K .......... .......... .......... .......... .......... 44% 2.63M 52s
113000K .......... .......... .......... .......... .......... 44% 1.54M 52s
113050K .......... .......... .......... .......... .......... 44% 2.34M 52s
113100K .......... .......... .......... .......... .......... 44% 2.60M 52s
113150K .......... .......... .......... .......... .......... 44% 2.72M 52s
113200K .......... .......... .......... .......... .......... 44% 2.77M 52s
113250K .......... .......... .......... .......... .......... 44% 2.36M 52s
113300K .......... .......... .......... .......... .......... 44% 2.61M 52s
113350K .......... .......... .......... .......... .......... 44% 2.67M 52s
113400K .......... .......... .......... .......... .......... 44% 2.65M 52s
113450K .......... .......... .......... .......... .......... 44% 2.28M 52s
113500K .......... .......... .......... .......... .......... 44% 2.65M 52s
113550K .......... .......... .......... .......... .......... 44% 2.60M 52s
113600K .......... .......... .......... .......... .......... 45% 2.65M 52s
113650K .......... .......... .......... .......... .......... 45% 2.42M 52s
113700K .......... .......... .......... .......... .......... 45% 2.53M 52s
113750K .......... .......... .......... .......... .......... 45% 2.29M 52s
113800K .......... .......... .......... .......... .......... 45% 2.58M 52s
113850K .......... .......... .......... .......... .......... 45% 2.57M 52s
113900K .......... .......... .......... .......... .......... 45% 2.69M 52s
113950K .......... .......... .......... .......... .......... 45% 2.42M 52s
114000K .......... .......... .......... .......... .......... 45% 2.68M 52s
114050K .......... .......... .......... .......... .......... 45% 2.80M 52s
114100K .......... .......... .......... .......... .......... 45% 2.84M 51s
114150K .......... .......... .......... .......... .......... 45% 2.42M 51s
114200K .......... .......... .......... .......... .......... 45% 2.61M 51s
114250K .......... .......... .......... .......... .......... 45% 2.63M 51s
114300K .......... .......... .......... .......... .......... 45% 2.76M 51s
114350K .......... .......... .......... .......... .......... 45% 2.38M 51s
114400K .......... .......... .......... .......... .......... 45% 2.70M 51s
114450K .......... .......... .......... .......... .......... 45% 2.64M 51s
114500K .......... .......... .......... .......... .......... 45% 2.55M 51s
114550K .......... .......... .......... .......... .......... 45% 2.69M 51s
114600K .......... .......... .......... .......... .......... 45% 2.49M 51s
114650K .......... .......... .......... .......... .......... 45% 2.42M 51s
114700K .......... .......... .......... .......... .......... 45% 2.80M 51s
114750K .......... .......... .......... .......... .......... 45% 2.70M 51s
114800K .......... .......... .......... .......... .......... 45% 2.79M 51s
114850K .......... .......... .......... .......... .......... 45% 2.33M 51s
114900K .......... .......... .......... .......... .......... 45% 2.64M 51s
114950K .......... .......... .......... .......... .......... 45% 2.69M 51s
115000K .......... .......... .......... .......... .......... 45% 2.70M 51s
115050K .......... .......... .......... .......... .......... 45% 2.54M 51s
115100K .......... .......... .......... .......... .......... 45% 2.79M 51s
115150K .......... .......... .......... .......... .......... 45% 2.70M 51s
115200K .......... .......... .......... .......... .......... 45% 2.33M 51s
115250K .......... .......... .......... .......... .......... 45% 2.77M 51s
115300K .......... .......... .......... .......... .......... 45% 2.75M 51s
115350K .......... .......... .......... .......... .......... 45% 2.68M 51s
115400K .......... .......... .......... .......... .......... 45% 2.34M 51s
115450K .......... .......... .......... .......... .......... 45% 2.78M 51s
115500K .......... .......... .......... .......... .......... 45% 2.73M 51s
115550K .......... .......... .......... .......... .......... 45% 2.75M 51s
115600K .......... .......... .......... .......... .......... 45% 2.31M 51s
115650K .......... .......... .......... .......... .......... 45% 2.62M 51s
115700K .......... .......... .......... .......... .......... 45% 1.96M 51s
115750K .......... .......... .......... .......... .......... 45% 2.64M 51s
115800K .......... .......... .......... .......... .......... 45% 2.38M 51s
115850K .......... .......... .......... .......... .......... 45% 2.82M 51s
115900K .......... .......... .......... .......... .......... 45% 2.57M 51s
115950K .......... .......... .......... .......... .......... 45% 2.31M 51s
116000K .......... .......... .......... .......... .......... 45% 2.52M 51s
116050K .......... .......... .......... .......... .......... 45% 2.62M 51s
116100K .......... .......... .......... .......... .......... 45% 2.73M 51s
116150K .......... .......... .......... .......... .......... 46% 2.45M 51s
116200K .......... .......... .......... .......... .......... 46% 2.73M 51s
116250K .......... .......... .......... .......... .......... 46% 2.73M 51s
116300K .......... .......... .......... .......... .......... 46% 2.67M 51s
116350K .......... .......... .......... .......... .......... 46% 2.30M 51s
116400K .......... .......... .......... .......... .......... 46% 2.66M 51s
116450K .......... .......... .......... .......... .......... 46% 2.63M 51s
116500K .......... .......... .......... .......... .......... 46% 2.63M 51s
116550K .......... .......... .......... .......... .......... 46% 2.79M 51s
116600K .......... .......... .......... .......... .......... 46% 2.41M 51s
116650K .......... .......... .......... .......... .......... 46% 2.53M 51s
116700K .......... .......... .......... .......... .......... 46% 2.69M 51s
116750K .......... .......... .......... .......... .......... 46% 2.68M 51s
116800K .......... .......... .......... .......... .......... 46% 2.41M 51s
116850K .......... .......... .......... .......... .......... 46% 2.68M 50s
116900K .......... .......... .......... .......... .......... 46% 2.77M 50s
116950K .......... .......... .......... .......... .......... 46% 2.47M 50s
117000K .......... .......... .......... .......... .......... 46% 2.65M 50s
117050K .......... .......... .......... .......... .......... 46% 2.33M 50s
117100K .......... .......... .......... .......... .......... 46% 2.64M 50s
117150K .......... .......... .......... .......... .......... 46% 2.37M 50s
117200K .......... .......... .......... .......... .......... 46% 2.76M 50s
117250K .......... .......... .......... .......... .......... 46% 2.51M 50s
117300K .......... .......... .......... .......... .......... 46% 2.76M 50s
117350K .......... .......... .......... .......... .......... 46% 2.72M 50s
117400K .......... .......... .......... .......... .......... 46% 2.57M 50s
117450K .......... .......... .......... .......... .......... 46% 2.28M 50s
117500K .......... .......... .......... .......... .......... 46% 2.55M 50s
117550K .......... .......... .......... .......... .......... 46% 2.61M 50s
117600K .......... .......... .......... .......... .......... 46% 2.61M 50s
117650K .......... .......... .......... .......... .......... 46% 2.74M 50s
117700K .......... .......... .......... .......... .......... 46% 2.34M 50s
117750K .......... .......... .......... .......... .......... 46% 2.86M 50s
117800K .......... .......... .......... .......... .......... 46% 2.33M 50s
117850K .......... .......... .......... .......... .......... 46% 2.66M 50s
117900K .......... .......... .......... .......... .......... 46% 2.78M 50s
117950K .......... .......... .......... .......... .......... 46% 2.69M 50s
118000K .......... .......... .......... .......... .......... 46% 2.47M 50s
118050K .......... .......... .......... .......... .......... 46% 2.83M 50s
118100K .......... .......... .......... .......... .......... 46% 2.58M 50s
118150K .......... .......... .......... .......... .......... 46% 2.64M 50s
118200K .......... .......... .......... .......... .......... 46% 2.38M 50s
118250K .......... .......... .......... .......... .......... 46% 2.74M 50s
118300K .......... .......... .......... .......... .......... 46% 2.60M 50s
118350K .......... .......... .......... .......... .......... 46% 2.68M 50s
118400K .......... .......... .......... .......... .......... 46% 2.50M 50s
118450K .......... .......... .......... .......... .......... 46% 2.70M 50s
118500K .......... .......... .......... .......... .......... 46% 2.63M 50s
118550K .......... .......... .......... .......... .......... 46% 2.55M 50s
118600K .......... .......... .......... .......... .......... 46% 2.69M 50s
118650K .......... .......... .......... .......... .......... 47% 2.64M 50s
118700K .......... .......... .......... .......... .......... 47% 2.39M 50s
118750K .......... .......... .......... .......... .......... 47% 2.93M 50s
118800K .......... .......... .......... .......... .......... 47% 2.42M 50s
118850K .......... .......... .......... .......... .......... 47% 2.61M 50s
118900K .......... .......... .......... .......... .......... 47% 2.70M 50s
118950K .......... .......... .......... .......... .......... 47% 2.46M 50s
119000K .......... .......... .......... .......... .......... 47% 2.37M 50s
119050K .......... .......... .......... .......... .......... 47% 2.69M 50s
119100K .......... .......... .......... .......... .......... 47% 2.75M 50s
119150K .......... .......... .......... .......... .......... 47% 2.77M 50s
119200K .......... .......... .......... .......... .......... 47% 2.37M 50s
119250K .......... .......... .......... .......... .......... 47% 2.67M 50s
119300K .......... .......... .......... .......... .......... 47% 2.56M 50s
119350K .......... .......... .......... .......... .......... 47% 2.59M 50s
119400K .......... .......... .......... .......... .......... 47% 2.25M 50s
119450K .......... .......... .......... .......... .......... 47% 2.67M 50s
119500K .......... .......... .......... .......... .......... 47% 2.70M 50s
119550K .......... .......... .......... .......... .......... 47% 2.72M 49s
119600K .......... .......... .......... .......... .......... 47% 2.32M 49s
119650K .......... .......... .......... .......... .......... 47% 2.45M 49s
119700K .......... .......... .......... .......... .......... 47% 2.45M 49s
119750K .......... .......... .......... .......... .......... 47% 2.25M 49s
119800K .......... .......... .......... .......... .......... 47% 2.62M 49s
119850K .......... .......... .......... .......... .......... 47% 2.63M 49s
119900K .......... .......... .......... .......... .......... 47% 2.78M 49s
119950K .......... .......... .......... .......... .......... 47% 2.60M 49s
120000K .......... .......... .......... .......... .......... 47% 2.30M 49s
120050K .......... .......... .......... .......... .......... 47% 2.64M 49s
120100K .......... .......... .......... .......... .......... 47% 2.72M 49s
120150K .......... .......... .......... .......... .......... 47% 2.67M 49s
120200K .......... .......... .......... .......... .......... 47% 2.36M 49s
120250K .......... .......... .......... .......... .......... 47% 2.79M 49s
120300K .......... .......... .......... .......... .......... 47% 2.82M 49s
120350K .......... .......... .......... .......... .......... 47% 2.66M 49s
120400K .......... .......... .......... .......... .......... 47% 2.38M 49s
120450K .......... .......... .......... .......... .......... 47% 2.76M 49s
120500K .......... .......... .......... .......... .......... 47% 2.46M 49s
120550K .......... .......... .......... .......... .......... 47% 2.49M 49s
120600K .......... .......... .......... .......... .......... 47% 2.44M 49s
120650K .......... .......... .......... .......... .......... 47% 2.28M 49s
120700K .......... .......... .......... .......... .......... 47% 2.58M 49s
120750K .......... .......... .......... .......... .......... 47% 2.54M 49s
120800K .......... .......... .......... .......... .......... 47% 2.39M 49s
120850K .......... .......... .......... .......... .......... 47% 2.72M 49s
120900K .......... .......... .......... .......... .......... 47% 2.62M 49s
120950K .......... .......... .......... .......... .......... 47% 2.36M 49s
121000K .......... .......... .......... .......... .......... 47% 2.70M 49s
121050K .......... .......... .......... .......... .......... 47% 2.74M 49s
121100K .......... .......... .......... .......... .......... 47% 2.61M 49s
121150K .......... .......... .......... .......... .......... 47% 2.39M 49s
121200K .......... .......... .......... .......... .......... 48% 2.53M 49s
121250K .......... .......... .......... .......... .......... 48% 2.65M 49s
121300K .......... .......... .......... .......... .......... 48% 2.57M 49s
121350K .......... .......... .......... .......... .......... 48% 2.74M 49s
121400K .......... .......... .......... .......... .......... 48% 2.34M 49s
121450K .......... .......... .......... .......... .......... 48% 2.70M 49s
121500K .......... .......... .......... .......... .......... 48% 2.65M 49s
121550K .......... .......... .......... .......... .......... 48% 2.54M 49s
121600K .......... .......... .......... .......... .......... 48% 2.16M 49s
121650K .......... .......... .......... .......... .......... 48% 2.59M 49s
121700K .......... .......... .......... .......... .......... 48% 2.55M 49s
121750K .......... .......... .......... .......... .......... 48% 2.42M 49s
121800K .......... .......... .......... .......... .......... 48% 2.50M 49s
121850K .......... .......... .......... .......... .......... 48% 2.32M 49s
121900K .......... .......... .......... .......... .......... 48% 2.64M 49s
121950K .......... .......... .......... .......... .......... 48% 2.48M 49s
122000K .......... .......... .......... .......... .......... 48% 2.60M 49s
122050K .......... .......... .......... .......... .......... 48% 2.38M 49s
122100K .......... .......... .......... .......... .......... 48% 2.63M 49s
122150K .......... .......... .......... .......... .......... 48% 2.65M 49s
122200K .......... .......... .......... .......... .......... 48% 2.31M 49s
122250K .......... .......... .......... .......... .......... 48% 2.65M 49s
122300K .......... .......... .......... .......... .......... 48% 2.54M 49s
122350K .......... .......... .......... .......... .......... 48% 2.50M 48s
122400K .......... .......... .......... .......... .......... 48% 2.67M 48s
122450K .......... .......... .......... .......... .......... 48% 2.38M 48s
122500K .......... .......... .......... .......... .......... 48% 2.60M 48s
122550K .......... .......... .......... .......... .......... 48% 2.67M 48s
122600K .......... .......... .......... .......... .......... 48% 2.26M 48s
122650K .......... .......... .......... .......... .......... 48% 2.56M 48s
122700K .......... .......... .......... .......... .......... 48% 2.63M 48s
122750K .......... .......... .......... .......... .......... 48% 2.66M 48s
122800K .......... .......... .......... .......... .......... 48% 2.54M 48s
122850K .......... .......... .......... .......... .......... 48% 2.53M 48s
122900K .......... .......... .......... .......... .......... 48% 2.58M 48s
122950K .......... .......... .......... .......... .......... 48% 2.36M 48s
123000K .......... .......... .......... .......... .......... 48% 2.72M 48s
123050K .......... .......... .......... .......... .......... 48% 2.63M 48s
123100K .......... .......... .......... .......... .......... 48% 2.66M 48s
123150K .......... .......... .......... .......... .......... 48% 2.44M 48s
123200K .......... .......... .......... .......... .......... 48% 2.82M 48s
123250K .......... .......... .......... .......... .......... 48% 2.72M 48s
123300K .......... .......... .......... .......... .......... 48% 2.68M 48s
123350K .......... .......... .......... .......... .......... 48% 2.37M 48s
123400K .......... .......... .......... .......... .......... 48% 2.67M 48s
123450K .......... .......... .......... .......... .......... 48% 2.67M 48s
123500K .......... .......... .......... .......... .......... 48% 2.65M 48s
123550K .......... .......... .......... .......... .......... 48% 2.46M 48s
123600K .......... .......... .......... .......... .......... 48% 2.69M 48s
123650K .......... .......... .......... .......... .......... 48% 2.72M 48s
123700K .......... .......... .......... .......... .......... 49% 2.55M 48s
123750K .......... .......... .......... .......... .......... 49% 2.28M 48s
123800K .......... .......... .......... .......... .......... 49% 2.66M 48s
123850K .......... .......... .......... .......... .......... 49% 2.75M 48s
123900K .......... .......... .......... .......... .......... 49% 2.69M 48s
123950K .......... .......... .......... .......... .......... 49% 2.40M 48s
124000K .......... .......... .......... .......... .......... 49% 2.70M 48s
124050K .......... .......... .......... .......... .......... 49% 2.53M 48s
124100K .......... .......... .......... .......... .......... 49% 2.67M 48s
124150K .......... .......... .......... .......... .......... 49% 2.56M 48s
124200K .......... .......... .......... .......... .......... 49% 2.25M 48s
124250K .......... .......... .......... .......... .......... 49% 2.69M 48s
124300K .......... .......... .......... .......... .......... 49% 2.77M 48s
124350K .......... .......... .......... .......... .......... 49% 2.71M 48s
124400K .......... .......... .......... .......... .......... 49% 2.34M 48s
124450K .......... .......... .......... .......... .......... 49% 2.67M 48s
124500K .......... .......... .......... .......... .......... 49% 2.64M 48s
124550K .......... .......... .......... .......... .......... 49% 2.67M 48s
124600K .......... .......... .......... .......... .......... 49% 2.29M 48s
124650K .......... .......... .......... .......... .......... 49% 2.82M 48s
124700K .......... .......... .......... .......... .......... 49% 2.68M 48s
124750K .......... .......... .......... .......... .......... 49% 2.69M 48s
124800K .......... .......... .......... .......... .......... 49% 2.34M 48s
124850K .......... .......... .......... .......... .......... 49% 2.57M 48s
124900K .......... .......... .......... .......... .......... 49% 2.58M 48s
124950K .......... .......... .......... .......... .......... 49% 2.65M 48s
125000K .......... .......... .......... .......... .......... 49% 2.34M 48s
125050K .......... .......... .......... .......... .......... 49% 2.78M 48s
125100K .......... .......... .......... .......... .......... 49% 2.67M 47s
125150K .......... .......... .......... .......... .......... 49% 2.63M 47s
125200K .......... .......... .......... .......... .......... 49% 2.38M 47s
125250K .......... .......... .......... .......... .......... 49% 2.76M 47s
125300K .......... .......... .......... .......... .......... 49% 2.69M 47s
125350K .......... .......... .......... .......... .......... 49% 2.61M 47s
125400K .......... .......... .......... .......... .......... 49% 2.42M 47s
125450K .......... .......... .......... .......... .......... 49% 2.63M 47s
125500K .......... .......... .......... .......... .......... 49% 2.46M 47s
125550K .......... .......... .......... .......... .......... 49% 2.31M 47s
125600K .......... .......... .......... .......... .......... 49% 2.65M 47s
125650K .......... .......... .......... .......... .......... 49% 2.67M 47s
125700K .......... .......... .......... .......... .......... 49% 2.66M 47s
125750K .......... .......... .......... .......... .......... 49% 2.38M 47s
125800K .......... .......... .......... .......... .......... 49% 2.63M 47s
125850K .......... .......... .......... .......... .......... 49% 2.43M 47s
125900K .......... .......... .......... .......... .......... 49% 2.66M 47s
125950K .......... .......... .......... .......... .......... 49% 2.82M 47s
126000K .......... .......... .......... .......... .......... 49% 2.36M 47s
126050K .......... .......... .......... .......... .......... 49% 2.60M 47s
126100K .......... .......... .......... .......... .......... 49% 2.77M 47s
126150K .......... .......... .......... .......... .......... 49% 2.79M 47s
126200K .......... .......... .......... .......... .......... 49% 2.37M 47s
126250K .......... .......... .......... .......... .......... 50% 2.51M 47s
126300K .......... .......... .......... .......... .......... 50% 2.63M 47s
126350K .......... .......... .......... .......... .......... 50% 2.75M 47s
126400K .......... .......... .......... .......... .......... 50% 2.37M 47s
126450K .......... .......... .......... .......... .......... 50% 2.73M 47s
126500K .......... .......... .......... .......... .......... 50% 2.74M 47s
126550K .......... .......... .......... .......... .......... 50% 2.64M 47s
126600K .......... .......... .......... .......... .......... 50% 2.74M 47s
126650K .......... .......... .......... .......... .......... 50% 2.34M 47s
126700K .......... .......... .......... .......... .......... 50% 2.71M 47s
126750K .......... .......... .......... .......... .......... 50% 2.73M 47s
126800K .......... .......... .......... .......... .......... 50% 2.65M 47s
126850K .......... .......... .......... .......... .......... 50% 2.37M 47s
126900K .......... .......... .......... .......... .......... 50% 2.76M 47s
126950K .......... .......... .......... .......... .......... 50% 2.73M 47s
127000K .......... .......... .......... .......... .......... 50% 2.45M 47s
127050K .......... .......... .......... .......... .......... 50% 2.76M 47s
127100K .......... .......... .......... .......... .......... 50% 2.73M 47s
127150K .......... .......... .......... .......... .......... 50% 2.67M 47s
127200K .......... .......... .......... .......... .......... 50% 2.41M 47s
127250K .......... .......... .......... .......... .......... 50% 2.77M 47s
127300K .......... .......... .......... .......... .......... 50% 2.80M 47s
127350K .......... .......... .......... .......... .......... 50% 2.68M 47s
127400K .......... .......... .......... .......... .......... 50% 2.31M 47s
127450K .......... .......... .......... .......... .......... 50% 2.77M 47s
127500K .......... .......... .......... .......... .......... 50% 2.55M 47s
127550K .......... .......... .......... .......... .......... 50% 2.74M 47s
127600K .......... .......... .......... .......... .......... 50% 2.57M 47s
127650K .......... .......... .......... .......... .......... 50% 2.44M 47s
127700K .......... .......... .......... .......... .......... 50% 2.78M 47s
127750K .......... .......... .......... .......... .......... 50% 2.40M 47s
127800K .......... .......... .......... .......... .......... 50% 2.68M 46s
127850K .......... .......... .......... .......... .......... 50% 2.36M 46s
127900K .......... .......... .......... .......... .......... 50% 2.70M 46s
127950K .......... .......... .......... .......... .......... 50% 2.72M 46s
128000K .......... .......... .......... .......... .......... 50% 2.61M 46s
128050K .......... .......... .......... .......... .......... 50% 2.74M 46s
128100K .......... .......... .......... .......... .......... 50% 2.70M 46s
128150K .......... .......... .......... .......... .......... 50% 2.35M 46s
128200K .......... .......... .......... .......... .......... 50% 2.67M 46s
128250K .......... .......... .......... .......... .......... 50% 2.60M 46s
128300K .......... .......... .......... .......... .......... 50% 2.65M 46s
128350K .......... .......... .......... .......... .......... 50% 2.53M 46s
128400K .......... .......... .......... .......... .......... 50% 2.45M 46s
128450K .......... .......... .......... .......... .......... 50% 2.66M 46s
128500K .......... .......... .......... .......... .......... 50% 2.62M 46s
128550K .......... .......... .......... .......... .......... 50% 2.75M 46s
128600K .......... .......... .......... .......... .......... 50% 2.38M 46s
128650K .......... .......... .......... .......... .......... 50% 2.72M 46s
128700K .......... .......... .......... .......... .......... 50% 2.58M 46s
128750K .......... .......... .......... .......... .......... 51% 2.75M 46s
128800K .......... .......... .......... .......... .......... 51% 2.44M 46s
128850K .......... .......... .......... .......... .......... 51% 2.71M 46s
128900K .......... .......... .......... .......... .......... 51% 2.67M 46s
128950K .......... .......... .......... .......... .......... 51% 2.67M 46s
129000K .......... .......... .......... .......... .......... 51% 2.39M 46s
129050K .......... .......... .......... .......... .......... 51% 2.62M 46s
129100K .......... .......... .......... .......... .......... 51% 2.70M 46s
129150K .......... .......... .......... .......... .......... 51% 2.81M 46s
129200K .......... .......... .......... .......... .......... 51% 2.31M 46s
129250K .......... .......... .......... .......... .......... 51% 2.75M 46s
129300K .......... .......... .......... .......... .......... 51% 2.81M 46s
129350K .......... .......... .......... .......... .......... 51% 2.38M 46s
129400K .......... .......... .......... .......... .......... 51% 2.77M 46s
129450K .......... .......... .......... .......... .......... 51% 2.67M 46s
129500K .......... .......... .......... .......... .......... 51% 2.67M 46s
129550K .......... .......... .......... .......... .......... 51% 2.46M 46s
129600K .......... .......... .......... .......... .......... 51% 2.70M 46s
129650K .......... .......... .......... .......... .......... 51% 2.61M 46s
129700K .......... .......... .......... .......... .......... 51% 2.76M 46s
129750K .......... .......... .......... .......... .......... 51% 2.36M 46s
129800K .......... .......... .......... .......... .......... 51% 2.66M 46s
129850K .......... .......... .......... .......... .......... 51% 2.68M 46s
129900K .......... .......... .......... .......... .......... 51% 2.70M 46s
129950K .......... .......... .......... .......... .......... 51% 2.35M 46s
130000K .......... .......... .......... .......... .......... 51% 2.63M 46s
130050K .......... .......... .......... .......... .......... 51% 2.68M 46s
130100K .......... .......... .......... .......... .......... 51% 2.60M 46s
130150K .......... .......... .......... .......... .......... 51% 2.28M 46s
130200K .......... .......... .......... .......... .......... 51% 2.71M 46s
130250K .......... .......... .......... .......... .......... 51% 2.75M 46s
130300K .......... .......... .......... .......... .......... 51% 2.84M 46s
130350K .......... .......... .......... .......... .......... 51% 2.31M 46s
130400K .......... .......... .......... .......... .......... 51% 2.78M 46s
130450K .......... .......... .......... .......... .......... 51% 2.67M 46s
130500K .......... .......... .......... .......... .......... 51% 2.58M 45s
130550K .......... .......... .......... .......... .......... 51% 2.75M 45s
130600K .......... .......... .......... .......... .......... 51% 2.39M 45s
130650K .......... .......... .......... .......... .......... 51% 2.82M 45s
130700K .......... .......... .......... .......... .......... 51% 2.75M 45s
130750K .......... .......... .......... .......... .......... 51% 2.71M 45s
130800K .......... .......... .......... .......... .......... 51% 2.36M 45s
130850K .......... .......... .......... .......... .......... 51% 2.52M 45s
130900K .......... .......... .......... .......... .......... 51% 2.77M 45s
130950K .......... .......... .......... .......... .......... 51% 2.79M 45s
131000K .......... .......... .......... .......... .......... 51% 2.44M 45s
131050K .......... .......... .......... .......... .......... 51% 2.78M 45s
131100K .......... .......... .......... .......... .......... 51% 2.75M 45s
131150K .......... .......... .......... .......... .......... 51% 2.59M 45s
131200K .......... .......... .......... .......... .......... 51% 2.38M 45s
131250K .......... .......... .......... .......... .......... 51% 2.75M 45s
131300K .......... .......... .......... .......... .......... 52% 2.71M 45s
131350K .......... .......... .......... .......... .......... 52% 2.77M 45s
131400K .......... .......... .......... .......... .......... 52% 2.43M 45s
131450K .......... .......... .......... .......... .......... 52% 2.83M 45s
131500K .......... .......... .......... .......... .......... 52% 2.29M 45s
131550K .......... .......... .......... .......... .......... 52% 2.64M 45s
131600K .......... .......... .......... .......... .......... 52% 2.64M 45s
131650K .......... .......... .......... .......... .......... 52% 2.69M 45s
131700K .......... .......... .......... .......... .......... 52% 2.48M 45s
131750K .......... .......... .......... .......... .......... 52% 2.67M 45s
131800K .......... .......... .......... .......... .......... 52% 2.67M 45s
131850K .......... .......... .......... .......... .......... 52% 2.53M 45s
131900K .......... .......... .......... .......... .......... 52% 2.32M 45s
131950K .......... .......... .......... .......... .......... 52% 2.77M 45s
132000K .......... .......... .......... .......... .......... 52% 2.67M 45s
132050K .......... .......... .......... .......... .......... 52% 2.67M 45s
132100K .......... .......... .......... .......... .......... 52% 2.42M 45s
132150K .......... .......... .......... .......... .......... 52% 2.68M 45s
132200K .......... .......... .......... .......... .......... 52% 2.65M 45s
132250K .......... .......... .......... .......... .......... 52% 2.73M 45s
132300K .......... .......... .......... .......... .......... 52% 2.33M 45s
132350K .......... .......... .......... .......... .......... 52% 2.75M 45s
132400K .......... .......... .......... .......... .......... 52% 2.72M 45s
132450K .......... .......... .......... .......... .......... 52% 2.82M 45s
132500K .......... .......... .......... .......... .......... 52% 2.63M 45s
132550K .......... .......... .......... .......... .......... 52% 2.24M 45s
132600K .......... .......... .......... .......... .......... 52% 2.56M 45s
132650K .......... .......... .......... .......... .......... 52% 2.72M 45s
132700K .......... .......... .......... .......... .......... 52% 2.70M 45s
132750K .......... .......... .......... .......... .......... 52% 2.36M 45s
132800K .......... .......... .......... .......... .......... 52% 2.79M 45s
132850K .......... .......... .......... .......... .......... 52% 2.76M 45s
132900K .......... .......... .......... .......... .......... 52% 2.47M 45s
132950K .......... .......... .......... .......... .......... 52% 2.23M 45s
133000K .......... .......... .......... .......... .......... 52% 2.83M 45s
133050K .......... .......... .......... .......... .......... 52% 2.66M 45s
133100K .......... .......... .......... .......... .......... 52% 2.56M 45s
133150K .......... .......... .......... .......... .......... 52% 2.72M 45s
133200K .......... .......... .......... .......... .......... 52% 2.32M 44s
133250K .......... .......... .......... .......... .......... 52% 2.57M 44s
133300K .......... .......... .......... .......... .......... 52% 2.52M 44s
133350K .......... .......... .......... .......... .......... 52% 2.26M 44s
133400K .......... .......... .......... .......... .......... 52% 2.78M 44s
133450K .......... .......... .......... .......... .......... 52% 2.63M 44s
133500K .......... .......... .......... .......... .......... 52% 2.72M 44s
133550K .......... .......... .......... .......... .......... 52% 2.45M 44s
133600K .......... .......... .......... .......... .......... 52% 2.71M 44s
133650K .......... .......... .......... .......... .......... 52% 2.63M 44s
133700K .......... .......... .......... .......... .......... 52% 2.70M 44s
133750K .......... .......... .......... .......... .......... 52% 2.34M 44s
133800K .......... .......... .......... .......... .......... 53% 2.71M 44s
133850K .......... .......... .......... .......... .......... 53% 2.60M 44s
133900K .......... .......... .......... .......... .......... 53% 2.79M 44s
133950K .......... .......... .......... .......... .......... 53% 2.78M 44s
134000K .......... .......... .......... .......... .......... 53% 2.43M 44s
134050K .......... .......... .......... .......... .......... 53% 2.70M 44s
134100K .......... .......... .......... .......... .......... 53% 2.73M 44s
134150K .......... .......... .......... .......... .......... 53% 2.63M 44s
134200K .......... .......... .......... .......... .......... 53% 2.34M 44s
134250K .......... .......... .......... .......... .......... 53% 2.73M 44s
134300K .......... .......... .......... .......... .......... 53% 2.72M 44s
134350K .......... .......... .......... .......... .......... 53% 2.44M 44s
134400K .......... .......... .......... .......... .......... 53% 2.45M 44s
134450K .......... .......... .......... .......... .......... 53% 2.83M 44s
134500K .......... .......... .......... .......... .......... 53% 2.75M 44s
134550K .......... .......... .......... .......... .......... 53% 2.38M 44s
134600K .......... .......... .......... .......... .......... 53% 2.65M 44s
134650K .......... .......... .......... .......... .......... 53% 2.66M 44s
134700K .......... .......... .......... .......... .......... 53% 2.76M 44s
134750K .......... .......... .......... .......... .......... 53% 2.42M 44s
134800K .......... .......... .......... .......... .......... 53% 2.66M 44s
134850K .......... .......... .......... .......... .......... 53% 2.76M 44s
134900K .......... .......... .......... .......... .......... 53% 2.64M 44s
134950K .......... .......... .......... .......... .......... 53% 2.34M 44s
135000K .......... .......... .......... .......... .......... 53% 2.62M 44s
135050K .......... .......... .......... .......... .......... 53% 2.63M 44s
135100K .......... .......... .......... .......... .......... 53% 2.74M 44s
135150K .......... .......... .......... .......... .......... 53% 2.41M 44s
135200K .......... .......... .......... .......... .......... 53% 2.65M 44s
135250K .......... .......... .......... .......... .......... 53% 2.69M 44s
135300K .......... .......... .......... .......... .......... 53% 2.75M 44s
135350K .......... .......... .......... .......... .......... 53% 2.40M 44s
135400K .......... .......... .......... .......... .......... 53% 2.70M 44s
135450K .......... .......... .......... .......... .......... 53% 2.77M 44s
135500K .......... .......... .......... .......... .......... 53% 2.67M 44s
135550K .......... .......... .......... .......... .......... 53% 2.39M 44s
135600K .......... .......... .......... .......... .......... 53% 2.60M 44s
135650K .......... .......... .......... .......... .......... 53% 2.61M 44s
135700K .......... .......... .......... .......... .......... 53% 2.63M 44s
135750K .......... .......... .......... .......... .......... 53% 2.23M 44s
135800K .......... .......... .......... .......... .......... 53% 2.64M 44s
135850K .......... .......... .......... .......... .......... 53% 2.69M 44s
135900K .......... .......... .......... .......... .......... 53% 2.72M 43s
135950K .......... .......... .......... .......... .......... 53% 2.38M 43s
136000K .......... .......... .......... .......... .......... 53% 2.71M 43s
136050K .......... .......... .......... .......... .......... 53% 2.56M 43s
136100K .......... .......... .......... .......... .......... 53% 2.74M 43s
136150K .......... .......... .......... .......... .......... 53% 2.58M 43s
136200K .......... .......... .......... .......... .......... 53% 2.49M 43s
136250K .......... .......... .......... .......... .......... 53% 2.75M 43s
136300K .......... .......... .......... .......... .......... 53% 2.69M 43s
136350K .......... .......... .......... .......... .......... 54% 2.68M 43s
136400K .......... .......... .......... .......... .......... 54% 2.38M 43s
136450K .......... .......... .......... .......... .......... 54% 2.62M 43s
136500K .......... .......... .......... .......... .......... 54% 2.73M 43s
136550K .......... .......... .......... .......... .......... 54% 2.66M 43s
136600K .......... .......... .......... .......... .......... 54% 2.45M 43s
136650K .......... .......... .......... .......... .......... 54% 2.68M 43s
136700K .......... .......... .......... .......... .......... 54% 2.63M 43s
136750K .......... .......... .......... .......... .......... 54% 2.74M 43s
136800K .......... .......... .......... .......... .......... 54% 2.33M 43s
136850K .......... .......... .......... .......... .......... 54% 2.68M 43s
136900K .......... .......... .......... .......... .......... 54% 2.65M 43s
136950K .......... .......... .......... .......... .......... 54% 2.77M 43s
137000K .......... .......... .......... .......... .......... 54% 2.48M 43s
137050K .......... .......... .......... .......... .......... 54% 2.71M 43s
137100K .......... .......... .......... .......... .......... 54% 2.72M 43s
137150K .......... .......... .......... .......... .......... 54% 2.66M 43s
137200K .......... .......... .......... .......... .......... 54% 2.26M 43s
137250K .......... .......... .......... .......... .......... 54% 2.62M 43s
137300K .......... .......... .......... .......... .......... 54% 2.77M 43s
137350K .......... .......... .......... .......... .......... 54% 2.78M 43s
137400K .......... .......... .......... .......... .......... 54% 2.36M 43s
137450K .......... .......... .......... .......... .......... 54% 2.65M 43s
137500K .......... .......... .......... .......... .......... 54% 2.72M 43s
137550K .......... .......... .......... .......... .......... 54% 2.70M 43s
137600K .......... .......... .......... .......... .......... 54% 2.36M 43s
137650K .......... .......... .......... .......... .......... 54% 2.66M 43s
137700K .......... .......... .......... .......... .......... 54% 2.71M 43s
137750K .......... .......... .......... .......... .......... 54% 2.75M 43s
137800K .......... .......... .......... .......... .......... 54% 2.27M 43s
137850K .......... .......... .......... .......... .......... 54% 2.63M 43s
137900K .......... .......... .......... .......... .......... 54% 2.62M 43s
137950K .......... .......... .......... .......... .......... 54% 2.65M 43s
138000K .......... .......... .......... .......... .......... 54% 2.32M 43s
138050K .......... .......... .......... .......... .......... 54% 2.51M 43s
138100K .......... .......... .......... .......... .......... 54% 2.58M 43s
138150K .......... .......... .......... .......... .......... 54% 2.45M 43s
138200K .......... .......... .......... .......... .......... 54% 2.29M 43s
138250K .......... .......... .......... .......... .......... 54% 2.56M 43s
138300K .......... .......... .......... .......... .......... 54% 2.63M 43s
138350K .......... .......... .......... .......... .......... 54% 2.72M 43s
138400K .......... .......... .......... .......... .......... 54% 2.38M 43s
138450K .......... .......... .......... .......... .......... 54% 2.78M 43s
138500K .......... .......... .......... .......... .......... 54% 2.65M 43s
138550K .......... .......... .......... .......... .......... 54% 2.67M 43s
138600K .......... .......... .......... .......... .......... 54% 1.89M 43s
138650K .......... .......... .......... .......... .......... 54% 2.59M 42s
138700K .......... .......... .......... .......... .......... 54% 2.56M 42s
138750K .......... .......... .......... .......... .......... 54% 2.55M 42s
138800K .......... .......... .......... .......... .......... 54% 2.41M 42s
138850K .......... .......... .......... .......... .......... 55% 2.61M 42s
138900K .......... .......... .......... .......... .......... 55% 2.47M 42s
138950K .......... .......... .......... .......... .......... 55% 2.56M 42s
139000K .......... .......... .......... .......... .......... 55% 2.39M 42s
139050K .......... .......... .......... .......... .......... 55% 2.61M 42s
139100K .......... .......... .......... .......... .......... 55% 2.23M 42s
139150K .......... .......... .......... .......... .......... 55% 2.59M 42s
139200K .......... .......... .......... .......... .......... 55% 2.48M 42s
139250K .......... .......... .......... .......... .......... 55% 2.42M 42s
139300K .......... .......... .......... .......... .......... 55% 2.68M 42s
139350K .......... .......... .......... .......... .......... 55% 2.72M 42s
139400K .......... .......... .......... .......... .......... 55% 2.37M 42s
139450K .......... .......... .......... .......... .......... 55% 2.59M 42s
139500K .......... .......... .......... .......... .......... 55% 2.54M 42s
139550K .......... .......... .......... .......... .......... 55% 2.68M 42s
139600K .......... .......... .......... .......... .......... 55% 2.22M 42s
139650K .......... .......... .......... .......... .......... 55% 2.55M 42s
139700K .......... .......... .......... .......... .......... 55% 2.51M 42s
139750K .......... .......... .......... .......... .......... 55% 2.62M 42s
139800K .......... .......... .......... .......... .......... 55% 2.31M 42s
139850K .......... .......... .......... .......... .......... 55% 2.52M 42s
139900K .......... .......... .......... .......... .......... 55% 2.70M 42s
139950K .......... .......... .......... .......... .......... 55% 2.29M 42s
140000K .......... .......... .......... .......... .......... 55% 2.70M 42s
140050K .......... .......... .......... .......... .......... 55% 2.63M 42s
140100K .......... .......... .......... .......... .......... 55% 2.55M 42s
140150K .......... .......... .......... .......... .......... 55% 2.28M 42s
140200K .......... .......... .......... .......... .......... 55% 2.75M 42s
140250K .......... .......... .......... .......... .......... 55% 2.67M 42s
140300K .......... .......... .......... .......... .......... 55% 2.57M 42s
140350K .......... .......... .......... .......... .......... 55% 2.27M 42s
140400K .......... .......... .......... .......... .......... 55% 2.58M 42s
140450K .......... .......... .......... .......... .......... 55% 2.55M 42s
140500K .......... .......... .......... .......... .......... 55% 2.58M 42s
140550K .......... .......... .......... .......... .......... 55% 2.28M 42s
140600K .......... .......... .......... .......... .......... 55% 2.56M 42s
140650K .......... .......... .......... .......... .......... 55% 2.43M 42s
140700K .......... .......... .......... .......... .......... 55% 2.43M 42s
140750K .......... .......... .......... .......... .......... 55% 2.24M 42s
140800K .......... .......... .......... .......... .......... 55% 2.02M 42s
140850K .......... .......... .......... .......... .......... 55% 2.55M 42s
140900K .......... .......... .......... .......... .......... 55% 2.60M 42s
140950K .......... .......... .......... .......... .......... 55% 2.26M 42s
141000K .......... .......... .......... .......... .......... 55% 2.66M 42s
141050K .......... .......... .......... .......... .......... 55% 2.71M 42s
141100K .......... .......... .......... .......... .......... 55% 2.74M 42s
141150K .......... .......... .......... .......... .......... 55% 2.35M 42s
141200K .......... .......... .......... .......... .......... 55% 2.73M 42s
141250K .......... .......... .......... .......... .......... 55% 2.49M 42s
141300K .......... .......... .......... .......... .......... 55% 2.86M 42s
141350K .......... .......... .......... .......... .......... 55% 2.71M 42s
141400K .......... .......... .......... .......... .......... 56% 2.39M 41s
141450K .......... .......... .......... .......... .......... 56% 2.68M 41s
141500K .......... .......... .......... .......... .......... 56% 2.56M 41s
141550K .......... .......... .......... .......... .......... 56% 2.57M 41s
141600K .......... .......... .......... .......... .......... 56% 2.34M 41s
141650K .......... .......... .......... .......... .......... 56% 2.67M 41s
141700K .......... .......... .......... .......... .......... 56% 2.69M 41s
141750K .......... .......... .......... .......... .......... 56% 2.73M 41s
141800K .......... .......... .......... .......... .......... 56% 2.37M 41s
141850K .......... .......... .......... .......... .......... 56% 2.75M 41s
141900K .......... .......... .......... .......... .......... 56% 2.75M 41s
141950K .......... .......... .......... .......... .......... 56% 2.71M 41s
142000K .......... .......... .......... .......... .......... 56% 2.37M 41s
142050K .......... .......... .......... .......... .......... 56% 2.68M 41s
142100K .......... .......... .......... .......... .......... 56% 2.38M 41s
142150K .......... .......... .......... .......... .......... 56% 2.67M 41s
142200K .......... .......... .......... .......... .......... 56% 2.57M 41s
142250K .......... .......... .......... .......... .......... 56% 2.46M 41s
142300K .......... .......... .......... .......... .......... 56% 2.34M 41s
142350K .......... .......... .......... .......... .......... 56% 2.41M 41s
142400K .......... .......... .......... .......... .......... 56% 2.34M 41s
142450K .......... .......... .......... .......... .......... 56% 2.63M 41s
142500K .......... .......... .......... .......... .......... 56% 2.58M 41s
142550K .......... .......... .......... .......... .......... 56% 2.55M 41s
142600K .......... .......... .......... .......... .......... 56% 2.09M 41s
142650K .......... .......... .......... .......... .......... 56% 2.71M 41s
142700K .......... .......... .......... .......... .......... 56% 2.70M 41s
142750K .......... .......... .......... .......... .......... 56% 2.76M 41s
142800K .......... .......... .......... .......... .......... 56% 2.38M 41s
142850K .......... .......... .......... .......... .......... 56% 2.74M 41s
142900K .......... .......... .......... .......... .......... 56% 2.72M 41s
142950K .......... .......... .......... .......... .......... 56% 2.68M 41s
143000K .......... .......... .......... .......... .......... 56% 2.58M 41s
143050K .......... .......... .......... .......... .......... 56% 2.34M 41s
143100K .......... .......... .......... .......... .......... 56% 2.71M 41s
143150K .......... .......... .......... .......... .......... 56% 2.06M 41s
143200K .......... .......... .......... .......... .......... 56% 2.62M 41s
143250K .......... .......... .......... .......... .......... 56% 2.34M 41s
143300K .......... .......... .......... .......... .......... 56% 2.20M 41s
143350K .......... .......... .......... .......... .......... 56% 2.75M 41s
143400K .......... .......... .......... .......... .......... 56% 2.75M 41s
143450K .......... .......... .......... .......... .......... 56% 2.41M 41s
143500K .......... .......... .......... .......... .......... 56% 2.54M 41s
143550K .......... .......... .......... .......... .......... 56% 2.18M 41s
143600K .......... .......... .......... .......... .......... 56% 2.56M 41s
143650K .......... .......... .......... .......... .......... 56% 2.72M 41s
143700K .......... .......... .......... .......... .......... 56% 2.61M 41s
143750K .......... .......... .......... .......... .......... 56% 2.37M 41s
143800K .......... .......... .......... .......... .......... 56% 2.30M 41s
143850K .......... .......... .......... .......... .......... 56% 2.65M 41s
143900K .......... .......... .......... .......... .......... 57% 2.64M 41s
143950K .......... .......... .......... .......... .......... 57% 2.37M 41s
144000K .......... .......... .......... .......... .......... 57% 2.63M 41s
144050K .......... .......... .......... .......... .......... 57% 2.74M 41s
144100K .......... .......... .......... .......... .......... 57% 2.62M 41s
144150K .......... .......... .......... .......... .......... 57% 2.33M 40s
144200K .......... .......... .......... .......... .......... 57% 2.73M 40s
144250K .......... .......... .......... .......... .......... 57% 2.62M 40s
144300K .......... .......... .......... .......... .......... 57% 2.70M 40s
144350K .......... .......... .......... .......... .......... 57% 2.64M 40s
144400K .......... .......... .......... .......... .......... 57% 2.46M 40s
144450K .......... .......... .......... .......... .......... 57% 2.67M 40s
144500K .......... .......... .......... .......... .......... 57% 2.48M 40s
144550K .......... .......... .......... .......... .......... 57% 2.38M 40s
144600K .......... .......... .......... .......... .......... 57% 2.69M 40s
144650K .......... .......... .......... .......... .......... 57% 2.70M 40s
144700K .......... .......... .......... .......... .......... 57% 2.64M 40s
144750K .......... .......... .......... .......... .......... 57% 2.39M 40s
144800K .......... .......... .......... .......... .......... 57% 2.57M 40s
144850K .......... .......... .......... .......... .......... 57% 2.60M 40s
144900K .......... .......... .......... .......... .......... 57% 2.63M 40s
144950K .......... .......... .......... .......... .......... 57% 2.31M 40s
145000K .......... .......... .......... .......... .......... 57% 2.57M 40s
145050K .......... .......... .......... .......... .......... 57% 2.58M 40s
145100K .......... .......... .......... .......... .......... 57% 2.66M 40s
145150K .......... .......... .......... .......... .......... 57% 2.29M 40s
145200K .......... .......... .......... .......... .......... 57% 2.65M 40s
145250K .......... .......... .......... .......... .......... 57% 2.52M 40s
145300K .......... .......... .......... .......... .......... 57% 2.61M 40s
145350K .......... .......... .......... .......... .......... 57% 2.22M 40s
145400K .......... .......... .......... .......... .......... 57% 2.49M 40s
145450K .......... .......... .......... .......... .......... 57% 2.58M 40s
145500K .......... .......... .......... .......... .......... 57% 2.66M 40s
145550K .......... .......... .......... .......... .......... 57% 2.68M 40s
145600K .......... .......... .......... .......... .......... 57% 2.36M 40s
145650K .......... .......... .......... .......... .......... 57% 1.98M 40s
145700K .......... .......... .......... .......... .......... 57% 2.69M 40s
145750K .......... .......... .......... .......... .......... 57% 2.65M 40s
145800K .......... .......... .......... .......... .......... 57% 2.32M 40s
145850K .......... .......... .......... .......... .......... 57% 2.86M 40s
145900K .......... .......... .......... .......... .......... 57% 2.65M 40s
145950K .......... .......... .......... .......... .......... 57% 2.74M 40s
146000K .......... .......... .......... .......... .......... 57% 2.41M 40s
146050K .......... .......... .......... .......... .......... 57% 2.78M 40s
146100K .......... .......... .......... .......... .......... 57% 2.53M 40s
146150K .......... .......... .......... .......... .......... 57% 2.64M 40s
146200K .......... .......... .......... .......... .......... 57% 2.66M 40s
146250K .......... .......... .......... .......... .......... 57% 2.36M 40s
146300K .......... .......... .......... .......... .......... 57% 2.68M 40s
146350K .......... .......... .......... .......... .......... 57% 2.77M 40s
146400K .......... .......... .......... .......... .......... 57% 2.73M 40s
146450K .......... .......... .......... .......... .......... 58% 2.30M 40s
146500K .......... .......... .......... .......... .......... 58% 2.68M 40s
146550K .......... .......... .......... .......... .......... 58% 2.73M 40s
146600K .......... .......... .......... .......... .......... 58% 2.77M 40s
146650K .......... .......... .......... .......... .......... 58% 2.40M 40s
146700K .......... .......... .......... .......... .......... 58% 2.78M 40s
146750K .......... .......... .......... .......... .......... 58% 2.67M 40s
146800K .......... .......... .......... .......... .......... 58% 2.27M 40s
146850K .......... .......... .......... .......... .......... 58% 2.45M 40s
146900K .......... .......... .......... .......... .......... 58% 2.45M 39s
146950K .......... .......... .......... .......... .......... 58% 2.74M 39s
147000K .......... .......... .......... .......... .......... 58% 2.38M 39s
147050K .......... .......... .......... .......... .......... 58% 2.83M 39s
147100K .......... .......... .......... .......... .......... 58% 2.72M 39s
147150K .......... .......... .......... .......... .......... 58% 2.53M 39s
147200K .......... .......... .......... .......... .......... 58% 2.67M 39s
147250K .......... .......... .......... .......... .......... 58% 2.69M 39s
147300K .......... .......... .......... .......... .......... 58% 2.40M 39s
147350K .......... .......... .......... .......... .......... 58% 2.66M 39s
147400K .......... .......... .......... .......... .......... 58% 2.64M 39s
147450K .......... .......... .......... .......... .......... 58% 2.62M 39s
147500K .......... .......... .......... .......... .......... 58% 2.63M 39s
147550K .......... .......... .......... .......... .......... 58% 2.17M 39s
147600K .......... .......... .......... .......... .......... 58% 2.73M 39s
147650K .......... .......... .......... .......... .......... 58% 2.77M 39s
147700K .......... .......... .......... .......... .......... 58% 2.77M 39s
147750K .......... .......... .......... .......... .......... 58% 2.41M 39s
147800K .......... .......... .......... .......... .......... 58% 2.50M 39s
147850K .......... .......... .......... .......... .......... 58% 2.70M 39s
147900K .......... .......... .......... .......... .......... 58% 2.68M 39s
147950K .......... .......... .......... .......... .......... 58% 2.77M 39s
148000K .......... .......... .......... .......... .......... 58% 2.38M 39s
148050K .......... .......... .......... .......... .......... 58% 2.82M 39s
148100K .......... .......... .......... .......... .......... 58% 2.69M 39s
148150K .......... .......... .......... .......... .......... 58% 2.70M 39s
148200K .......... .......... .......... .......... .......... 58% 2.40M 39s
148250K .......... .......... .......... .......... .......... 58% 2.75M 39s
148300K .......... .......... .......... .......... .......... 58% 2.72M 39s
148350K .......... .......... .......... .......... .......... 58% 2.67M 39s
148400K .......... .......... .......... .......... .......... 58% 2.63M 39s
148450K .......... .......... .......... .......... .......... 58% 1.90M 39s
148500K .......... .......... .......... .......... .......... 58% 2.44M 39s
148550K .......... .......... .......... .......... .......... 58% 2.74M 39s
148600K .......... .......... .......... .......... .......... 58% 2.62M 39s
148650K .......... .......... .......... .......... .......... 58% 2.42M 39s
148700K .......... .......... .......... .......... .......... 58% 2.62M 39s
148750K .......... .......... .......... .......... .......... 58% 2.75M 39s
148800K .......... .......... .......... .......... .......... 58% 2.73M 39s
148850K .......... .......... .......... .......... .......... 58% 2.39M 39s
148900K .......... .......... .......... .......... .......... 58% 2.65M 39s
148950K .......... .......... .......... .......... .......... 59% 2.72M 39s
149000K .......... .......... .......... .......... .......... 59% 2.55M 39s
149050K .......... .......... .......... .......... .......... 59% 2.30M 39s
149100K .......... .......... .......... .......... .......... 59% 2.65M 39s
149150K .......... .......... .......... .......... .......... 59% 2.69M 39s
149200K .......... .......... .......... .......... .......... 59% 2.72M 39s
149250K .......... .......... .......... .......... .......... 59% 2.38M 39s
149300K .......... .......... .......... .......... .......... 59% 2.72M 39s
149350K .......... .......... .......... .......... .......... 59% 2.75M 39s
149400K .......... .......... .......... .......... .......... 59% 2.41M 39s
149450K .......... .......... .......... .......... .......... 59% 2.73M 39s
149500K .......... .......... .......... .......... .......... 59% 2.77M 39s
149550K .......... .......... .......... .......... .......... 59% 2.72M 38s
149600K .......... .......... .......... .......... .......... 59% 2.41M 38s
149650K .......... .......... .......... .......... .......... 59% 2.70M 38s
149700K .......... .......... .......... .......... .......... 59% 2.66M 38s
149750K .......... .......... .......... .......... .......... 59% 2.65M 38s
149800K .......... .......... .......... .......... .......... 59% 2.30M 38s
149850K .......... .......... .......... .......... .......... 59% 2.70M 38s
149900K .......... .......... .......... .......... .......... 59% 2.75M 38s
149950K .......... .......... .......... .......... .......... 59% 2.70M 38s
150000K .......... .......... .......... .......... .......... 59% 2.37M 38s
150050K .......... .......... .......... .......... .......... 59% 2.69M 38s
150100K .......... .......... .......... .......... .......... 59% 2.39M 38s
150150K .......... .......... .......... .......... .......... 59% 2.62M 38s
150200K .......... .......... .......... .......... .......... 59% 2.70M 38s
150250K .......... .......... .......... .......... .......... 59% 2.41M 38s
150300K .......... .......... .......... .......... .......... 59% 2.68M 38s
150350K .......... .......... .......... .......... .......... 59% 2.52M 38s
150400K .......... .......... .......... .......... .......... 59% 2.78M 38s
150450K .......... .......... .......... .......... .......... 59% 2.64M 38s
150500K .......... .......... .......... .......... .......... 59% 2.60M 38s
150550K .......... .......... .......... .......... .......... 59% 2.34M 38s
150600K .......... .......... .......... .......... .......... 59% 2.72M 38s
150650K .......... .......... .......... .......... .......... 59% 2.81M 38s
150700K .......... .......... .......... .......... .......... 59% 2.76M 38s
150750K .......... .......... .......... .......... .......... 59% 2.37M 38s
150800K .......... .......... .......... .......... .......... 59% 2.64M 38s
150850K .......... .......... .......... .......... .......... 59% 2.75M 38s
150900K .......... .......... .......... .......... .......... 59% 2.63M 38s
150950K .......... .......... .......... .......... .......... 59% 2.63M 38s
151000K .......... .......... .......... .......... .......... 59% 2.45M 38s
151050K .......... .......... .......... .......... .......... 59% 2.75M 38s
151100K .......... .......... .......... .......... .......... 59% 2.65M 38s
151150K .......... .......... .......... .......... .......... 59% 2.69M 38s
151200K .......... .......... .......... .......... .......... 59% 2.38M 38s
151250K .......... .......... .......... .......... .......... 59% 2.72M 38s
151300K .......... .......... .......... .......... .......... 59% 2.63M 38s
151350K .......... .......... .......... .......... .......... 59% 2.72M 38s
151400K .......... .......... .......... .......... .......... 59% 2.48M 38s
151450K .......... .......... .......... .......... .......... 59% 2.79M 38s
151500K .......... .......... .......... .......... .......... 60% 2.68M 38s
151550K .......... .......... .......... .......... .......... 60% 2.75M 38s
151600K .......... .......... .......... .......... .......... 60% 2.43M 38s
151650K .......... .......... .......... .......... .......... 60% 2.78M 38s
151700K .......... .......... .......... .......... .......... 60% 2.73M 38s
151750K .......... .......... .......... .......... .......... 60% 2.80M 38s
151800K .......... .......... .......... .......... .......... 60% 2.27M 38s
151850K .......... .......... .......... .......... .......... 60% 2.64M 38s
151900K .......... .......... .......... .......... .......... 60% 2.65M 38s
151950K .......... .......... .......... .......... .......... 60% 2.65M 38s
152000K .......... .......... .......... .......... .......... 60% 2.33M 38s
152050K .......... .......... .......... .......... .......... 60% 2.74M 38s
152100K .......... .......... .......... .......... .......... 60% 2.69M 38s
152150K .......... .......... .......... .......... .......... 60% 2.35M 38s
152200K .......... .......... .......... .......... .......... 60% 2.48M 38s
152250K .......... .......... .......... .......... .......... 60% 2.80M 37s
152300K .......... .......... .......... .......... .......... 60% 2.81M 37s
152350K .......... .......... .......... .......... .......... 60% 2.51M 37s
152400K .......... .......... .......... .......... .......... 60% 2.80M 37s
152450K .......... .......... .......... .......... .......... 60% 2.79M 37s
152500K .......... .......... .......... .......... .......... 60% 2.44M 37s
152550K .......... .......... .......... .......... .......... 60% 2.83M 37s
152600K .......... .......... .......... .......... .......... 60% 2.82M 37s
152650K .......... .......... .......... .......... .......... 60% 2.79M 37s
152700K .......... .......... .......... .......... .......... 60% 2.39M 37s
152750K .......... .......... .......... .......... .......... 60% 2.79M 37s
152800K .......... .......... .......... .......... .......... 60% 2.77M 37s
152850K .......... .......... .......... .......... .......... 60% 2.72M 37s
152900K .......... .......... .......... .......... .......... 60% 2.42M 37s
152950K .......... .......... .......... .......... .......... 60% 2.78M 37s
153000K .......... .......... .......... .......... .......... 60% 2.63M 37s
153050K .......... .......... .......... .......... .......... 60% 2.74M 37s
153100K .......... .......... .......... .......... .......... 60% 2.40M 37s
153150K .......... .......... .......... .......... .......... 60% 2.75M 37s
153200K .......... .......... .......... .......... .......... 60% 2.76M 37s
153250K .......... .......... .......... .......... .......... 60% 2.76M 37s
153300K .......... .......... .......... .......... .......... 60% 2.46M 37s
153350K .......... .......... .......... .......... .......... 60% 2.88M 37s
153400K .......... .......... .......... .......... .......... 60% 2.84M 37s
153450K .......... .......... .......... .......... .......... 60% 2.79M 37s
153500K .......... .......... .......... .......... .......... 60% 2.39M 37s
153550K .......... .......... .......... .......... .......... 60% 2.62M 37s
153600K .......... .......... .......... .......... .......... 60% 2.69M 37s
153650K .......... .......... .......... .......... .......... 60% 2.76M 37s
153700K .......... .......... .......... .......... .......... 60% 2.83M 37s
153750K .......... .......... .......... .......... .......... 60% 2.81M 37s
153800K .......... .......... .......... .......... .......... 60% 2.31M 37s
153850K .......... .......... .......... .......... .......... 60% 2.83M 37s
153900K .......... .......... .......... .......... .......... 60% 2.76M 37s
153950K .......... .......... .......... .......... .......... 60% 2.73M 37s
154000K .......... .......... .......... .......... .......... 61% 2.44M 37s
154050K .......... .......... .......... .......... .......... 61% 2.80M 37s
154100K .......... .......... .......... .......... .......... 61% 2.75M 37s
154150K .......... .......... .......... .......... .......... 61% 2.81M 37s
154200K .......... .......... .......... .......... .......... 61% 2.41M 37s
154250K .......... .......... .......... .......... .......... 61% 2.75M 37s
154300K .......... .......... .......... .......... .......... 61% 2.73M 37s
154350K .......... .......... .......... .......... .......... 61% 2.71M 37s
154400K .......... .......... .......... .......... .......... 61% 2.35M 37s
154450K .......... .......... .......... .......... .......... 61% 2.61M 37s
154500K .......... .......... .......... .......... .......... 61% 2.74M 37s
154550K .......... .......... .......... .......... .......... 61% 2.77M 37s
154600K .......... .......... .......... .......... .......... 61% 2.46M 37s
154650K .......... .......... .......... .......... .......... 61% 2.80M 37s
154700K .......... .......... .......... .......... .......... 61% 2.73M 37s
154750K .......... .......... .......... .......... .......... 61% 2.71M 37s
154800K .......... .......... .......... .......... .......... 61% 2.43M 37s
154850K .......... .......... .......... .......... .......... 61% 2.81M 37s
154900K .......... .......... .......... .......... .......... 61% 2.67M 36s
154950K .......... .......... .......... .......... .......... 61% 2.81M 36s
155000K .......... .......... .......... .......... .......... 61% 2.45M 36s
155050K .......... .......... .......... .......... .......... 61% 2.85M 36s
155100K .......... .......... .......... .......... .......... 61% 2.80M 36s
155150K .......... .......... .......... .......... .......... 61% 2.78M 36s
155200K .......... .......... .......... .......... .......... 61% 2.47M 36s
155250K .......... .......... .......... .......... .......... 61% 2.66M 36s
155300K .......... .......... .......... .......... .......... 61% 2.49M 36s
155350K .......... .......... .......... .......... .......... 61% 2.72M 36s
155400K .......... .......... .......... .......... .......... 61% 2.63M 36s
155450K .......... .......... .......... .......... .......... 61% 2.21M 36s
155500K .......... .......... .......... .......... .......... 61% 2.63M 36s
155550K .......... .......... .......... .......... .......... 61% 2.77M 36s
155600K .......... .......... .......... .......... .......... 61% 2.71M 36s
155650K .......... .......... .......... .......... .......... 61% 2.50M 36s
155700K .......... .......... .......... .......... .......... 61% 2.68M 36s
155750K .......... .......... .......... .......... .......... 61% 2.43M 36s
155800K .......... .......... .......... .......... .......... 61% 2.75M 36s
155850K .......... .......... .......... .......... .......... 61% 2.73M 36s
155900K .......... .......... .......... .......... .......... 61% 2.70M 36s
155950K .......... .......... .......... .......... .......... 61% 2.38M 36s
156000K .......... .......... .......... .......... .......... 61% 2.58M 36s
156050K .......... .......... .......... .......... .......... 61% 2.65M 36s
156100K .......... .......... .......... .......... .......... 61% 2.66M 36s
156150K .......... .......... .......... .......... .......... 61% 2.71M 36s
156200K .......... .......... .......... .......... .......... 61% 2.44M 36s
156250K .......... .......... .......... .......... .......... 61% 2.58M 36s
156300K .......... .......... .......... .......... .......... 61% 2.80M 36s
156350K .......... .......... .......... .......... .......... 61% 2.73M 36s
156400K .......... .......... .......... .......... .......... 61% 2.22M 36s
156450K .......... .......... .......... .......... .......... 61% 2.62M 36s
156500K .......... .......... .......... .......... .......... 61% 2.68M 36s
156550K .......... .......... .......... .......... .......... 62% 2.61M 36s
156600K .......... .......... .......... .......... .......... 62% 2.39M 36s
156650K .......... .......... .......... .......... .......... 62% 2.65M 36s
156700K .......... .......... .......... .......... .......... 62% 2.72M 36s
156750K .......... .......... .......... .......... .......... 62% 2.67M 36s
156800K .......... .......... .......... .......... .......... 62% 2.31M 36s
156850K .......... .......... .......... .......... .......... 62% 2.64M 36s
156900K .......... .......... .......... .......... .......... 62% 2.59M 36s
156950K .......... .......... .......... .......... .......... 62% 2.74M 36s
157000K .......... .......... .......... .......... .......... 62% 2.43M 36s
157050K .......... .......... .......... .......... .......... 62% 2.80M 36s
157100K .......... .......... .......... .......... .......... 62% 2.81M 36s
157150K .......... .......... .......... .......... .......... 62% 2.71M 36s
157200K .......... .......... .......... .......... .......... 62% 2.41M 36s
157250K .......... .......... .......... .......... .......... 62% 2.73M 36s
157300K .......... .......... .......... .......... .......... 62% 2.69M 36s
157350K .......... .......... .......... .......... .......... 62% 2.79M 36s
157400K .......... .......... .......... .......... .......... 62% 2.37M 36s
157450K .......... .......... .......... .......... .......... 62% 2.76M 36s
157500K .......... .......... .......... .......... .......... 62% 2.42M 36s
157550K .......... .......... .......... .......... .......... 62% 2.73M 35s
157600K .......... .......... .......... .......... .......... 62% 2.78M 35s
157650K .......... .......... .......... .......... .......... 62% 2.59M 35s
157700K .......... .......... .......... .......... .......... 62% 2.76M 35s
157750K .......... .......... .......... .......... .......... 62% 2.75M 35s
157800K .......... .......... .......... .......... .......... 62% 2.50M 35s
157850K .......... .......... .......... .......... .......... 62% 2.81M 35s
157900K .......... .......... .......... .......... .......... 62% 2.76M 35s
157950K .......... .......... .......... .......... .......... 62% 2.74M 35s
158000K .......... .......... .......... .......... .......... 62% 2.28M 35s
158050K .......... .......... .......... .......... .......... 62% 2.66M 35s
158100K .......... .......... .......... .......... .......... 62% 2.63M 35s
158150K .......... .......... .......... .......... .......... 62% 2.59M 35s
158200K .......... .......... .......... .......... .......... 62% 2.42M 35s
158250K .......... .......... .......... .......... .......... 62% 2.66M 35s
158300K .......... .......... .......... .......... .......... 62% 2.56M 35s
158350K .......... .......... .......... .......... .......... 62% 2.64M 35s
158400K .......... .......... .......... .......... .......... 62% 2.38M 35s
158450K .......... .......... .......... .......... .......... 62% 2.56M 35s
158500K .......... .......... .......... .......... .......... 62% 2.77M 35s
158550K .......... .......... .......... .......... .......... 62% 2.74M 35s
158600K .......... .......... .......... .......... .......... 62% 2.43M 35s
158650K .......... .......... .......... .......... .......... 62% 2.72M 35s
158700K .......... .......... .......... .......... .......... 62% 2.76M 35s
158750K .......... .......... .......... .......... .......... 62% 2.49M 35s
158800K .......... .......... .......... .......... .......... 62% 2.61M 35s
158850K .......... .......... .......... .......... .......... 62% 2.72M 35s
158900K .......... .......... .......... .......... .......... 62% 2.60M 35s
158950K .......... .......... .......... .......... .......... 62% 2.42M 35s
159000K .......... .......... .......... .......... .......... 62% 2.57M 35s
159050K .......... .......... .......... .......... .......... 62% 2.63M 35s
159100K .......... .......... .......... .......... .......... 63% 2.73M 35s
159150K .......... .......... .......... .......... .......... 63% 2.32M 35s
159200K .......... .......... .......... .......... .......... 63% 2.78M 35s
159250K .......... .......... .......... .......... .......... 63% 2.77M 35s
159300K .......... .......... .......... .......... .......... 63% 2.87M 35s
159350K .......... .......... .......... .......... .......... 63% 2.42M 35s
159400K .......... .......... .......... .......... .......... 63% 2.82M 35s
159450K .......... .......... .......... .......... .......... 63% 2.80M 35s
159500K .......... .......... .......... .......... .......... 63% 2.73M 35s
159550K .......... .......... .......... .......... .......... 63% 2.40M 35s
159600K .......... .......... .......... .......... .......... 63% 2.79M 35s
159650K .......... .......... .......... .......... .......... 63% 2.46M 35s
159700K .......... .......... .......... .......... .......... 63% 2.33M 35s
159750K .......... .......... .......... .......... .......... 63% 2.66M 35s
159800K .......... .......... .......... .......... .......... 63% 2.36M 35s
159850K .......... .......... .......... .......... .......... 63% 2.80M 35s
159900K .......... .......... .......... .......... .......... 63% 2.66M 35s
159950K .......... .......... .......... .......... .......... 63% 2.61M 35s
160000K .......... .......... .......... .......... .......... 63% 2.55M 35s
160050K .......... .......... .......... .......... .......... 63% 2.81M 35s
160100K .......... .......... .......... .......... .......... 63% 2.47M 35s
160150K .......... .......... .......... .......... .......... 63% 2.73M 35s
160200K .......... .......... .......... .......... .......... 63% 2.63M 35s
160250K .......... .......... .......... .......... .......... 63% 2.59M 34s
160300K .......... .......... .......... .......... .......... 63% 2.62M 34s
160350K .......... .......... .......... .......... .......... 63% 2.38M 34s
160400K .......... .......... .......... .......... .......... 63% 2.61M 34s
160450K .......... .......... .......... .......... .......... 63% 2.76M 34s
160500K .......... .......... .......... .......... .......... 63% 2.62M 34s
160550K .......... .......... .......... .......... .......... 63% 2.33M 34s
160600K .......... .......... .......... .......... .......... 63% 2.54M 34s
160650K .......... .......... .......... .......... .......... 63% 2.24M 34s
160700K .......... .......... .......... .......... .......... 63% 2.63M 34s
160750K .......... .......... .......... .......... .......... 63% 2.27M 34s
160800K .......... .......... .......... .......... .......... 63% 2.69M 34s
160850K .......... .......... .......... .......... .......... 63% 2.65M 34s
160900K .......... .......... .......... .......... .......... 63% 2.73M 34s
160950K .......... .......... .......... .......... .......... 63% 2.44M 34s
161000K .......... .......... .......... .......... .......... 63% 2.78M 34s
161050K .......... .......... .......... .......... .......... 63% 2.79M 34s
161100K .......... .......... .......... .......... .......... 63% 2.65M 34s
161150K .......... .......... .......... .......... .......... 63% 2.48M 34s
161200K .......... .......... .......... .......... .......... 63% 2.78M 34s
161250K .......... .......... .......... .......... .......... 63% 2.60M 34s
161300K .......... .......... .......... .......... .......... 63% 2.57M 34s
161350K .......... .......... .......... .......... .......... 63% 2.25M 34s
161400K .......... .......... .......... .......... .......... 63% 2.79M 34s
161450K .......... .......... .......... .......... .......... 63% 2.73M 34s
161500K .......... .......... .......... .......... .......... 63% 2.62M 34s
161550K .......... .......... .......... .......... .......... 63% 2.37M 34s
161600K .......... .......... .......... .......... .......... 64% 2.46M 34s
161650K .......... .......... .......... .......... .......... 64% 2.50M 34s
161700K .......... .......... .......... .......... .......... 64% 2.49M 34s
161750K .......... .......... .......... .......... .......... 64% 2.79M 34s
161800K .......... .......... .......... .......... .......... 64% 2.45M 34s
161850K .......... .......... .......... .......... .......... 64% 2.29M 34s
161900K .......... .......... .......... .......... .......... 64% 2.64M 34s
161950K .......... .......... .......... .......... .......... 64% 2.70M 34s
162000K .......... .......... .......... .......... .......... 64% 2.74M 34s
162050K .......... .......... .......... .......... .......... 64% 2.43M 34s
162100K .......... .......... .......... .......... .......... 64% 2.71M 34s
162150K .......... .......... .......... .......... .......... 64% 2.53M 34s
162200K .......... .......... .......... .......... .......... 64% 2.76M 34s
162250K .......... .......... .......... .......... .......... 64% 2.43M 34s
162300K .......... .......... .......... .......... .......... 64% 2.74M 34s
162350K .......... .......... .......... .......... .......... 64% 2.74M 34s
162400K .......... .......... .......... .......... .......... 64% 2.71M 34s
162450K .......... .......... .......... .......... .......... 64% 2.43M 34s
162500K .......... .......... .......... .......... .......... 64% 2.99M 34s
162550K .......... .......... .......... .......... .......... 64% 2.39M 34s
162600K .......... .......... .......... .......... .......... 64% 2.75M 34s
162650K .......... .......... .......... .......... .......... 64% 2.78M 34s
162700K .......... .......... .......... .......... .......... 64% 2.80M 34s
162750K .......... .......... .......... .......... .......... 64% 2.44M 34s
162800K .......... .......... .......... .......... .......... 64% 2.70M 34s
162850K .......... .......... .......... .......... .......... 64% 2.84M 34s
162900K .......... .......... .......... .......... .......... 64% 2.77M 34s
162950K .......... .......... .......... .......... .......... 64% 2.41M 33s
163000K .......... .......... .......... .......... .......... 64% 2.58M 33s
163050K .......... .......... .......... .......... .......... 64% 2.71M 33s
163100K .......... .......... .......... .......... .......... 64% 2.65M 33s
163150K .......... .......... .......... .......... .......... 64% 2.38M 33s
163200K .......... .......... .......... .......... .......... 64% 2.71M 33s
163250K .......... .......... .......... .......... .......... 64% 2.56M 33s
163300K .......... .......... .......... .......... .......... 64% 2.63M 33s
163350K .......... .......... .......... .......... .......... 64% 2.30M 33s
163400K .......... .......... .......... .......... .......... 64% 2.78M 33s
163450K .......... .......... .......... .......... .......... 64% 2.56M 33s
163500K .......... .......... .......... .......... .......... 64% 2.60M 33s
163550K .......... .......... .......... .......... .......... 64% 2.64M 33s
163600K .......... .......... .......... .......... .......... 64% 2.25M 33s
163650K .......... .......... .......... .......... .......... 64% 2.69M 33s
163700K .......... .......... .......... .......... .......... 64% 2.61M 33s
163750K .......... .......... .......... .......... .......... 64% 2.72M 33s
163800K .......... .......... .......... .......... .......... 64% 2.46M 33s
163850K .......... .......... .......... .......... .......... 64% 2.78M 33s
163900K .......... .......... .......... .......... .......... 64% 2.72M 33s
163950K .......... .......... .......... .......... .......... 64% 2.65M 33s
164000K .......... .......... .......... .......... .......... 64% 2.36M 33s
164050K .......... .......... .......... .......... .......... 64% 2.72M 33s
164100K .......... .......... .......... .......... .......... 64% 2.77M 33s
164150K .......... .......... .......... .......... .......... 65% 2.64M 33s
164200K .......... .......... .......... .......... .......... 65% 2.34M 33s
164250K .......... .......... .......... .......... .......... 65% 2.71M 33s
164300K .......... .......... .......... .......... .......... 65% 2.60M 33s
164350K .......... .......... .......... .......... .......... 65% 2.65M 33s
164400K .......... .......... .......... .......... .......... 65% 2.20M 33s
164450K .......... .......... .......... .......... .......... 65% 2.40M 33s
164500K .......... .......... .......... .......... .......... 65% 2.76M 33s
164550K .......... .......... .......... .......... .......... 65% 2.75M 33s
164600K .......... .......... .......... .......... .......... 65% 2.70M 33s
164650K .......... .......... .......... .......... .......... 65% 2.31M 33s
164700K .......... .......... .......... .......... .......... 65% 2.66M 33s
164750K .......... .......... .......... .......... .......... 65% 2.67M 33s
164800K .......... .......... .......... .......... .......... 65% 2.62M 33s
164850K .......... .......... .......... .......... .......... 65% 2.33M 33s
164900K .......... .......... .......... .......... .......... 65% 2.70M 33s
164950K .......... .......... .......... .......... .......... 65% 2.76M 33s
165000K .......... .......... .......... .......... .......... 65% 2.68M 33s
165050K .......... .......... .......... .......... .......... 65% 2.45M 33s
165100K .......... .......... .......... .......... .......... 65% 2.71M 33s
165150K .......... .......... .......... .......... .......... 65% 2.63M 33s
165200K .......... .......... .......... .......... .......... 65% 2.68M 33s
165250K .......... .......... .......... .......... .......... 65% 2.38M 33s
165300K .......... .......... .......... .......... .......... 65% 2.75M 33s
165350K .......... .......... .......... .......... .......... 65% 2.58M 33s
165400K .......... .......... .......... .......... .......... 65% 2.70M 33s
165450K .......... .......... .......... .......... .......... 65% 2.24M 33s
165500K .......... .......... .......... .......... .......... 65% 2.68M 33s
165550K .......... .......... .......... .......... .......... 65% 2.49M 33s
165600K .......... .......... .......... .......... .......... 65% 2.80M 32s
165650K .......... .......... .......... .......... .......... 65% 2.82M 32s
165700K .......... .......... .......... .......... .......... 65% 2.82M 32s
165750K .......... .......... .......... .......... .......... 65% 2.37M 32s
165800K .......... .......... .......... .......... .......... 65% 2.80M 32s
165850K .......... .......... .......... .......... .......... 65% 2.68M 32s
165900K .......... .......... .......... .......... .......... 65% 2.71M 32s
165950K .......... .......... .......... .......... .......... 65% 2.32M 32s
166000K .......... .......... .......... .......... .......... 65% 2.69M 32s
166050K .......... .......... .......... .......... .......... 65% 2.73M 32s
166100K .......... .......... .......... .......... .......... 65% 2.66M 32s
166150K .......... .......... .......... .......... .......... 65% 2.27M 32s
166200K .......... .......... .......... .......... .......... 65% 2.44M 32s
166250K .......... .......... .......... .......... .......... 65% 2.51M 32s
166300K .......... .......... .......... .......... .......... 65% 2.62M 32s
166350K .......... .......... .......... .......... .......... 65% 2.63M 32s
166400K .......... .......... .......... .......... .......... 65% 2.31M 32s
166450K .......... .......... .......... .......... .......... 65% 2.71M 32s
166500K .......... .......... .......... .......... .......... 65% 2.74M 32s
166550K .......... .......... .......... .......... .......... 65% 2.63M 32s
166600K .......... .......... .......... .......... .......... 65% 2.30M 32s
166650K .......... .......... .......... .......... .......... 66% 2.69M 32s
166700K .......... .......... .......... .......... .......... 66% 2.75M 32s
166750K .......... .......... .......... .......... .......... 66% 2.84M 32s
166800K .......... .......... .......... .......... .......... 66% 2.66M 32s
166850K .......... .......... .......... .......... .......... 66% 2.79M 32s
166900K .......... .......... .......... .......... .......... 66% 2.60M 32s
166950K .......... .......... .......... .......... .......... 66% 2.72M 32s
167000K .......... .......... .......... .......... .......... 66% 2.44M 32s
167050K .......... .......... .......... .......... .......... 66% 2.77M 32s
167100K .......... .......... .......... .......... .......... 66% 2.78M 32s
167150K .......... .......... .......... .......... .......... 66% 2.70M 32s
167200K .......... .......... .......... .......... .......... 66% 2.51M 32s
167250K .......... .......... .......... .......... .......... 66% 2.73M 32s
167300K .......... .......... .......... .......... .......... 66% 2.64M 32s
167350K .......... .......... .......... .......... .......... 66% 2.66M 32s
167400K .......... .......... .......... .......... .......... 66% 2.26M 32s
167450K .......... .......... .......... .......... .......... 66% 2.63M 32s
167500K .......... .......... .......... .......... .......... 66% 2.64M 32s
167550K .......... .......... .......... .......... .......... 66% 2.74M 32s
167600K .......... .......... .......... .......... .......... 66% 2.62M 32s
167650K .......... .......... .......... .......... .......... 66% 2.66M 32s
167700K .......... .......... .......... .......... .......... 66% 2.39M 32s
167750K .......... .......... .......... .......... .......... 66% 2.66M 32s
167800K .......... .......... .......... .......... .......... 66% 2.76M 32s
167850K .......... .......... .......... .......... .......... 66% 2.78M 32s
167900K .......... .......... .......... .......... .......... 66% 2.40M 32s
167950K .......... .......... .......... .......... .......... 66% 2.73M 32s
168000K .......... .......... .......... .......... .......... 66% 2.66M 32s
168050K .......... .......... .......... .......... .......... 66% 2.61M 32s
168100K .......... .......... .......... .......... .......... 66% 2.26M 32s
168150K .......... .......... .......... .......... .......... 66% 2.66M 32s
168200K .......... .......... .......... .......... .......... 66% 2.60M 32s
168250K .......... .......... .......... .......... .......... 66% 2.63M 32s
168300K .......... .......... .......... .......... .......... 66% 2.29M 31s
168350K .......... .......... .......... .......... .......... 66% 2.60M 31s
168400K .......... .......... .......... .......... .......... 66% 2.74M 31s
168450K .......... .......... .......... .......... .......... 66% 2.60M 31s
168500K .......... .......... .......... .......... .......... 66% 2.30M 31s
168550K .......... .......... .......... .......... .......... 66% 2.52M 31s
168600K .......... .......... .......... .......... .......... 66% 2.62M 31s
168650K .......... .......... .......... .......... .......... 66% 2.71M 31s
168700K .......... .......... .......... .......... .......... 66% 2.23M 31s
168750K .......... .......... .......... .......... .......... 66% 2.77M 31s
168800K .......... .......... .......... .......... .......... 66% 2.69M 31s
168850K .......... .......... .......... .......... .......... 66% 2.74M 31s
168900K .......... .......... .......... .......... .......... 66% 2.43M 31s
168950K .......... .......... .......... .......... .......... 66% 2.63M 31s
169000K .......... .......... .......... .......... .......... 66% 2.74M 31s
169050K .......... .......... .......... .......... .......... 66% 2.62M 31s
169100K .......... .......... .......... .......... .......... 66% 2.70M 31s
169150K .......... .......... .......... .......... .......... 66% 2.65M 31s
169200K .......... .......... .......... .......... .......... 67% 2.18M 31s
169250K .......... .......... .......... .......... .......... 67% 2.57M 31s
169300K .......... .......... .......... .......... .......... 67% 2.60M 31s
169350K .......... .......... .......... .......... .......... 67% 2.75M 31s
169400K .......... .......... .......... .......... .......... 67% 2.43M 31s
169450K .......... .......... .......... .......... .......... 67% 2.13M 31s
169500K .......... .......... .......... .......... .......... 67% 2.60M 31s
169550K .......... .......... .......... .......... .......... 67% 2.67M 31s
169600K .......... .......... .......... .......... .......... 67% 2.72M 31s
169650K .......... .......... .......... .......... .......... 67% 2.46M 31s
169700K .......... .......... .......... .......... .......... 67% 2.64M 31s
169750K .......... .......... .......... .......... .......... 67% 2.72M 31s
169800K .......... .......... .......... .......... .......... 67% 2.59M 31s
169850K .......... .......... .......... .......... .......... 67% 2.67M 31s
169900K .......... .......... .......... .......... .......... 67% 2.37M 31s
169950K .......... .......... .......... .......... .......... 67% 2.90M 31s
170000K .......... .......... .......... .......... .......... 67% 2.34M 31s
170050K .......... .......... .......... .......... .......... 67% 2.60M 31s
170100K .......... .......... .......... .......... .......... 67% 2.69M 31s
170150K .......... .......... .......... .......... .......... 67% 2.69M 31s
170200K .......... .......... .......... .......... .......... 67% 2.25M 31s
170250K .......... .......... .......... .......... .......... 67% 2.57M 31s
170300K .......... .......... .......... .......... .......... 67% 2.65M 31s
170350K .......... .......... .......... .......... .......... 67% 2.71M 31s
170400K .......... .......... .......... .......... .......... 67% 2.37M 31s
170450K .......... .......... .......... .......... .......... 67% 2.72M 31s
170500K .......... .......... .......... .......... .......... 67% 2.78M 31s
170550K .......... .......... .......... .......... .......... 67% 2.72M 31s
170600K .......... .......... .......... .......... .......... 67% 2.39M 31s
170650K .......... .......... .......... .......... .......... 67% 2.73M 31s
170700K .......... .......... .......... .......... .......... 67% 2.67M 31s
170750K .......... .......... .......... .......... .......... 67% 2.66M 31s
170800K .......... .......... .......... .......... .......... 67% 2.18M 31s
170850K .......... .......... .......... .......... .......... 67% 2.74M 31s
170900K .......... .......... .......... .......... .......... 67% 2.82M 31s
170950K .......... .......... .......... .......... .......... 67% 2.80M 31s
171000K .......... .......... .......... .......... .......... 67% 2.47M 30s
171050K .......... .......... .......... .......... .......... 67% 2.75M 30s
171100K .......... .......... .......... .......... .......... 67% 2.70M 30s
171150K .......... .......... .......... .......... .......... 67% 2.75M 30s
171200K .......... .......... .......... .......... .......... 67% 2.44M 30s
171250K .......... .......... .......... .......... .......... 67% 2.79M 30s
171300K .......... .......... .......... .......... .......... 67% 2.79M 30s
171350K .......... .......... .......... .......... .......... 67% 2.77M 30s
171400K .......... .......... .......... .......... .......... 67% 2.46M 30s
171450K .......... .......... .......... .......... .......... 67% 2.75M 30s
171500K .......... .......... .......... .......... .......... 67% 2.68M 30s
171550K .......... .......... .......... .......... .......... 67% 2.41M 30s
171600K .......... .......... .......... .......... .......... 67% 2.79M 30s
171650K .......... .......... .......... .......... .......... 67% 2.82M 30s
171700K .......... .......... .......... .......... .......... 68% 2.72M 30s
171750K .......... .......... .......... .......... .......... 68% 2.34M 30s
171800K .......... .......... .......... .......... .......... 68% 2.80M 30s
171850K .......... .......... .......... .......... .......... 68% 2.75M 30s
171900K .......... .......... .......... .......... .......... 68% 2.54M 30s
171950K .......... .......... .......... .......... .......... 68% 2.68M 30s
172000K .......... .......... .......... .......... .......... 68% 2.62M 30s
172050K .......... .......... .......... .......... .......... 68% 2.80M 30s
172100K .......... .......... .......... .......... .......... 68% 2.79M 30s
172150K .......... .......... .......... .......... .......... 68% 2.82M 30s
172200K .......... .......... .......... .......... .......... 68% 2.42M 30s
172250K .......... .......... .......... .......... .......... 68% 1.41M 30s
172300K .......... .......... .......... .......... .......... 68% 2.78M 30s
172350K .......... .......... .......... .......... .......... 68% 2.87M 30s
172400K .......... .......... .......... .......... .......... 68% 2.45M 30s
172450K .......... .......... .......... .......... .......... 68% 2.77M 30s
172500K .......... .......... .......... .......... .......... 68% 2.84M 30s
172550K .......... .......... .......... .......... .......... 68% 2.69M 30s
172600K .......... .......... .......... .......... .......... 68% 2.63M 30s
172650K .......... .......... .......... .......... .......... 68% 2.48M 30s
172700K .......... .......... .......... .......... .......... 68% 2.85M 30s
172750K .......... .......... .......... .......... .......... 68% 2.76M 30s
172800K .......... .......... .......... .......... .......... 68% 2.71M 30s
172850K .......... .......... .......... .......... .......... 68% 2.69M 30s
172900K .......... .......... .......... .......... .......... 68% 2.44M 30s
172950K .......... .......... .......... .......... .......... 68% 2.86M 30s
173000K .......... .......... .......... .......... .......... 68% 2.76M 30s
173050K .......... .......... .......... .......... .......... 68% 2.74M 30s
173100K .......... .......... .......... .......... .......... 68% 2.90M 30s
173150K .......... .......... .......... .......... .......... 68% 2.40M 30s
173200K .......... .......... .......... .......... .......... 68% 2.80M 30s
173250K .......... .......... .......... .......... .......... 68% 2.78M 30s
173300K .......... .......... .......... .......... .......... 68% 2.79M 30s
173350K .......... .......... .......... .......... .......... 68% 2.42M 30s
173400K .......... .......... .......... .......... .......... 68% 2.67M 30s
173450K .......... .......... .......... .......... .......... 68% 2.74M 30s
173500K .......... .......... .......... .......... .......... 68% 2.80M 30s
173550K .......... .......... .......... .......... .......... 68% 2.79M 30s
173600K .......... .......... .......... .......... .......... 68% 2.45M 30s
173650K .......... .......... .......... .......... .......... 68% 2.73M 29s
173700K .......... .......... .......... .......... .......... 68% 2.76M 29s
173750K .......... .......... .......... .......... .......... 68% 2.62M 29s
173800K .......... .......... .......... .......... .......... 68% 2.42M 29s
173850K .......... .......... .......... .......... .......... 68% 2.82M 29s
173900K .......... .......... .......... .......... .......... 68% 2.62M 29s
173950K .......... .......... .......... .......... .......... 68% 2.70M 29s
174000K .......... .......... .......... .......... .......... 68% 2.46M 29s
174050K .......... .......... .......... .......... .......... 68% 2.43M 29s
174100K .......... .......... .......... .......... .......... 68% 2.71M 29s
174150K .......... .......... .......... .......... .......... 68% 2.36M 29s
174200K .......... .......... .......... .......... .......... 68% 2.69M 29s
174250K .......... .......... .......... .......... .......... 69% 2.68M 29s
174300K .......... .......... .......... .......... .......... 69% 2.76M 29s
174350K .......... .......... .......... .......... .......... 69% 2.45M 29s
174400K .......... .......... .......... .......... .......... 69% 2.75M 29s
174450K .......... .......... .......... .......... .......... 69% 2.80M 29s
174500K .......... .......... .......... .......... .......... 69% 2.84M 29s
174550K .......... .......... .......... .......... .......... 69% 2.40M 29s
174600K .......... .......... .......... .......... .......... 69% 2.73M 29s
174650K .......... .......... .......... .......... .......... 69% 2.76M 29s
174700K .......... .......... .......... .......... .......... 69% 2.70M 29s
174750K .......... .......... .......... .......... .......... 69% 2.48M 29s
174800K .......... .......... .......... .......... .......... 69% 2.78M 29s
174850K .......... .......... .......... .......... .......... 69% 2.68M 29s
174900K .......... .......... .......... .......... .......... 69% 2.75M 29s
174950K .......... .......... .......... .......... .......... 69% 2.77M 29s
175000K .......... .......... .......... .......... .......... 69% 2.65M 29s
175050K .......... .......... .......... .......... .......... 69% 2.47M 29s
175100K .......... .......... .......... .......... .......... 69% 2.95M 29s
175150K .......... .......... .......... .......... .......... 69% 2.74M 29s
175200K .......... .......... .......... .......... .......... 69% 2.47M 29s
175250K .......... .......... .......... .......... .......... 69% 2.81M 29s
175300K .......... .......... .......... .......... .......... 69% 2.71M 29s
175350K .......... .......... .......... .......... .......... 69% 2.74M 29s
175400K .......... .......... .......... .......... .......... 69% 2.43M 29s
175450K .......... .......... .......... .......... .......... 69% 2.75M 29s
175500K .......... .......... .......... .......... .......... 69% 2.72M 29s
175550K .......... .......... .......... .......... .......... 69% 2.76M 29s
175600K .......... .......... .......... .......... .......... 69% 2.63M 29s
175650K .......... .......... .......... .......... .......... 69% 2.36M 29s
175700K .......... .......... .......... .......... .......... 69% 2.79M 29s
175750K .......... .......... .......... .......... .......... 69% 2.76M 29s
175800K .......... .......... .......... .......... .......... 69% 2.84M 29s
175850K .......... .......... .......... .......... .......... 69% 2.69M 29s
175900K .......... .......... .......... .......... .......... 69% 2.43M 29s
175950K .......... .......... .......... .......... .......... 69% 2.79M 29s
176000K .......... .......... .......... .......... .......... 69% 2.80M 29s
176050K .......... .......... .......... .......... .......... 69% 2.76M 29s
176100K .......... .......... .......... .......... .......... 69% 2.60M 29s
176150K .......... .......... .......... .......... .......... 69% 2.78M 29s
176200K .......... .......... .......... .......... .......... 69% 2.51M 29s
176250K .......... .......... .......... .......... .......... 69% 2.73M 29s
176300K .......... .......... .......... .......... .......... 69% 2.61M 28s
176350K .......... .......... .......... .......... .......... 69% 2.80M 28s
176400K .......... .......... .......... .......... .......... 69% 2.45M 28s
176450K .......... .......... .......... .......... .......... 69% 2.81M 28s
176500K .......... .......... .......... .......... .......... 69% 2.70M 28s
176550K .......... .......... .......... .......... .......... 69% 2.76M 28s
176600K .......... .......... .......... .......... .......... 69% 2.41M 28s
176650K .......... .......... .......... .......... .......... 69% 2.68M 28s
176700K .......... .......... .......... .......... .......... 69% 2.61M 28s
176750K .......... .......... .......... .......... .......... 70% 2.63M 28s
176800K .......... .......... .......... .......... .......... 70% 2.42M 28s
176850K .......... .......... .......... .......... .......... 70% 2.94M 28s
176900K .......... .......... .......... .......... .......... 70% 2.46M 28s
176950K .......... .......... .......... .......... .......... 70% 2.85M 28s
177000K .......... .......... .......... .......... .......... 70% 2.74M 28s
177050K .......... .......... .......... .......... .......... 70% 2.77M 28s
177100K .......... .......... .......... .......... .......... 70% 2.41M 28s
177150K .......... .......... .......... .......... .......... 70% 2.76M 28s
177200K .......... .......... .......... .......... .......... 70% 2.81M 28s
177250K .......... .......... .......... .......... .......... 70% 2.76M 28s
177300K .......... .......... .......... .......... .......... 70% 2.47M 28s
177350K .......... .......... .......... .......... .......... 70% 2.74M 28s
177400K .......... .......... .......... .......... .......... 70% 2.75M 28s
177450K .......... .......... .......... .......... .......... 70% 2.76M 28s
177500K .......... .......... .......... .......... .......... 70% 2.32M 28s
177550K .......... .......... .......... .......... .......... 70% 2.74M 28s
177600K .......... .......... .......... .......... .......... 70% 2.76M 28s
177650K .......... .......... .......... .......... .......... 70% 2.74M 28s
177700K .......... .......... .......... .......... .......... 70% 2.48M 28s
177750K .......... .......... .......... .......... .......... 70% 2.77M 28s
177800K .......... .......... .......... .......... .......... 70% 2.70M 28s
177850K .......... .......... .......... .......... .......... 70% 2.76M 28s
177900K .......... .......... .......... .......... .......... 70% 2.48M 28s
177950K .......... .......... .......... .......... .......... 70% 2.68M 28s
178000K .......... .......... .......... .......... .......... 70% 2.41M 28s
178050K .......... .......... .......... .......... .......... 70% 2.84M 28s
178100K .......... .......... .......... .......... .......... 70% 2.78M 28s
178150K .......... .......... .......... .......... .......... 70% 2.75M 28s
178200K .......... .......... .......... .......... .......... 70% 2.42M 28s
178250K .......... .......... .......... .......... .......... 70% 2.71M 28s
178300K .......... .......... .......... .......... .......... 70% 2.79M 28s
178350K .......... .......... .......... .......... .......... 70% 2.42M 28s
178400K .......... .......... .......... .......... .......... 70% 2.40M 28s
178450K .......... .......... .......... .......... .......... 70% 2.79M 28s
178500K .......... .......... .......... .......... .......... 70% 2.83M 28s
178550K .......... .......... .......... .......... .......... 70% 2.73M 28s
178600K .......... .......... .......... .......... .......... 70% 2.35M 28s
178650K .......... .......... .......... .......... .......... 70% 2.79M 28s
178700K .......... .......... .......... .......... .......... 70% 2.74M 28s
178750K .......... .......... .......... .......... .......... 70% 2.71M 28s
178800K .......... .......... .......... .......... .......... 70% 2.47M 28s
178850K .......... .......... .......... .......... .......... 70% 2.70M 28s
178900K .......... .......... .......... .......... .......... 70% 2.76M 28s
178950K .......... .......... .......... .......... .......... 70% 2.83M 27s
179000K .......... .......... .......... .......... .......... 70% 2.44M 27s
179050K .......... .......... .......... .......... .......... 70% 2.82M 27s
179100K .......... .......... .......... .......... .......... 70% 2.79M 27s
179150K .......... .......... .......... .......... .......... 70% 2.75M 27s
179200K .......... .......... .......... .......... .......... 70% 2.47M 27s
179250K .......... .......... .......... .......... .......... 70% 2.76M 27s
179300K .......... .......... .......... .......... .......... 71% 2.75M 27s
179350K .......... .......... .......... .......... .......... 71% 2.62M 27s
179400K .......... .......... .......... .......... .......... 71% 2.28M 27s
179450K .......... .......... .......... .......... .......... 71% 2.62M 27s
179500K .......... .......... .......... .......... .......... 71% 2.60M 27s
179550K .......... .......... .......... .......... .......... 71% 2.63M 27s
179600K .......... .......... .......... .......... .......... 71% 2.48M 27s
179650K .......... .......... .......... .......... .......... 71% 2.73M 27s
179700K .......... .......... .......... .......... .......... 71% 2.75M 27s
179750K .......... .......... .......... .......... .......... 71% 2.82M 27s
179800K .......... .......... .......... .......... .......... 71% 2.42M 27s
179850K .......... .......... .......... .......... .......... 71% 2.76M 27s
179900K .......... .......... .......... .......... .......... 71% 2.73M 27s
179950K .......... .......... .......... .......... .......... 71% 2.58M 27s
180000K .......... .......... .......... .......... .......... 71% 2.76M 27s
180050K .......... .......... .......... .......... .......... 71% 2.80M 27s
180100K .......... .......... .......... .......... .......... 71% 2.37M 27s
180150K .......... .......... .......... .......... .......... 71% 2.74M 27s
180200K .......... .......... .......... .......... .......... 71% 2.51M 27s
180250K .......... .......... .......... .......... .......... 71% 2.67M 27s
180300K .......... .......... .......... .......... .......... 71% 2.75M 27s
180350K .......... .......... .......... .......... .......... 71% 2.79M 27s
180400K .......... .......... .......... .......... .......... 71% 2.34M 27s
180450K .......... .......... .......... .......... .......... 71% 2.74M 27s
180500K .......... .......... .......... .......... .......... 71% 2.66M 27s
180550K .......... .......... .......... .......... .......... 71% 2.62M 27s
180600K .......... .......... .......... .......... .......... 71% 2.38M 27s
180650K .......... .......... .......... .......... .......... 71% 2.82M 27s
180700K .......... .......... .......... .......... .......... 71% 2.80M 27s
180750K .......... .......... .......... .......... .......... 71% 2.77M 27s
180800K .......... .......... .......... .......... .......... 71% 2.40M 27s
180850K .......... .......... .......... .......... .......... 71% 2.77M 27s
180900K .......... .......... .......... .......... .......... 71% 2.76M 27s
180950K .......... .......... .......... .......... .......... 71% 2.72M 27s
181000K .......... .......... .......... .......... .......... 71% 2.42M 27s
181050K .......... .......... .......... .......... .......... 71% 2.69M 27s
181100K .......... .......... .......... .......... .......... 71% 2.74M 27s
181150K .......... .......... .......... .......... .......... 71% 2.79M 27s
181200K .......... .......... .......... .......... .......... 71% 2.38M 27s
181250K .......... .......... .......... .......... .......... 71% 2.71M 27s
181300K .......... .......... .......... .......... .......... 71% 2.58M 27s
181350K .......... .......... .......... .......... .......... 71% 2.69M 27s
181400K .......... .......... .......... .......... .......... 71% 2.43M 27s
181450K .......... .......... .......... .......... .......... 71% 2.81M 27s
181500K .......... .......... .......... .......... .......... 71% 2.84M 27s
181550K .......... .......... .......... .......... .......... 71% 2.75M 27s
181600K .......... .......... .......... .......... .......... 71% 2.41M 27s
181650K .......... .......... .......... .......... .......... 71% 2.86M 26s
181700K .......... .......... .......... .......... .......... 71% 2.84M 26s
181750K .......... .......... .......... .......... .......... 71% 2.72M 26s
181800K .......... .......... .......... .......... .......... 72% 2.45M 26s
181850K .......... .......... .......... .......... .......... 72% 2.82M 26s
181900K .......... .......... .......... .......... .......... 72% 2.90M 26s
181950K .......... .......... .......... .......... .......... 72% 2.72M 26s
182000K .......... .......... .......... .......... .......... 72% 2.42M 26s
182050K .......... .......... .......... .......... .......... 72% 2.80M 26s
182100K .......... .......... .......... .......... .......... 72% 2.81M 26s
182150K .......... .......... .......... .......... .......... 72% 2.77M 26s
182200K .......... .......... .......... .......... .......... 72% 2.30M 26s
182250K .......... .......... .......... .......... .......... 72% 2.75M 26s
182300K .......... .......... .......... .......... .......... 72% 2.76M 26s
182350K .......... .......... .......... .......... .......... 72% 2.63M 26s
182400K .......... .......... .......... .......... .......... 72% 2.40M 26s
182450K .......... .......... .......... .......... .......... 72% 2.75M 26s
182500K .......... .......... .......... .......... .......... 72% 2.75M 26s
182550K .......... .......... .......... .......... .......... 72% 2.80M 26s
182600K .......... .......... .......... .......... .......... 72% 2.45M 26s
182650K .......... .......... .......... .......... .......... 72% 2.81M 26s
182700K .......... .......... .......... .......... .......... 72% 2.79M 26s
182750K .......... .......... .......... .......... .......... 72% 2.75M 26s
182800K .......... .......... .......... .......... .......... 72% 2.39M 26s
182850K .......... .......... .......... .......... .......... 72% 2.74M 26s
182900K .......... .......... .......... .......... .......... 72% 2.78M 26s
182950K .......... .......... .......... .......... .......... 72% 2.82M 26s
183000K .......... .......... .......... .......... .......... 72% 2.41M 26s
183050K .......... .......... .......... .......... .......... 72% 2.79M 26s
183100K .......... .......... .......... .......... .......... 72% 2.78M 26s
183150K .......... .......... .......... .......... .......... 72% 2.74M 26s
183200K .......... .......... .......... .......... .......... 72% 2.46M 26s
183250K .......... .......... .......... .......... .......... 72% 2.80M 26s
183300K .......... .......... .......... .......... .......... 72% 2.78M 26s
183350K .......... .......... .......... .......... .......... 72% 2.58M 26s
183400K .......... .......... .......... .......... .......... 72% 2.73M 26s
183450K .......... .......... .......... .......... .......... 72% 2.79M 26s
183500K .......... .......... .......... .......... .......... 72% 2.78M 26s
183550K .......... .......... .......... .......... .......... 72% 2.46M 26s
183600K .......... .......... .......... .......... .......... 72% 2.79M 26s
183650K .......... .......... .......... .......... .......... 72% 2.75M 26s
183700K .......... .......... .......... .......... .......... 72% 2.83M 26s
183750K .......... .......... .......... .......... .......... 72% 2.44M 26s
183800K .......... .......... .......... .......... .......... 72% 2.86M 26s
183850K .......... .......... .......... .......... .......... 72% 2.79M 26s
183900K .......... .......... .......... .......... .......... 72% 2.76M 26s
183950K .......... .......... .......... .......... .......... 72% 2.77M 26s
184000K .......... .......... .......... .......... .......... 72% 2.41M 26s
184050K .......... .......... .......... .......... .......... 72% 2.76M 26s
184100K .......... .......... .......... .......... .......... 72% 2.78M 26s
184150K .......... .......... .......... .......... .......... 72% 2.83M 26s
184200K .......... .......... .......... .......... .......... 72% 2.44M 26s
184250K .......... .......... .......... .......... .......... 72% 2.65M 26s
184300K .......... .......... .......... .......... .......... 72% 2.76M 25s
184350K .......... .......... .......... .......... .......... 73% 2.75M 25s
184400K .......... .......... .......... .......... .......... 73% 2.83M 25s
184450K .......... .......... .......... .......... .......... 73% 2.46M 25s
184500K .......... .......... .......... .......... .......... 73% 2.86M 25s
184550K .......... .......... .......... .......... .......... 73% 2.81M 25s
184600K .......... .......... .......... .......... .......... 73% 2.80M 25s
184650K .......... .......... .......... .......... .......... 73% 2.47M 25s
184700K .......... .......... .......... .......... .......... 73% 2.80M 25s
184750K .......... .......... .......... .......... .......... 73% 2.80M 25s
184800K .......... .......... .......... .......... .......... 73% 2.79M 25s
184850K .......... .......... .......... .......... .......... 73% 2.41M 25s
184900K .......... .......... .......... .......... .......... 73% 2.79M 25s
184950K .......... .......... .......... .......... .......... 73% 2.79M 25s
185000K .......... .......... .......... .......... .......... 73% 2.79M 25s
185050K .......... .......... .......... .......... .......... 73% 2.43M 25s
185100K .......... .......... .......... .......... .......... 73% 2.79M 25s
185150K .......... .......... .......... .......... .......... 73% 2.80M 25s
185200K .......... .......... .......... .......... .......... 73% 2.72M 25s
185250K .......... .......... .......... .......... .......... 73% 2.45M 25s
185300K .......... .......... .......... .......... .......... 73% 2.79M 25s
185350K .......... .......... .......... .......... .......... 73% 2.86M 25s
185400K .......... .......... .......... .......... .......... 73% 2.54M 25s
185450K .......... .......... .......... .......... .......... 73% 2.79M 25s
185500K .......... .......... .......... .......... .......... 73% 2.84M 25s
185550K .......... .......... .......... .......... .......... 73% 2.80M 25s
185600K .......... .......... .......... .......... .......... 73% 2.42M 25s
185650K .......... .......... .......... .......... .......... 73% 2.77M 25s
185700K .......... .......... .......... .......... .......... 73% 2.64M 25s
185750K .......... .......... .......... .......... .......... 73% 2.83M 25s
185800K .......... .......... .......... .......... .......... 73% 2.64M 25s
185850K .......... .......... .......... .......... .......... 73% 2.81M 25s
185900K .......... .......... .......... .......... .......... 73% 2.37M 25s
185950K .......... .......... .......... .......... .......... 73% 2.86M 25s
186000K .......... .......... .......... .......... .......... 73% 2.77M 25s
186050K .......... .......... .......... .......... .......... 73% 2.80M 25s
186100K .......... .......... .......... .......... .......... 73% 2.50M 25s
186150K .......... .......... .......... .......... .......... 73% 2.83M 25s
186200K .......... .......... .......... .......... .......... 73% 2.80M 25s
186250K .......... .......... .......... .......... .......... 73% 2.72M 25s
186300K .......... .......... .......... .......... .......... 73% 2.44M 25s
186350K .......... .......... .......... .......... .......... 73% 2.84M 25s
186400K .......... .......... .......... .......... .......... 73% 2.79M 25s
186450K .......... .......... .......... .......... .......... 73% 2.80M 25s
186500K .......... .......... .......... .......... .......... 73% 2.42M 25s
186550K .......... .......... .......... .......... .......... 73% 2.75M 25s
186600K .......... .......... .......... .......... .......... 73% 2.21M 25s
186650K .......... .......... .......... .......... .......... 73% 2.60M 25s
186700K .......... .......... .......... .......... .......... 73% 2.68M 25s
186750K .......... .......... .......... .......... .......... 73% 2.71M 25s
186800K .......... .......... .......... .......... .......... 73% 2.18M 25s
186850K .......... .......... .......... .......... .......... 74% 2.77M 25s
186900K .......... .......... .......... .......... .......... 74% 2.68M 25s
186950K .......... .......... .......... .......... .......... 74% 2.65M 24s
187000K .......... .......... .......... .......... .......... 74% 2.60M 24s
187050K .......... .......... .......... .......... .......... 74% 2.20M 24s
187100K .......... .......... .......... .......... .......... 74% 2.71M 24s
187150K .......... .......... .......... .......... .......... 74% 2.82M 24s
187200K .......... .......... .......... .......... .......... 74% 2.85M 24s
187250K .......... .......... .......... .......... .......... 74% 2.46M 24s
187300K .......... .......... .......... .......... .......... 74% 2.71M 24s
187350K .......... .......... .......... .......... .......... 74% 2.72M 24s
187400K .......... .......... .......... .......... .......... 74% 2.75M 24s
187450K .......... .......... .......... .......... .......... 74% 2.39M 24s
187500K .......... .......... .......... .......... .......... 74% 2.65M 24s
187550K .......... .......... .......... .......... .......... 74% 2.32M 24s
187600K .......... .......... .......... .......... .......... 74% 2.72M 24s
187650K .......... .......... .......... .......... .......... 74% 2.67M 24s
187700K .......... .......... .......... .......... .......... 74% 2.68M 24s
187750K .......... .......... .......... .......... .......... 74% 2.40M 24s
187800K .......... .......... .......... .......... .......... 74% 2.69M 24s
187850K .......... .......... .......... .......... .......... 74% 2.60M 24s
187900K .......... .......... .......... .......... .......... 74% 2.59M 24s
187950K .......... .......... .......... .......... .......... 74% 2.33M 24s
188000K .......... .......... .......... .......... .......... 74% 2.80M 24s
188050K .......... .......... .......... .......... .......... 74% 2.86M 24s
188100K .......... .......... .......... .......... .......... 74% 2.80M 24s
188150K .......... .......... .......... .......... .......... 74% 2.39M 24s
188200K .......... .......... .......... .......... .......... 74% 2.80M 24s
188250K .......... .......... .......... .......... .......... 74% 2.77M 24s
188300K .......... .......... .......... .......... .......... 74% 2.52M 24s
188350K .......... .......... .......... .......... .......... 74% 2.85M 24s
188400K .......... .......... .......... .......... .......... 74% 2.84M 24s
188450K .......... .......... .......... .......... .......... 74% 2.85M 24s
188500K .......... .......... .......... .......... .......... 74% 2.62M 24s
188550K .......... .......... .......... .......... .......... 74% 2.85M 24s
188600K .......... .......... .......... .......... .......... 74% 2.42M 24s
188650K .......... .......... .......... .......... .......... 74% 2.72M 24s
188700K .......... .......... .......... .......... .......... 74% 2.79M 24s
188750K .......... .......... .......... .......... .......... 74% 2.59M 24s
188800K .......... .......... .......... .......... .......... 74% 2.38M 24s
188850K .......... .......... .......... .......... .......... 74% 2.73M 24s
188900K .......... .......... .......... .......... .......... 74% 2.77M 24s
188950K .......... .......... .......... .......... .......... 74% 2.73M 24s
189000K .......... .......... .......... .......... .......... 74% 2.41M 24s
189050K .......... .......... .......... .......... .......... 74% 2.82M 24s
189100K .......... .......... .......... .......... .......... 74% 2.82M 24s
189150K .......... .......... .......... .......... .......... 74% 2.80M 24s
189200K .......... .......... .......... .......... .......... 74% 2.47M 24s
189250K .......... .......... .......... .......... .......... 74% 2.86M 24s
189300K .......... .......... .......... .......... .......... 74% 2.83M 24s
189350K .......... .......... .......... .......... .......... 74% 2.75M 24s
189400K .......... .......... .......... .......... .......... 75% 2.42M 24s
189450K .......... .......... .......... .......... .......... 75% 2.79M 24s
189500K .......... .......... .......... .......... .......... 75% 2.70M 24s
189550K .......... .......... .......... .......... .......... 75% 2.83M 24s
189600K .......... .......... .......... .......... .......... 75% 2.49M 23s
189650K .......... .......... .......... .......... .......... 75% 2.83M 23s
189700K .......... .......... .......... .......... .......... 75% 2.79M 23s
189750K .......... .......... .......... .......... .......... 75% 2.66M 23s
189800K .......... .......... .......... .......... .......... 75% 2.27M 23s
189850K .......... .......... .......... .......... .......... 75% 2.61M 23s
189900K .......... .......... .......... .......... .......... 75% 2.66M 23s
189950K .......... .......... .......... .......... .......... 75% 2.72M 23s
190000K .......... .......... .......... .......... .......... 75% 2.47M 23s
190050K .......... .......... .......... .......... .......... 75% 2.70M 23s
190100K .......... .......... .......... .......... .......... 75% 2.67M 23s
190150K .......... .......... .......... .......... .......... 75% 2.76M 23s
190200K .......... .......... .......... .......... .......... 75% 2.46M 23s
190250K .......... .......... .......... .......... .......... 75% 2.74M 23s
190300K .......... .......... .......... .......... .......... 75% 2.77M 23s
190350K .......... .......... .......... .......... .......... 75% 2.67M 23s
190400K .......... .......... .......... .......... .......... 75% 2.75M 23s
190450K .......... .......... .......... .......... .......... 75% 2.54M 23s
190500K .......... .......... .......... .......... .......... 75% 2.71M 23s
190550K .......... .......... .......... .......... .......... 75% 2.65M 23s
190600K .......... .......... .......... .......... .......... 75% 2.28M 23s
190650K .......... .......... .......... .......... .......... 75% 2.53M 23s
190700K .......... .......... .......... .......... .......... 75% 2.66M 23s
190750K .......... .......... .......... .......... .......... 75% 2.68M 23s
190800K .......... .......... .......... .......... .......... 75% 2.37M 23s
190850K .......... .......... .......... .......... .......... 75% 2.75M 23s
190900K .......... .......... .......... .......... .......... 75% 2.61M 23s
190950K .......... .......... .......... .......... .......... 75% 2.68M 23s
191000K .......... .......... .......... .......... .......... 75% 2.28M 23s
191050K .......... .......... .......... .......... .......... 75% 2.74M 23s
191100K .......... .......... .......... .......... .......... 75% 2.62M 23s
191150K .......... .......... .......... .......... .......... 75% 2.65M 23s
191200K .......... .......... .......... .......... .......... 75% 2.27M 23s
191250K .......... .......... .......... .......... .......... 75% 2.60M 23s
191300K .......... .......... .......... .......... .......... 75% 2.67M 23s
191350K .......... .......... .......... .......... .......... 75% 2.62M 23s
191400K .......... .......... .......... .......... .......... 75% 2.53M 23s
191450K .......... .......... .......... .......... .......... 75% 2.42M 23s
191500K .......... .......... .......... .......... .......... 75% 2.80M 23s
191550K .......... .......... .......... .......... .......... 75% 2.82M 23s
191600K .......... .......... .......... .......... .......... 75% 2.42M 23s
191650K .......... .......... .......... .......... .......... 75% 2.80M 23s
191700K .......... .......... .......... .......... .......... 75% 2.83M 23s
191750K .......... .......... .......... .......... .......... 75% 2.81M 23s
191800K .......... .......... .......... .......... .......... 75% 2.47M 23s
191850K .......... .......... .......... .......... .......... 75% 2.80M 23s
191900K .......... .......... .......... .......... .......... 76% 2.72M 23s
191950K .......... .......... .......... .......... .......... 76% 2.77M 23s
192000K .......... .......... .......... .......... .......... 76% 2.46M 23s
192050K .......... .......... .......... .......... .......... 76% 2.81M 23s
192100K .......... .......... .......... .......... .......... 76% 2.77M 23s
192150K .......... .......... .......... .......... .......... 76% 2.82M 23s
192200K .......... .......... .......... .......... .......... 76% 2.48M 23s
192250K .......... .......... .......... .......... .......... 76% 2.82M 22s
192300K .......... .......... .......... .......... .......... 76% 2.74M 22s
192350K .......... .......... .......... .......... .......... 76% 2.56M 22s
192400K .......... .......... .......... .......... .......... 76% 2.38M 22s
192450K .......... .......... .......... .......... .......... 76% 2.64M 22s
192500K .......... .......... .......... .......... .......... 76% 2.55M 22s
192550K .......... .......... .......... .......... .......... 76% 2.65M 22s
192600K .......... .......... .......... .......... .......... 76% 2.41M 22s
192650K .......... .......... .......... .......... .......... 76% 2.80M 22s
192700K .......... .......... .......... .......... .......... 76% 2.72M 22s
192750K .......... .......... .......... .......... .......... 76% 2.30M 22s
192800K .......... .......... .......... .......... .......... 76% 2.61M 22s
192850K .......... .......... .......... .......... .......... 76% 2.50M 22s
192900K .......... .......... .......... .......... .......... 76% 2.81M 22s
192950K .......... .......... .......... .......... .......... 76% 2.45M 22s
193000K .......... .......... .......... .......... .......... 76% 2.84M 22s
193050K .......... .......... .......... .......... .......... 76% 2.79M 22s
193100K .......... .......... .......... .......... .......... 76% 2.80M 22s
193150K .......... .......... .......... .......... .......... 76% 2.39M 22s
193200K .......... .......... .......... .......... .......... 76% 2.67M 22s
193250K .......... .......... .......... .......... .......... 76% 2.66M 22s
193300K .......... .......... .......... .......... .......... 76% 2.65M 22s
193350K .......... .......... .......... .......... .......... 76% 2.59M 22s
193400K .......... .......... .......... .......... .......... 76% 2.39M 22s
193450K .......... .......... .......... .......... .......... 76% 2.49M 22s
193500K .......... .......... .......... .......... .......... 76% 2.87M 22s
193550K .......... .......... .......... .......... .......... 76% 2.37M 22s
193600K .......... .......... .......... .......... .......... 76% 2.71M 22s
193650K .......... .......... .......... .......... .......... 76% 2.69M 22s
193700K .......... .......... .......... .......... .......... 76% 2.65M 22s
193750K .......... .......... .......... .......... .......... 76% 2.37M 22s
193800K .......... .......... .......... .......... .......... 76% 2.64M 22s
193850K .......... .......... .......... .......... .......... 76% 1.97M 22s
193900K .......... .......... .......... .......... .......... 76% 2.54M 22s
193950K .......... .......... .......... .......... .......... 76% 2.34M 22s
194000K .......... .......... .......... .......... .......... 76% 2.31M 22s
194050K .......... .......... .......... .......... .......... 76% 2.64M 22s
194100K .......... .......... .......... .......... .......... 76% 2.68M 22s
194150K .......... .......... .......... .......... .......... 76% 2.67M 22s
194200K .......... .......... .......... .......... .......... 76% 2.21M 22s
194250K .......... .......... .......... .......... .......... 76% 2.70M 22s
194300K .......... .......... .......... .......... .......... 76% 2.75M 22s
194350K .......... .......... .......... .......... .......... 76% 2.83M 22s
194400K .......... .......... .......... .......... .......... 76% 2.46M 22s
194450K .......... .......... .......... .......... .......... 77% 2.82M 22s
194500K .......... .......... .......... .......... .......... 77% 2.78M 22s
194550K .......... .......... .......... .......... .......... 77% 2.82M 22s
194600K .......... .......... .......... .......... .......... 77% 2.46M 22s
194650K .......... .......... .......... .......... .......... 77% 2.71M 22s
194700K .......... .......... .......... .......... .......... 77% 2.68M 22s
194750K .......... .......... .......... .......... .......... 77% 2.34M 22s
194800K .......... .......... .......... .......... .......... 77% 2.55M 22s
194850K .......... .......... .......... .......... .......... 77% 2.59M 22s
194900K .......... .......... .......... .......... .......... 77% 2.76M 22s
194950K .......... .......... .......... .......... .......... 77% 2.43M 21s
195000K .......... .......... .......... .......... .......... 77% 2.69M 21s
195050K .......... .......... .......... .......... .......... 77% 2.80M 21s
195100K .......... .......... .......... .......... .......... 77% 2.73M 21s
195150K .......... .......... .......... .......... .......... 77% 2.46M 21s
195200K .......... .......... .......... .......... .......... 77% 2.81M 21s
195250K .......... .......... .......... .......... .......... 77% 2.87M 21s
195300K .......... .......... .......... .......... .......... 77% 2.79M 21s
195350K .......... .......... .......... .......... .......... 77% 2.37M 21s
195400K .......... .......... .......... .......... .......... 77% 2.79M 21s
195450K .......... .......... .......... .......... .......... 77% 2.75M 21s
195500K .......... .......... .......... .......... .......... 77% 2.82M 21s
195550K .......... .......... .......... .......... .......... 77% 2.44M 21s
195600K .......... .......... .......... .......... .......... 77% 3.00M 21s
195650K .......... .......... .......... .......... .......... 77% 2.12M 21s
195700K .......... .......... .......... .......... .......... 77% 2.54M 21s
195750K .......... .......... .......... .......... .......... 77% 2.61M 21s
195800K .......... .......... .......... .......... .......... 77% 2.71M 21s
195850K .......... .......... .......... .......... .......... 77% 2.58M 21s
195900K .......... .......... .......... .......... .......... 77% 2.46M 21s
195950K .......... .......... .......... .......... .......... 77% 2.82M 21s
196000K .......... .......... .......... .......... .......... 77% 2.86M 21s
196050K .......... .......... .......... .......... .......... 77% 2.79M 21s
196100K .......... .......... .......... .......... .......... 77% 2.69M 21s
196150K .......... .......... .......... .......... .......... 77% 2.50M 21s
196200K .......... .......... .......... .......... .......... 77% 2.75M 21s
196250K .......... .......... .......... .......... .......... 77% 2.67M 21s
196300K .......... .......... .......... .......... .......... 77% 2.75M 21s
196350K .......... .......... .......... .......... .......... 77% 2.64M 21s
196400K .......... .......... .......... .......... .......... 77% 2.39M 21s
196450K .......... .......... .......... .......... .......... 77% 2.67M 21s
196500K .......... .......... .......... .......... .......... 77% 2.74M 21s
196550K .......... .......... .......... .......... .......... 77% 2.70M 21s
196600K .......... .......... .......... .......... .......... 77% 2.53M 21s
196650K .......... .......... .......... .......... .......... 77% 2.74M 21s
196700K .......... .......... .......... .......... .......... 77% 2.77M 21s
196750K .......... .......... .......... .......... .......... 77% 2.37M 21s
196800K .......... .......... .......... .......... .......... 77% 2.63M 21s
196850K .......... .......... .......... .......... .......... 77% 2.63M 21s
196900K .......... .......... .......... .......... .......... 77% 2.66M 21s
196950K .......... .......... .......... .......... .......... 78% 2.31M 21s
197000K .......... .......... .......... .......... .......... 78% 2.48M 21s
197050K .......... .......... .......... .......... .......... 78% 2.70M 21s
197100K .......... .......... .......... .......... .......... 78% 2.72M 21s
197150K .......... .......... .......... .......... .......... 78% 2.62M 21s
197200K .......... .......... .......... .......... .......... 78% 2.32M 21s
197250K .......... .......... .......... .......... .......... 78% 2.57M 21s
197300K .......... .......... .......... .......... .......... 78% 2.67M 21s
197350K .......... .......... .......... .......... .......... 78% 2.73M 21s
197400K .......... .......... .......... .......... .......... 78% 2.68M 21s
197450K .......... .......... .......... .......... .......... 78% 2.34M 21s
197500K .......... .......... .......... .......... .......... 78% 2.59M 21s
197550K .......... .......... .......... .......... .......... 78% 2.61M 21s
197600K .......... .......... .......... .......... .......... 78% 2.44M 21s
197650K .......... .......... .......... .......... .......... 78% 2.67M 20s
197700K .......... .......... .......... .......... .......... 78% 2.50M 20s
197750K .......... .......... .......... .......... .......... 78% 2.28M 20s
197800K .......... .......... .......... .......... .......... 78% 2.68M 20s
197850K .......... .......... .......... .......... .......... 78% 2.72M 20s
197900K .......... .......... .......... .......... .......... 78% 2.66M 20s
197950K .......... .......... .......... .......... .......... 78% 1.82M 20s
198000K .......... .......... .......... .......... .......... 78% 2.59M 20s
198050K .......... .......... .......... .......... .......... 78% 2.61M 20s
198100K .......... .......... .......... .......... .......... 78% 2.58M 20s
198150K .......... .......... .......... .......... .......... 78% 2.25M 20s
198200K .......... .......... .......... .......... .......... 78% 2.68M 20s
198250K .......... .......... .......... .......... .......... 78% 2.77M 20s
198300K .......... .......... .......... .......... .......... 78% 2.62M 20s
198350K .......... .......... .......... .......... .......... 78% 2.22M 20s
198400K .......... .......... .......... .......... .......... 78% 2.46M 20s
198450K .......... .......... .......... .......... .......... 78% 2.64M 20s
198500K .......... .......... .......... .......... .......... 78% 2.57M 20s
198550K .......... .......... .......... .......... .......... 78% 2.22M 20s
198600K .......... .......... .......... .......... .......... 78% 2.68M 20s
198650K .......... .......... .......... .......... .......... 78% 2.59M 20s
198700K .......... .......... .......... .......... .......... 78% 2.56M 20s
198750K .......... .......... .......... .......... .......... 78% 2.31M 20s
198800K .......... .......... .......... .......... .......... 78% 2.63M 20s
198850K .......... .......... .......... .......... .......... 78% 2.54M 20s
198900K .......... .......... .......... .......... .......... 78% 2.60M 20s
198950K .......... .......... .......... .......... .......... 78% 2.31M 20s
199000K .......... .......... .......... .......... .......... 78% 2.62M 20s
199050K .......... .......... .......... .......... .......... 78% 2.67M 20s
199100K .......... .......... .......... .......... .......... 78% 2.71M 20s
199150K .......... .......... .......... .......... .......... 78% 2.41M 20s
199200K .......... .......... .......... .......... .......... 78% 2.60M 20s
199250K .......... .......... .......... .......... .......... 78% 2.71M 20s
199300K .......... .......... .......... .......... .......... 78% 2.74M 20s
199350K .......... .......... .......... .......... .......... 78% 2.40M 20s
199400K .......... .......... .......... .......... .......... 78% 2.66M 20s
199450K .......... .......... .......... .......... .......... 78% 2.63M 20s
199500K .......... .......... .......... .......... .......... 79% 2.42M 20s
199550K .......... .......... .......... .......... .......... 79% 2.68M 20s
199600K .......... .......... .......... .......... .......... 79% 2.68M 20s
199650K .......... .......... .......... .......... .......... 79% 2.74M 20s
199700K .......... .......... .......... .......... .......... 79% 2.44M 20s
199750K .......... .......... .......... .......... .......... 79% 2.74M 20s
199800K .......... .......... .......... .......... .......... 79% 2.71M 20s
199850K .......... .......... .......... .......... .......... 79% 2.66M 20s
199900K .......... .......... .......... .......... .......... 79% 2.39M 20s
199950K .......... .......... .......... .......... .......... 79% 2.71M 20s
200000K .......... .......... .......... .......... .......... 79% 2.74M 20s
200050K .......... .......... .......... .......... .......... 79% 2.54M 20s
200100K .......... .......... .......... .......... .......... 79% 2.72M 20s
200150K .......... .......... .......... .......... .......... 79% 2.26M 20s
200200K .......... .......... .......... .......... .......... 79% 2.68M 20s
200250K .......... .......... .......... .......... .......... 79% 2.62M 20s
200300K .......... .......... .......... .......... .......... 79% 2.57M 20s
200350K .......... .......... .......... .......... .......... 79% 2.16M 19s
200400K .......... .......... .......... .......... .......... 79% 2.48M 19s
200450K .......... .......... .......... .......... .......... 79% 2.60M 19s
200500K .......... .......... .......... .......... .......... 79% 2.49M 19s
200550K .......... .......... .......... .......... .......... 79% 2.17M 19s
200600K .......... .......... .......... .......... .......... 79% 2.42M 19s
200650K .......... .......... .......... .......... .......... 79% 2.60M 19s
200700K .......... .......... .......... .......... .......... 79% 2.57M 19s
200750K .......... .......... .......... .......... .......... 79% 2.26M 19s
200800K .......... .......... .......... .......... .......... 79% 2.61M 19s
200850K .......... .......... .......... .......... .......... 79% 1.94M 19s
200900K .......... .......... .......... .......... .......... 79% 2.60M 19s
200950K .......... .......... .......... .......... .......... 79% 2.33M 19s
201000K .......... .......... .......... .......... .......... 79% 2.22M 19s
201050K .......... .......... .......... .......... .......... 79% 2.59M 19s
201100K .......... .......... .......... .......... .......... 79% 2.55M 19s
201150K .......... .......... .......... .......... .......... 79% 2.69M 19s
201200K .......... .......... .......... .......... .......... 79% 2.19M 19s
201250K .......... .......... .......... .......... .......... 79% 2.52M 19s
201300K .......... .......... .......... .......... .......... 79% 2.56M 19s
201350K .......... .......... .......... .......... .......... 79% 2.46M 19s
201400K .......... .......... .......... .......... .......... 79% 2.17M 19s
201450K .......... .......... .......... .......... .......... 79% 2.62M 19s
201500K .......... .......... .......... .......... .......... 79% 2.64M 19s
201550K .......... .......... .......... .......... .......... 79% 2.49M 19s
201600K .......... .......... .......... .......... .......... 79% 2.61M 19s
201650K .......... .......... .......... .......... .......... 79% 2.56M 19s
201700K .......... .......... .......... .......... .......... 79% 2.49M 19s
201750K .......... .......... .......... .......... .......... 79% 2.63M 19s
201800K .......... .......... .......... .......... .......... 79% 2.27M 19s
201850K .......... .......... .......... .......... .......... 79% 2.73M 19s
201900K .......... .......... .......... .......... .......... 79% 2.66M 19s
201950K .......... .......... .......... .......... .......... 79% 2.56M 19s
202000K .......... .......... .......... .......... .......... 80% 2.23M 19s
202050K .......... .......... .......... .......... .......... 80% 2.74M 19s
202100K .......... .......... .......... .......... .......... 80% 2.74M 19s
202150K .......... .......... .......... .......... .......... 80% 2.68M 19s
202200K .......... .......... .......... .......... .......... 80% 2.60M 19s
202250K .......... .......... .......... .......... .......... 80% 2.43M 19s
202300K .......... .......... .......... .......... .......... 80% 2.32M 19s
202350K .......... .......... .......... .......... .......... 80% 2.60M 19s
202400K .......... .......... .......... .......... .......... 80% 2.24M 19s
202450K .......... .......... .......... .......... .......... 80% 2.47M 19s
202500K .......... .......... .......... .......... .......... 80% 2.58M 19s
202550K .......... .......... .......... .......... .......... 80% 2.44M 19s
202600K .......... .......... .......... .......... .......... 80% 2.28M 19s
202650K .......... .......... .......... .......... .......... 80% 2.69M 19s
202700K .......... .......... .......... .......... .......... 80% 2.57M 19s
202750K .......... .......... .......... .......... .......... 80% 2.58M 19s
202800K .......... .......... .......... .......... .......... 80% 2.31M 19s
202850K .......... .......... .......... .......... .......... 80% 2.35M 19s
202900K .......... .......... .......... .......... .......... 80% 2.62M 19s
202950K .......... .......... .......... .......... .......... 80% 2.76M 19s
203000K .......... .......... .......... .......... .......... 80% 2.74M 19s
203050K .......... .......... .......... .......... .......... 80% 2.38M 18s
203100K .......... .......... .......... .......... .......... 80% 2.78M 18s
203150K .......... .......... .......... .......... .......... 80% 2.67M 18s
203200K .......... .......... .......... .......... .......... 80% 2.74M 18s
203250K .......... .......... .......... .......... .......... 80% 2.63M 18s
203300K .......... .......... .......... .......... .......... 80% 2.37M 18s
203350K .......... .......... .......... .......... .......... 80% 2.59M 18s
203400K .......... .......... .......... .......... .......... 80% 2.47M 18s
203450K .......... .......... .......... .......... .......... 80% 2.41M 18s
203500K .......... .......... .......... .......... .......... 80% 1.96M 18s
203550K .......... .......... .......... .......... .......... 80% 2.47M 18s
203600K .......... .......... .......... .......... .......... 80% 2.13M 18s
203650K .......... .......... .......... .......... .......... 80% 2.65M 18s
203700K .......... .......... .......... .......... .......... 80% 2.56M 18s
203750K .......... .......... .......... .......... .......... 80% 2.57M 18s
203800K .......... .......... .......... .......... .......... 80% 2.75M 18s
203850K .......... .......... .......... .......... .......... 80% 2.57M 18s
203900K .......... .......... .......... .......... .......... 80% 2.60M 18s
203950K .......... .......... .......... .......... .......... 80% 2.26M 18s
204000K .......... .......... .......... .......... .......... 80% 2.55M 18s
204050K .......... .......... .......... .......... .......... 80% 2.64M 18s
204100K .......... .......... .......... .......... .......... 80% 2.57M 18s
204150K .......... .......... .......... .......... .......... 80% 2.25M 18s
204200K .......... .......... .......... .......... .......... 80% 2.56M 18s
204250K .......... .......... .......... .......... .......... 80% 2.73M 18s
204300K .......... .......... .......... .......... .......... 80% 2.60M 18s
204350K .......... .......... .......... .......... .......... 80% 2.35M 18s
204400K .......... .......... .......... .......... .......... 80% 2.75M 18s
204450K .......... .......... .......... .......... .......... 80% 2.72M 18s
204500K .......... .......... .......... .......... .......... 80% 2.24M 18s
204550K .......... .......... .......... .......... .......... 81% 2.34M 18s
204600K .......... .......... .......... .......... .......... 81% 2.63M 18s
204650K .......... .......... .......... .......... .......... 81% 2.65M 18s
204700K .......... .......... .......... .......... .......... 81% 2.57M 18s
204750K .......... .......... .......... .......... .......... 81% 2.18M 18s
204800K .......... .......... .......... .......... .......... 81% 2.69M 18s
204850K .......... .......... .......... .......... .......... 81% 2.51M 18s
204900K .......... .......... .......... .......... .......... 81% 2.60M 18s
204950K .......... .......... .......... .......... .......... 81% 2.28M 18s
205000K .......... .......... .......... .......... .......... 81% 2.57M 18s
205050K .......... .......... .......... .......... .......... 81% 2.59M 18s
205100K .......... .......... .......... .......... .......... 81% 2.70M 18s
205150K .......... .......... .......... .......... .......... 81% 2.63M 18s
205200K .......... .......... .......... .......... .......... 81% 2.32M 18s
205250K .......... .......... .......... .......... .......... 81% 2.63M 18s
205300K .......... .......... .......... .......... .......... 81% 2.62M 18s
205350K .......... .......... .......... .......... .......... 81% 2.74M 18s
205400K .......... .......... .......... .......... .......... 81% 2.32M 18s
205450K .......... .......... .......... .......... .......... 81% 2.67M 18s
205500K .......... .......... .......... .......... .......... 81% 2.70M 18s
205550K .......... .......... .......... .......... .......... 81% 2.73M 18s
205600K .......... .......... .......... .......... .......... 81% 2.17M 18s
205650K .......... .......... .......... .......... .......... 81% 2.62M 18s
205700K .......... .......... .......... .......... .......... 81% 2.51M 18s
205750K .......... .......... .......... .......... .......... 81% 1.81M 17s
205800K .......... .......... .......... .......... .......... 81% 2.34M 17s
205850K .......... .......... .......... .......... .......... 81% 2.46M 17s
205900K .......... .......... .......... .......... .......... 81% 2.65M 17s
205950K .......... .......... .......... .......... .......... 81% 2.30M 17s
206000K .......... .......... .......... .......... .......... 81% 2.67M 17s
206050K .......... .......... .......... .......... .......... 81% 2.64M 17s
206100K .......... .......... .......... .......... .......... 81% 2.60M 17s
206150K .......... .......... .......... .......... .......... 81% 2.27M 17s
206200K .......... .......... .......... .......... .......... 81% 2.46M 17s
206250K .......... .......... .......... .......... .......... 81% 2.61M 17s
206300K .......... .......... .......... .......... .......... 81% 2.58M 17s
206350K .......... .......... .......... .......... .......... 81% 2.32M 17s
206400K .......... .......... .......... .......... .......... 81% 2.48M 17s
206450K .......... .......... .......... .......... .......... 81% 2.66M 17s
206500K .......... .......... .......... .......... .......... 81% 2.61M 17s
206550K .......... .......... .......... .......... .......... 81% 2.24M 17s
206600K .......... .......... .......... .......... .......... 81% 2.70M 17s
206650K .......... .......... .......... .......... .......... 81% 2.77M 17s
206700K .......... .......... .......... .......... .......... 81% 2.76M 17s
206750K .......... .......... .......... .......... .......... 81% 2.36M 17s
206800K .......... .......... .......... .......... .......... 81% 2.72M 17s
206850K .......... .......... .......... .......... .......... 81% 2.67M 17s
206900K .......... .......... .......... .......... .......... 81% 2.67M 17s
206950K .......... .......... .......... .......... .......... 81% 2.34M 17s
207000K .......... .......... .......... .......... .......... 81% 2.68M 17s
207050K .......... .......... .......... .......... .......... 82% 2.72M 17s
207100K .......... .......... .......... .......... .......... 82% 2.60M 17s
207150K .......... .......... .......... .......... .......... 82% 2.38M 17s
207200K .......... .......... .......... .......... .......... 82% 2.71M 17s
207250K .......... .......... .......... .......... .......... 82% 2.64M 17s
207300K .......... .......... .......... .......... .......... 82% 2.67M 17s
207350K .......... .......... .......... .......... .......... 82% 2.36M 17s
207400K .......... .......... .......... .......... .......... 82% 2.73M 17s
207450K .......... .......... .......... .......... .......... 82% 2.47M 17s
207500K .......... .......... .......... .......... .......... 82% 2.65M 17s
207550K .......... .......... .......... .......... .......... 82% 2.59M 17s
207600K .......... .......... .......... .......... .......... 82% 2.66M 17s
207650K .......... .......... .......... .......... .......... 82% 2.32M 17s
207700K .......... .......... .......... .......... .......... 82% 2.67M 17s
207750K .......... .......... .......... .......... .......... 82% 2.67M 17s
207800K .......... .......... .......... .......... .......... 82% 2.70M 17s
207850K .......... .......... .......... .......... .......... 82% 2.42M 17s
207900K .......... .......... .......... .......... .......... 82% 2.59M 17s
207950K .......... .......... .......... .......... .......... 82% 2.69M 17s
208000K .......... .......... .......... .......... .......... 82% 2.23M 17s
208050K .......... .......... .......... .......... .......... 82% 2.59M 17s
208100K .......... .......... .......... .......... .......... 82% 2.52M 17s
208150K .......... .......... .......... .......... .......... 82% 2.57M 17s
208200K .......... .......... .......... .......... .......... 82% 2.27M 17s
208250K .......... .......... .......... .......... .......... 82% 2.60M 17s
208300K .......... .......... .......... .......... .......... 82% 2.45M 17s
208350K .......... .......... .......... .......... .......... 82% 1.84M 17s
208400K .......... .......... .......... .......... .......... 82% 2.39M 17s
208450K .......... .......... .......... .......... .......... 82% 2.48M 16s
208500K .......... .......... .......... .......... .......... 82% 2.67M 16s
208550K .......... .......... .......... .......... .......... 82% 2.60M 16s
208600K .......... .......... .......... .......... .......... 82% 2.18M 16s
208650K .......... .......... .......... .......... .......... 82% 2.79M 16s
208700K .......... .......... .......... .......... .......... 82% 2.21M 16s
208750K .......... .......... .......... .......... .......... 82% 2.55M 16s
208800K .......... .......... .......... .......... .......... 82% 2.66M 16s
208850K .......... .......... .......... .......... .......... 82% 2.45M 16s
208900K .......... .......... .......... .......... .......... 82% 2.63M 16s
208950K .......... .......... .......... .......... .......... 82% 2.23M 16s
209000K .......... .......... .......... .......... .......... 82% 2.64M 16s
209050K .......... .......... .......... .......... .......... 82% 2.69M 16s
209100K .......... .......... .......... .......... .......... 82% 2.51M 16s
209150K .......... .......... .......... .......... .......... 82% 2.36M 16s
209200K .......... .......... .......... .......... .......... 82% 2.50M 16s
209250K .......... .......... .......... .......... .......... 82% 2.43M 16s
209300K .......... .......... .......... .......... .......... 82% 2.46M 16s
209350K .......... .......... .......... .......... .......... 82% 2.61M 16s
209400K .......... .......... .......... .......... .......... 82% 2.39M 16s
209450K .......... .......... .......... .......... .......... 82% 2.39M 16s
209500K .......... .......... .......... .......... .......... 82% 2.74M 16s
209550K .......... .......... .......... .......... .......... 82% 2.71M 16s
209600K .......... .......... .......... .......... .......... 83% 2.80M 16s
209650K .......... .......... .......... .......... .......... 83% 2.42M 16s
209700K .......... .......... .......... .......... .......... 83% 2.78M 16s
209750K .......... .......... .......... .......... .......... 83% 2.78M 16s
209800K .......... .......... .......... .......... .......... 83% 2.66M 16s
209850K .......... .......... .......... .......... .......... 83% 2.35M 16s
209900K .......... .......... .......... .......... .......... 83% 2.76M 16s
209950K .......... .......... .......... .......... .......... 83% 2.66M 16s
210000K .......... .......... .......... .......... .......... 83% 2.69M 16s
210050K .......... .......... .......... .......... .......... 83% 2.37M 16s
210100K .......... .......... .......... .......... .......... 83% 2.70M 16s
210150K .......... .......... .......... .......... .......... 83% 2.78M 16s
210200K .......... .......... .......... .......... .......... 83% 2.64M 16s
210250K .......... .......... .......... .......... .......... 83% 2.43M 16s
210300K .......... .......... .......... .......... .......... 83% 2.85M 16s
210350K .......... .......... .......... .......... .......... 83% 2.64M 16s
210400K .......... .......... .......... .......... .......... 83% 2.36M 16s
210450K .......... .......... .......... .......... .......... 83% 2.73M 16s
210500K .......... .......... .......... .......... .......... 83% 2.82M 16s
210550K .......... .......... .......... .......... .......... 83% 2.65M 16s
210600K .......... .......... .......... .......... .......... 83% 2.29M 16s
210650K .......... .......... .......... .......... .......... 83% 2.68M 16s
210700K .......... .......... .......... .......... .......... 83% 2.77M 16s
210750K .......... .......... .......... .......... .......... 83% 2.66M 16s
210800K .......... .......... .......... .......... .......... 83% 2.31M 16s
210850K .......... .......... .......... .......... .......... 83% 2.70M 16s
210900K .......... .......... .......... .......... .......... 83% 2.73M 16s
210950K .......... .......... .......... .......... .......... 83% 2.67M 16s
211000K .......... .......... .......... .......... .......... 83% 2.30M 16s
211050K .......... .......... .......... .......... .......... 83% 2.72M 16s
211100K .......... .......... .......... .......... .......... 83% 2.49M 15s
211150K .......... .......... .......... .......... .......... 83% 2.57M 15s
211200K .......... .......... .......... .......... .......... 83% 2.33M 15s
211250K .......... .......... .......... .......... .......... 83% 2.54M 15s
211300K .......... .......... .......... .......... .......... 83% 2.58M 15s
211350K .......... .......... .......... .......... .......... 83% 2.75M 15s
211400K .......... .......... .......... .......... .......... 83% 2.47M 15s
211450K .......... .......... .......... .......... .......... 83% 2.24M 15s
211500K .......... .......... .......... .......... .......... 83% 2.64M 15s
211550K .......... .......... .......... .......... .......... 83% 2.82M 15s
211600K .......... .......... .......... .......... .......... 83% 2.76M 15s
211650K .......... .......... .......... .......... .......... 83% 2.56M 15s
211700K .......... .......... .......... .......... .......... 83% 2.31M 15s
211750K .......... .......... .......... .......... .......... 83% 2.74M 15s
211800K .......... .......... .......... .......... .......... 83% 2.52M 15s
211850K .......... .......... .......... .......... .......... 83% 2.52M 15s
211900K .......... .......... .......... .......... .......... 83% 2.48M 15s
211950K .......... .......... .......... .......... .......... 83% 2.55M 15s
212000K .......... .......... .......... .......... .......... 83% 2.43M 15s
212050K .......... .......... .......... .......... .......... 83% 2.79M 15s
212100K .......... .......... .......... .......... .......... 84% 2.81M 15s
212150K .......... .......... .......... .......... .......... 84% 2.73M 15s
212200K .......... .......... .......... .......... .......... 84% 2.43M 15s
212250K .......... .......... .......... .......... .......... 84% 2.80M 15s
212300K .......... .......... .......... .......... .......... 84% 2.57M 15s
212350K .......... .......... .......... .......... .......... 84% 2.76M 15s
212400K .......... .......... .......... .......... .......... 84% 2.48M 15s
212450K .......... .......... .......... .......... .......... 84% 2.80M 15s
212500K .......... .......... .......... .......... .......... 84% 2.75M 15s
212550K .......... .......... .......... .......... .......... 84% 2.78M 15s
212600K .......... .......... .......... .......... .......... 84% 2.39M 15s
212650K .......... .......... .......... .......... .......... 84% 2.76M 15s
212700K .......... .......... .......... .......... .......... 84% 2.66M 15s
212750K .......... .......... .......... .......... .......... 84% 2.48M 15s
212800K .......... .......... .......... .......... .......... 84% 2.43M 15s
212850K .......... .......... .......... .......... .......... 84% 2.56M 15s
212900K .......... .......... .......... .......... .......... 84% 2.36M 15s
212950K .......... .......... .......... .......... .......... 84% 2.74M 15s
213000K .......... .......... .......... .......... .......... 84% 2.37M 15s
213050K .......... .......... .......... .......... .......... 84% 2.79M 15s
213100K .......... .......... .......... .......... .......... 84% 2.46M 15s
213150K .......... .......... .......... .......... .......... 84% 2.69M 15s
213200K .......... .......... .......... .......... .......... 84% 2.53M 15s
213250K .......... .......... .......... .......... .......... 84% 2.71M 15s
213300K .......... .......... .......... .......... .......... 84% 2.82M 15s
213350K .......... .......... .......... .......... .......... 84% 2.74M 15s
213400K .......... .......... .......... .......... .......... 84% 2.44M 15s
213450K .......... .......... .......... .......... .......... 84% 2.77M 15s
213500K .......... .......... .......... .......... .......... 84% 2.82M 15s
213550K .......... .......... .......... .......... .......... 84% 2.64M 15s
213600K .......... .......... .......... .......... .......... 84% 2.80M 15s
213650K .......... .......... .......... .......... .......... 84% 2.49M 15s
213700K .......... .......... .......... .......... .......... 84% 2.81M 15s
213750K .......... .......... .......... .......... .......... 84% 2.76M 15s
213800K .......... .......... .......... .......... .......... 84% 2.84M 14s
213850K .......... .......... .......... .......... .......... 84% 2.39M 14s
213900K .......... .......... .......... .......... .......... 84% 2.65M 14s
213950K .......... .......... .......... .......... .......... 84% 2.64M 14s
214000K .......... .......... .......... .......... .......... 84% 2.43M 14s
214050K .......... .......... .......... .......... .......... 84% 2.65M 14s
214100K .......... .......... .......... .......... .......... 84% 2.73M 14s
214150K .......... .......... .......... .......... .......... 84% 2.76M 14s
214200K .......... .......... .......... .......... .......... 84% 2.41M 14s
214250K .......... .......... .......... .......... .......... 84% 2.75M 14s
214300K .......... .......... .......... .......... .......... 84% 2.72M 14s
214350K .......... .......... .......... .......... .......... 84% 2.47M 14s
214400K .......... .......... .......... .......... .......... 84% 2.78M 14s
214450K .......... .......... .......... .......... .......... 84% 2.79M 14s
214500K .......... .......... .......... .......... .......... 84% 2.72M 14s
214550K .......... .......... .......... .......... .......... 84% 2.45M 14s
214600K .......... .......... .......... .......... .......... 84% 2.82M 14s
214650K .......... .......... .......... .......... .......... 85% 2.83M 14s
214700K .......... .......... .......... .......... .......... 85% 2.85M 14s
214750K .......... .......... .......... .......... .......... 85% 2.47M 14s
214800K .......... .......... .......... .......... .......... 85% 2.77M 14s
214850K .......... .......... .......... .......... .......... 85% 2.63M 14s
214900K .......... .......... .......... .......... .......... 85% 2.72M 14s
214950K .......... .......... .......... .......... .......... 85% 2.71M 14s
215000K .......... .......... .......... .......... .......... 85% 2.34M 14s
215050K .......... .......... .......... .......... .......... 85% 2.67M 14s
215100K .......... .......... .......... .......... .......... 85% 2.59M 14s
215150K .......... .......... .......... .......... .......... 85% 2.79M 14s
215200K .......... .......... .......... .......... .......... 85% 2.40M 14s
215250K .......... .......... .......... .......... .......... 85% 2.68M 14s
215300K .......... .......... .......... .......... .......... 85% 2.62M 14s
215350K .......... .......... .......... .......... .......... 85% 2.64M 14s
215400K .......... .......... .......... .......... .......... 85% 2.24M 14s
215450K .......... .......... .......... .......... .......... 85% 2.67M 14s
215500K .......... .......... .......... .......... .......... 85% 2.67M 14s
215550K .......... .......... .......... .......... .......... 85% 2.68M 14s
215600K .......... .......... .......... .......... .......... 85% 2.17M 14s
215650K .......... .......... .......... .......... .......... 85% 2.72M 14s
215700K .......... .......... .......... .......... .......... 85% 2.60M 14s
215750K .......... .......... .......... .......... .......... 85% 2.72M 14s
215800K .......... .......... .......... .......... .......... 85% 2.43M 14s
215850K .......... .......... .......... .......... .......... 85% 2.97M 14s
215900K .......... .......... .......... .......... .......... 85% 2.49M 14s
215950K .......... .......... .......... .......... .......... 85% 2.82M 14s
216000K .......... .......... .......... .......... .......... 85% 2.66M 14s
216050K .......... .......... .......... .......... .......... 85% 2.58M 14s
216100K .......... .......... .......... .......... .......... 85% 2.78M 14s
216150K .......... .......... .......... .......... .......... 85% 2.73M 14s
216200K .......... .......... .......... .......... .......... 85% 2.40M 14s
216250K .......... .......... .......... .......... .......... 85% 2.53M 14s
216300K .......... .......... .......... .......... .......... 85% 2.71M 14s
216350K .......... .......... .......... .......... .......... 85% 2.64M 14s
216400K .......... .......... .......... .......... .......... 85% 2.31M 14s
216450K .......... .......... .......... .......... .......... 85% 2.64M 13s
216500K .......... .......... .......... .......... .......... 85% 2.67M 13s
216550K .......... .......... .......... .......... .......... 85% 2.66M 13s
216600K .......... .......... .......... .......... .......... 85% 2.35M 13s
216650K .......... .......... .......... .......... .......... 85% 2.74M 13s
216700K .......... .......... .......... .......... .......... 85% 2.72M 13s
216750K .......... .......... .......... .......... .......... 85% 2.66M 13s
216800K .......... .......... .......... .......... .......... 85% 2.72M 13s
216850K .......... .......... .......... .......... .......... 85% 2.29M 13s
216900K .......... .......... .......... .......... .......... 85% 2.52M 13s
216950K .......... .......... .......... .......... .......... 85% 2.75M 13s
217000K .......... .......... .......... .......... .......... 85% 2.68M 13s
217050K .......... .......... .......... .......... .......... 85% 2.39M 13s
217100K .......... .......... .......... .......... .......... 85% 2.66M 13s
217150K .......... .......... .......... .......... .......... 86% 2.71M 13s
217200K .......... .......... .......... .......... .......... 86% 2.27M 13s
217250K .......... .......... .......... .......... .......... 86% 2.67M 13s
217300K .......... .......... .......... .......... .......... 86% 2.76M 13s
217350K .......... .......... .......... .......... .......... 86% 2.76M 13s
217400K .......... .......... .......... .......... .......... 86% 2.35M 13s
217450K .......... .......... .......... .......... .......... 86% 2.68M 13s
217500K .......... .......... .......... .......... .......... 86% 2.63M 13s
217550K .......... .......... .......... .......... .......... 86% 2.78M 13s
217600K .......... .......... .......... .......... .......... 86% 2.48M 13s
217650K .......... .......... .......... .......... .......... 86% 2.64M 13s
217700K .......... .......... .......... .......... .......... 86% 2.63M 13s
217750K .......... .......... .......... .......... .......... 86% 2.71M 13s
217800K .......... .......... .......... .......... .......... 86% 2.28M 13s
217850K .......... .......... .......... .......... .......... 86% 2.53M 13s
217900K .......... .......... .......... .......... .......... 86% 2.61M 13s
217950K .......... .......... .......... .......... .......... 86% 2.59M 13s
218000K .......... .......... .......... .......... .......... 86% 2.23M 13s
218050K .......... .......... .......... .......... .......... 86% 2.51M 13s
218100K .......... .......... .......... .......... .......... 86% 2.71M 13s
218150K .......... .......... .......... .......... .......... 86% 2.68M 13s
218200K .......... .......... .......... .......... .......... 86% 2.24M 13s
218250K .......... .......... .......... .......... .......... 86% 2.57M 13s
218300K .......... .......... .......... .......... .......... 86% 2.56M 13s
218350K .......... .......... .......... .......... .......... 86% 2.55M 13s
218400K .......... .......... .......... .......... .......... 86% 2.20M 13s
218450K .......... .......... .......... .......... .......... 86% 2.53M 13s
218500K .......... .......... .......... .......... .......... 86% 2.56M 13s
218550K .......... .......... .......... .......... .......... 86% 2.68M 13s
218600K .......... .......... .......... .......... .......... 86% 2.23M 13s
218650K .......... .......... .......... .......... .......... 86% 2.56M 13s
218700K .......... .......... .......... .......... .......... 86% 2.69M 13s
218750K .......... .......... .......... .......... .......... 86% 2.51M 13s
218800K .......... .......... .......... .......... .......... 86% 2.20M 13s
218850K .......... .......... .......... .......... .......... 86% 2.69M 13s
218900K .......... .......... .......... .......... .......... 86% 2.65M 13s
218950K .......... .......... .......... .......... .......... 86% 2.62M 13s
219000K .......... .......... .......... .......... .......... 86% 2.35M 13s
219050K .......... .......... .......... .......... .......... 86% 2.60M 13s
219100K .......... .......... .......... .......... .......... 86% 2.26M 13s
219150K .......... .......... .......... .......... .......... 86% 2.70M 12s
219200K .......... .......... .......... .......... .......... 86% 2.60M 12s
219250K .......... .......... .......... .......... .......... 86% 2.72M 12s
219300K .......... .......... .......... .......... .......... 86% 2.31M 12s
219350K .......... .......... .......... .......... .......... 86% 1.94M 12s
219400K .......... .......... .......... .......... .......... 86% 2.28M 12s
219450K .......... .......... .......... .......... .......... 86% 2.54M 12s
219500K .......... .......... .......... .......... .......... 86% 2.38M 12s
219550K .......... .......... .......... .......... .......... 86% 2.67M 12s
219600K .......... .......... .......... .......... .......... 86% 2.34M 12s
219650K .......... .......... .......... .......... .......... 86% 2.64M 12s
219700K .......... .......... .......... .......... .......... 87% 2.56M 12s
219750K .......... .......... .......... .......... .......... 87% 2.48M 12s
219800K .......... .......... .......... .......... .......... 87% 2.02M 12s
219850K .......... .......... .......... .......... .......... 87% 2.61M 12s
219900K .......... .......... .......... .......... .......... 87% 2.59M 12s
219950K .......... .......... .......... .......... .......... 87% 2.66M 12s
220000K .......... .......... .......... .......... .......... 87% 2.28M 12s
220050K .......... .......... .......... .......... .......... 87% 2.52M 12s
220100K .......... .......... .......... .......... .......... 87% 2.59M 12s
220150K .......... .......... .......... .......... .......... 87% 2.46M 12s
220200K .......... .......... .......... .......... .......... 87% 2.63M 12s
220250K .......... .......... .......... .......... .......... 87% 2.68M 12s
220300K .......... .......... .......... .......... .......... 87% 2.73M 12s
220350K .......... .......... .......... .......... .......... 87% 2.30M 12s
220400K .......... .......... .......... .......... .......... 87% 2.63M 12s
220450K .......... .......... .......... .......... .......... 87% 2.66M 12s
220500K .......... .......... .......... .......... .......... 87% 2.70M 12s
220550K .......... .......... .......... .......... .......... 87% 2.32M 12s
220600K .......... .......... .......... .......... .......... 87% 2.64M 12s
220650K .......... .......... .......... .......... .......... 87% 2.76M 12s
220700K .......... .......... .......... .......... .......... 87% 2.72M 12s
220750K .......... .......... .......... .......... .......... 87% 2.37M 12s
220800K .......... .......... .......... .......... .......... 87% 2.56M 12s
220850K .......... .......... .......... .......... .......... 87% 2.65M 12s
220900K .......... .......... .......... .......... .......... 87% 2.77M 12s
220950K .......... .......... .......... .......... .......... 87% 2.70M 12s
221000K .......... .......... .......... .......... .......... 87% 2.43M 12s
221050K .......... .......... .......... .......... .......... 87% 2.76M 12s
221100K .......... .......... .......... .......... .......... 87% 2.63M 12s
221150K .......... .......... .......... .......... .......... 87% 2.70M 12s
221200K .......... .......... .......... .......... .......... 87% 2.33M 12s
221250K .......... .......... .......... .......... .......... 87% 2.67M 12s
221300K .......... .......... .......... .......... .......... 87% 2.57M 12s
221350K .......... .......... .......... .......... .......... 87% 2.71M 12s
221400K .......... .......... .......... .......... .......... 87% 2.25M 12s
221450K .......... .......... .......... .......... .......... 87% 2.73M 12s
221500K .......... .......... .......... .......... .......... 87% 2.53M 12s
221550K .......... .......... .......... .......... .......... 87% 2.67M 12s
221600K .......... .......... .......... .......... .......... 87% 2.28M 12s
221650K .......... .......... .......... .......... .......... 87% 2.69M 12s
221700K .......... .......... .......... .......... .......... 87% 2.70M 12s
221750K .......... .......... .......... .......... .......... 87% 2.70M 12s
221800K .......... .......... .......... .......... .......... 87% 2.43M 11s
221850K .......... .......... .......... .......... .......... 87% 2.50M 11s
221900K .......... .......... .......... .......... .......... 87% 2.76M 11s
221950K .......... .......... .......... .......... .......... 87% 2.62M 11s
222000K .......... .......... .......... .......... .......... 87% 2.31M 11s
222050K .......... .......... .......... .......... .......... 87% 2.76M 11s
222100K .......... .......... .......... .......... .......... 87% 2.78M 11s
222150K .......... .......... .......... .......... .......... 87% 2.75M 11s
222200K .......... .......... .......... .......... .......... 88% 2.48M 11s
222250K .......... .......... .......... .......... .......... 88% 2.68M 11s
222300K .......... .......... .......... .......... .......... 88% 2.53M 11s
222350K .......... .......... .......... .......... .......... 88% 1.93M 11s
222400K .......... .......... .......... .......... .......... 88% 2.39M 11s
222450K .......... .......... .......... .......... .......... 88% 2.49M 11s
222500K .......... .......... .......... .......... .......... 88% 2.65M 11s
222550K .......... .......... .......... .......... .......... 88% 2.58M 11s
222600K .......... .......... .......... .......... .......... 88% 2.27M 11s
222650K .......... .......... .......... .......... .......... 88% 2.54M 11s
222700K .......... .......... .......... .......... .......... 88% 2.35M 11s
222750K .......... .......... .......... .......... .......... 88% 2.52M 11s
222800K .......... .......... .......... .......... .......... 88% 2.39M 11s
222850K .......... .......... .......... .......... .......... 88% 2.17M 11s
222900K .......... .......... .......... .......... .......... 88% 2.59M 11s
222950K .......... .......... .......... .......... .......... 88% 2.63M 11s
223000K .......... .......... .......... .......... .......... 88% 2.59M 11s
223050K .......... .......... .......... .......... .......... 88% 2.27M 11s
223100K .......... .......... .......... .......... .......... 88% 2.60M 11s
223150K .......... .......... .......... .......... .......... 88% 2.62M 11s
223200K .......... .......... .......... .......... .......... 88% 2.59M 11s
223250K .......... .......... .......... .......... .......... 88% 2.36M 11s
223300K .......... .......... .......... .......... .......... 88% 2.60M 11s
223350K .......... .......... .......... .......... .......... 88% 2.64M 11s
223400K .......... .......... .......... .......... .......... 88% 2.64M 11s
223450K .......... .......... .......... .......... .......... 88% 2.35M 11s
223500K .......... .......... .......... .......... .......... 88% 2.73M 11s
223550K .......... .......... .......... .......... .......... 88% 2.77M 11s
223600K .......... .......... .......... .......... .......... 88% 2.69M 11s
223650K .......... .......... .......... .......... .......... 88% 2.40M 11s
223700K .......... .......... .......... .......... .......... 88% 2.64M 11s
223750K .......... .......... .......... .......... .......... 88% 2.63M 11s
223800K .......... .......... .......... .......... .......... 88% 2.61M 11s
223850K .......... .......... .......... .......... .......... 88% 2.33M 11s
223900K .......... .......... .......... .......... .......... 88% 2.54M 11s
223950K .......... .......... .......... .......... .......... 88% 2.57M 11s
224000K .......... .......... .......... .......... .......... 88% 2.76M 11s
224050K .......... .......... .......... .......... .......... 88% 2.70M 11s
224100K .......... .......... .......... .......... .......... 88% 2.29M 11s
224150K .......... .......... .......... .......... .......... 88% 2.67M 11s
224200K .......... .......... .......... .......... .......... 88% 2.53M 11s
224250K .......... .......... .......... .......... .......... 88% 2.72M 11s
224300K .......... .......... .......... .......... .......... 88% 2.65M 11s
224350K .......... .......... .......... .......... .......... 88% 2.43M 11s
224400K .......... .......... .......... .......... .......... 88% 2.70M 11s
224450K .......... .......... .......... .......... .......... 88% 2.58M 11s
224500K .......... .......... .......... .......... .......... 88% 2.60M 10s
224550K .......... .......... .......... .......... .......... 88% 2.37M 10s
224600K .......... .......... .......... .......... .......... 88% 2.61M 10s
224650K .......... .......... .......... .......... .......... 88% 2.73M 10s
224700K .......... .......... .......... .......... .......... 88% 2.58M 10s
224750K .......... .......... .......... .......... .......... 89% 2.69M 10s
224800K .......... .......... .......... .......... .......... 89% 2.37M 10s
224850K .......... .......... .......... .......... .......... 89% 2.56M 10s
224900K .......... .......... .......... .......... .......... 89% 2.40M 10s
224950K .......... .......... .......... .......... .......... 89% 2.54M 10s
225000K .......... .......... .......... .......... .......... 89% 2.19M 10s
225050K .......... .......... .......... .......... .......... 89% 1.88M 10s
225100K .......... .......... .......... .......... .......... 89% 2.44M 10s
225150K .......... .......... .......... .......... .......... 89% 2.43M 10s
225200K .......... .......... .......... .......... .......... 89% 2.66M 10s
225250K .......... .......... .......... .......... .......... 89% 2.66M 10s
225300K .......... .......... .......... .......... .......... 89% 2.48M 10s
225350K .......... .......... .......... .......... .......... 89% 2.71M 10s
225400K .......... .......... .......... .......... .......... 89% 2.26M 10s
225450K .......... .......... .......... .......... .......... 89% 2.66M 10s
225500K .......... .......... .......... .......... .......... 89% 2.45M 10s
225550K .......... .......... .......... .......... .......... 89% 2.63M 10s
225600K .......... .......... .......... .......... .......... 89% 2.27M 10s
225650K .......... .......... .......... .......... .......... 89% 2.62M 10s
225700K .......... .......... .......... .......... .......... 89% 2.57M 10s
225750K .......... .......... .......... .......... .......... 89% 2.56M 10s
225800K .......... .......... .......... .......... .......... 89% 2.22M 10s
225850K .......... .......... .......... .......... .......... 89% 2.51M 10s
225900K .......... .......... .......... .......... .......... 89% 2.56M 10s
225950K .......... .......... .......... .......... .......... 89% 2.45M 10s
226000K .......... .......... .......... .......... .......... 89% 2.30M 10s
226050K .......... .......... .......... .......... .......... 89% 2.59M 10s
226100K .......... .......... .......... .......... .......... 89% 2.69M 10s
226150K .......... .......... .......... .......... .......... 89% 2.53M 10s
226200K .......... .......... .......... .......... .......... 89% 2.55M 10s
226250K .......... .......... .......... .......... .......... 89% 2.58M 10s
226300K .......... .......... .......... .......... .......... 89% 2.55M 10s
226350K .......... .......... .......... .......... .......... 89% 2.72M 10s
226400K .......... .......... .......... .......... .......... 89% 2.34M 10s
226450K .......... .......... .......... .......... .......... 89% 2.70M 10s
226500K .......... .......... .......... .......... .......... 89% 2.70M 10s
226550K .......... .......... .......... .......... .......... 89% 2.58M 10s
226600K .......... .......... .......... .......... .......... 89% 2.20M 10s
226650K .......... .......... .......... .......... .......... 89% 2.58M 10s
226700K .......... .......... .......... .......... .......... 89% 2.61M 10s
226750K .......... .......... .......... .......... .......... 89% 2.76M 10s
226800K .......... .......... .......... .......... .......... 89% 2.35M 10s
226850K .......... .......... .......... .......... .......... 89% 2.62M 10s
226900K .......... .......... .......... .......... .......... 89% 2.64M 10s
226950K .......... .......... .......... .......... .......... 89% 2.67M 10s
227000K .......... .......... .......... .......... .......... 89% 2.36M 10s
227050K .......... .......... .......... .......... .......... 89% 2.62M 10s
227100K .......... .......... .......... .......... .......... 89% 2.65M 10s
227150K .......... .......... .......... .......... .......... 89% 2.58M 10s
227200K .......... .......... .......... .......... .......... 89% 2.38M 9s
227250K .......... .......... .......... .......... .......... 90% 2.94M 9s
227300K .......... .......... .......... .......... .......... 90% 2.51M 9s
227350K .......... .......... .......... .......... .......... 90% 2.65M 9s
227400K .......... .......... .......... .......... .......... 90% 2.41M 9s
227450K .......... .......... .......... .......... .......... 90% 2.65M 9s
227500K .......... .......... .......... .......... .......... 90% 2.67M 9s
227550K .......... .......... .......... .......... .......... 90% 1.89M 9s
227600K .......... .......... .......... .......... .......... 90% 2.23M 9s
227650K .......... .......... .......... .......... .......... 90% 2.69M 9s
227700K .......... .......... .......... .......... .......... 90% 2.56M 9s
227750K .......... .......... .......... .......... .......... 90% 2.62M 9s
227800K .......... .......... .......... .......... .......... 90% 2.34M 9s
227850K .......... .......... .......... .......... .......... 90% 2.60M 9s
227900K .......... .......... .......... .......... .......... 90% 2.73M 9s
227950K .......... .......... .......... .......... .......... 90% 2.36M 9s
228000K .......... .......... .......... .......... .......... 90% 2.62M 9s
228050K .......... .......... .......... .......... .......... 90% 2.58M 9s
228100K .......... .......... .......... .......... .......... 90% 2.63M 9s
228150K .......... .......... .......... .......... .......... 90% 2.41M 9s
228200K .......... .......... .......... .......... .......... 90% 2.28M 9s
228250K .......... .......... .......... .......... .......... 90% 2.50M 9s
228300K .......... .......... .......... .......... .......... 90% 2.44M 9s
228350K .......... .......... .......... .......... .......... 90% 2.78M 9s
228400K .......... .......... .......... .......... .......... 90% 2.29M 9s
228450K .......... .......... .......... .......... .......... 90% 2.65M 9s
228500K .......... .......... .......... .......... .......... 90% 2.53M 9s
228550K .......... .......... .......... .......... .......... 90% 2.68M 9s
228600K .......... .......... .......... .......... .......... 90% 2.27M 9s
228650K .......... .......... .......... .......... .......... 90% 2.58M 9s
228700K .......... .......... .......... .......... .......... 90% 2.54M 9s
228750K .......... .......... .......... .......... .......... 90% 2.58M 9s
228800K .......... .......... .......... .......... .......... 90% 2.31M 9s
228850K .......... .......... .......... .......... .......... 90% 2.57M 9s
228900K .......... .......... .......... .......... .......... 90% 2.59M 9s
228950K .......... .......... .......... .......... .......... 90% 2.65M 9s
229000K .......... .......... .......... .......... .......... 90% 2.39M 9s
229050K .......... .......... .......... .......... .......... 90% 2.60M 9s
229100K .......... .......... .......... .......... .......... 90% 2.82M 9s
229150K .......... .......... .......... .......... .......... 90% 2.76M 9s
229200K .......... .......... .......... .......... .......... 90% 2.37M 9s
229250K .......... .......... .......... .......... .......... 90% 2.70M 9s
229300K .......... .......... .......... .......... .......... 90% 2.72M 9s
229350K .......... .......... .......... .......... .......... 90% 2.38M 9s
229400K .......... .......... .......... .......... .......... 90% 2.47M 9s
229450K .......... .......... .......... .......... .......... 90% 2.56M 9s
229500K .......... .......... .......... .......... .......... 90% 2.62M 9s
229550K .......... .......... .......... .......... .......... 90% 2.22M 9s
229600K .......... .......... .......... .......... .......... 90% 2.58M 9s
229650K .......... .......... .......... .......... .......... 90% 2.62M 9s
229700K .......... .......... .......... .......... .......... 90% 2.46M 9s
229750K .......... .......... .......... .......... .......... 90% 2.34M 9s
229800K .......... .......... .......... .......... .......... 91% 2.55M 9s
229850K .......... .......... .......... .......... .......... 91% 2.73M 8s
229900K .......... .......... .......... .......... .......... 91% 2.70M 8s
229950K .......... .......... .......... .......... .......... 91% 2.29M 8s
230000K .......... .......... .......... .......... .......... 91% 2.60M 8s
230050K .......... .......... .......... .......... .......... 91% 2.56M 8s
230100K .......... .......... .......... .......... .......... 91% 2.66M 8s
230150K .......... .......... .......... .......... .......... 91% 2.32M 8s
230200K .......... .......... .......... .......... .......... 91% 2.79M 8s
230250K .......... .......... .......... .......... .......... 91% 2.74M 8s
230300K .......... .......... .......... .......... .......... 91% 1.78M 8s
230350K .......... .......... .......... .......... .......... 91% 2.64M 8s
230400K .......... .......... .......... .......... .......... 91% 2.36M 8s
230450K .......... .......... .......... .......... .......... 91% 2.65M 8s
230500K .......... .......... .......... .......... .......... 91% 2.63M 8s
230550K .......... .......... .......... .......... .......... 91% 2.83M 8s
230600K .......... .......... .......... .......... .......... 91% 2.21M 8s
230650K .......... .......... .......... .......... .......... 91% 2.70M 8s
230700K .......... .......... .......... .......... .......... 91% 2.52M 8s
230750K .......... .......... .......... .......... .......... 91% 2.72M 8s
230800K .......... .......... .......... .......... .......... 91% 2.73M 8s
230850K .......... .......... .......... .......... .......... 91% 2.75M 8s
230900K .......... .......... .......... .......... .......... 91% 2.49M 8s
230950K .......... .......... .......... .......... .......... 91% 2.67M 8s
231000K .......... .......... .......... .......... .......... 91% 2.77M 8s
231050K .......... .......... .......... .......... .......... 91% 2.42M 8s
231100K .......... .......... .......... .......... .......... 91% 2.72M 8s
231150K .......... .......... .......... .......... .......... 91% 2.67M 8s
231200K .......... .......... .......... .......... .......... 91% 2.76M 8s
231250K .......... .......... .......... .......... .......... 91% 2.33M 8s
231300K .......... .......... .......... .......... .......... 91% 1.73M 8s
231350K .......... .......... .......... .......... .......... 91% 2.71M 8s
231400K .......... .......... .......... .......... .......... 91% 2.82M 8s
231450K .......... .......... .......... .......... .......... 91% 2.40M 8s
231500K .......... .......... .......... .......... .......... 91% 3.00M 8s
231550K .......... .......... .......... .......... .......... 91% 2.41M 8s
231600K .......... .......... .......... .......... .......... 91% 2.74M 8s
231650K .......... .......... .......... .......... .......... 91% 2.84M 8s
231700K .......... .......... .......... .......... .......... 91% 2.67M 8s
231750K .......... .......... .......... .......... .......... 91% 2.46M 8s
231800K .......... .......... .......... .......... .......... 91% 2.74M 8s
231850K .......... .......... .......... .......... .......... 91% 2.79M 8s
231900K .......... .......... .......... .......... .......... 91% 2.72M 8s
231950K .......... .......... .......... .......... .......... 91% 2.34M 8s
232000K .......... .......... .......... .......... .......... 91% 2.70M 8s
232050K .......... .......... .......... .......... .......... 91% 2.71M 8s
232100K .......... .......... .......... .......... .......... 91% 2.62M 8s
232150K .......... .......... .......... .......... .......... 91% 2.36M 8s
232200K .......... .......... .......... .......... .......... 91% 2.78M 8s
232250K .......... .......... .......... .......... .......... 91% 2.80M 8s
232300K .......... .......... .......... .......... .......... 92% 2.62M 8s
232350K .......... .......... .......... .......... .......... 92% 2.24M 8s
232400K .......... .......... .......... .......... .......... 92% 2.60M 8s
232450K .......... .......... .......... .......... .......... 92% 2.71M 8s
232500K .......... .......... .......... .......... .......... 92% 2.71M 8s
232550K .......... .......... .......... .......... .......... 92% 2.66M 7s
232600K .......... .......... .......... .......... .......... 92% 2.30M 7s
232650K .......... .......... .......... .......... .......... 92% 2.62M 7s
232700K .......... .......... .......... .......... .......... 92% 2.58M 7s
232750K .......... .......... .......... .......... .......... 92% 2.65M 7s
232800K .......... .......... .......... .......... .......... 92% 2.32M 7s
232850K .......... .......... .......... .......... .......... 92% 2.63M 7s
232900K .......... .......... .......... .......... .......... 92% 2.62M 7s
232950K .......... .......... .......... .......... .......... 92% 2.42M 7s
233000K .......... .......... .......... .......... .......... 92% 2.12M 7s
233050K .......... .......... .......... .......... .......... 92% 2.43M 7s
233100K .......... .......... .......... .......... .......... 92% 2.44M 7s
233150K .......... .......... .......... .......... .......... 92% 2.37M 7s
233200K .......... .......... .......... .......... .......... 92% 2.36M 7s
233250K .......... .......... .......... .......... .......... 92% 2.74M 7s
233300K .......... .......... .......... .......... .......... 92% 2.26M 7s
233350K .......... .......... .......... .......... .......... 92% 2.61M 7s
233400K .......... .......... .......... .......... .......... 92% 2.67M 7s
233450K .......... .......... .......... .......... .......... 92% 2.69M 7s
233500K .......... .......... .......... .......... .......... 92% 2.81M 7s
233550K .......... .......... .......... .......... .......... 92% 2.81M 7s
233600K .......... .......... .......... .......... .......... 92% 2.39M 7s
233650K .......... .......... .......... .......... .......... 92% 2.76M 7s
233700K .......... .......... .......... .......... .......... 92% 2.68M 7s
233750K .......... .......... .......... .......... .......... 92% 2.80M 7s
233800K .......... .......... .......... .......... .......... 92% 2.34M 7s
233850K .......... .......... .......... .......... .......... 92% 2.68M 7s
233900K .......... .......... .......... .......... .......... 92% 2.61M 7s
233950K .......... .......... .......... .......... .......... 92% 2.68M 7s
234000K .......... .......... .......... .......... .......... 92% 2.41M 7s
234050K .......... .......... .......... .......... .......... 92% 2.51M 7s
234100K .......... .......... .......... .......... .......... 92% 2.63M 7s
234150K .......... .......... .......... .......... .......... 92% 2.57M 7s
234200K .......... .......... .......... .......... .......... 92% 2.65M 7s
234250K .......... .......... .......... .......... .......... 92% 2.19M 7s
234300K .......... .......... .......... .......... .......... 92% 2.63M 7s
234350K .......... .......... .......... .......... .......... 92% 2.67M 7s
234400K .......... .......... .......... .......... .......... 92% 2.55M 7s
234450K .......... .......... .......... .......... .......... 92% 2.43M 7s
234500K .......... .......... .......... .......... .......... 92% 2.60M 7s
234550K .......... .......... .......... .......... .......... 92% 2.33M 7s
234600K .......... .......... .......... .......... .......... 92% 2.63M 7s
234650K .......... .......... .......... .......... .......... 92% 2.56M 7s
234700K .......... .......... .......... .......... .......... 92% 2.67M 7s
234750K .......... .......... .......... .......... .......... 92% 2.27M 7s
234800K .......... .......... .......... .......... .......... 92% 2.64M 7s
234850K .......... .......... .......... .......... .......... 93% 2.74M 7s
234900K .......... .......... .......... .......... .......... 93% 2.48M 7s
234950K .......... .......... .......... .......... .......... 93% 2.73M 7s
235000K .......... .......... .......... .......... .......... 93% 2.31M 7s
235050K .......... .......... .......... .......... .......... 93% 2.72M 7s
235100K .......... .......... .......... .......... .......... 93% 2.76M 7s
235150K .......... .......... .......... .......... .......... 93% 2.45M 7s
235200K .......... .......... .......... .......... .......... 93% 2.78M 6s
235250K .......... .......... .......... .......... .......... 93% 2.76M 6s
235300K .......... .......... .......... .......... .......... 93% 2.39M 6s
235350K .......... .......... .......... .......... .......... 93% 2.71M 6s
235400K .......... .......... .......... .......... .......... 93% 2.62M 6s
235450K .......... .......... .......... .......... .......... 93% 2.70M 6s
235500K .......... .......... .......... .......... .......... 93% 2.57M 6s
235550K .......... .......... .......... .......... .......... 93% 2.65M 6s
235600K .......... .......... .......... .......... .......... 93% 2.24M 6s
235650K .......... .......... .......... .......... .......... 93% 2.62M 6s
235700K .......... .......... .......... .......... .......... 93% 2.65M 6s
235750K .......... .......... .......... .......... .......... 93% 2.68M 6s
235800K .......... .......... .......... .......... .......... 93% 2.28M 6s
235850K .......... .......... .......... .......... .......... 93% 2.76M 6s
235900K .......... .......... .......... .......... .......... 93% 2.68M 6s
235950K .......... .......... .......... .......... .......... 93% 2.53M 6s
236000K .......... .......... .......... .......... .......... 93% 2.26M 6s
236050K .......... .......... .......... .......... .......... 93% 2.69M 6s
236100K .......... .......... .......... .......... .......... 93% 2.57M 6s
236150K .......... .......... .......... .......... .......... 93% 2.67M 6s
236200K .......... .......... .......... .......... .......... 93% 2.67M 6s
236250K .......... .......... .......... .......... .......... 93% 2.39M 6s
236300K .......... .......... .......... .......... .......... 93% 2.68M 6s
236350K .......... .......... .......... .......... .......... 93% 2.55M 6s
236400K .......... .......... .......... .......... .......... 93% 2.73M 6s
236450K .......... .......... .......... .......... .......... 93% 2.34M 6s
236500K .......... .......... .......... .......... .......... 93% 2.70M 6s
236550K .......... .......... .......... .......... .......... 93% 2.72M 6s
236600K .......... .......... .......... .......... .......... 93% 2.43M 6s
236650K .......... .......... .......... .......... .......... 93% 2.72M 6s
236700K .......... .......... .......... .......... .......... 93% 2.75M 6s
236750K .......... .......... .......... .......... .......... 93% 2.84M 6s
236800K .......... .......... .......... .......... .......... 93% 2.42M 6s
236850K .......... .......... .......... .......... .......... 93% 2.93M 6s
236900K .......... .......... .......... .......... .......... 93% 2.74M 6s
236950K .......... .......... .......... .......... .......... 93% 2.75M 6s
237000K .......... .......... .......... .......... .......... 93% 2.34M 6s
237050K .......... .......... .......... .......... .......... 93% 2.63M 6s
237100K .......... .......... .......... .......... .......... 93% 2.68M 6s
237150K .......... .......... .......... .......... .......... 93% 2.81M 6s
237200K .......... .......... .......... .......... .......... 93% 2.39M 6s
237250K .......... .......... .......... .......... .......... 93% 2.78M 6s
237300K .......... .......... .......... .......... .......... 93% 2.77M 6s
237350K .......... .......... .......... .......... .......... 94% 2.81M 6s
237400K .......... .......... .......... .......... .......... 94% 2.46M 6s
237450K .......... .......... .......... .......... .......... 94% 2.88M 6s
237500K .......... .......... .......... .......... .......... 94% 2.73M 6s
237550K .......... .......... .......... .......... .......... 94% 2.71M 6s
237600K .......... .......... .......... .......... .......... 94% 2.31M 6s
237650K .......... .......... .......... .......... .......... 94% 2.70M 6s
237700K .......... .......... .......... .......... .......... 94% 2.83M 6s
237750K .......... .......... .......... .......... .......... 94% 2.78M 6s
237800K .......... .......... .......... .......... .......... 94% 2.31M 6s
237850K .......... .......... .......... .......... .......... 94% 2.78M 5s
237900K .......... .......... .......... .......... .......... 94% 2.77M 5s
237950K .......... .......... .......... .......... .......... 94% 2.63M 5s
238000K .......... .......... .......... .......... .......... 94% 2.40M 5s
238050K .......... .......... .......... .......... .......... 94% 2.71M 5s
238100K .......... .......... .......... .......... .......... 94% 2.81M 5s
238150K .......... .......... .......... .......... .......... 94% 2.52M 5s
238200K .......... .......... .......... .......... .......... 94% 2.93M 5s
238250K .......... .......... .......... .......... .......... 94% 2.42M 5s
238300K .......... .......... .......... .......... .......... 94% 2.76M 5s
238350K .......... .......... .......... .......... .......... 94% 2.72M 5s
238400K .......... .......... .......... .......... .......... 94% 2.66M 5s
238450K .......... .......... .......... .......... .......... 94% 2.34M 5s
238500K .......... .......... .......... .......... .......... 94% 2.59M 5s
238550K .......... .......... .......... .......... .......... 94% 2.72M 5s
238600K .......... .......... .......... .......... .......... 94% 2.67M 5s
238650K .......... .......... .......... .......... .......... 94% 2.32M 5s
238700K .......... .......... .......... .......... .......... 94% 2.63M 5s
238750K .......... .......... .......... .......... .......... 94% 2.57M 5s
238800K .......... .......... .......... .......... .......... 94% 2.56M 5s
238850K .......... .......... .......... .......... .......... 94% 2.47M 5s
238900K .......... .......... .......... .......... .......... 94% 2.28M 5s
238950K .......... .......... .......... .......... .......... 94% 2.57M 5s
239000K .......... .......... .......... .......... .......... 94% 2.42M 5s
239050K .......... .......... .......... .......... .......... 94% 2.50M 5s
239100K .......... .......... .......... .......... .......... 94% 2.36M 5s
239150K .......... .......... .......... .......... .......... 94% 2.31M 5s
239200K .......... .......... .......... .......... .......... 94% 2.58M 5s
239250K .......... .......... .......... .......... .......... 94% 2.55M 5s
239300K .......... .......... .......... .......... .......... 94% 2.37M 5s
239350K .......... .......... .......... .......... .......... 94% 2.76M 5s
239400K .......... .......... .......... .......... .......... 94% 2.75M 5s
239450K .......... .......... .......... .......... .......... 94% 2.69M 5s
239500K .......... .......... .......... .......... .......... 94% 2.44M 5s
239550K .......... .......... .......... .......... .......... 94% 2.71M 5s
239600K .......... .......... .......... .......... .......... 94% 2.75M 5s
239650K .......... .......... .......... .......... .......... 94% 2.62M 5s
239700K .......... .......... .......... .......... .......... 94% 2.35M 5s
239750K .......... .......... .......... .......... .......... 94% 2.67M 5s
239800K .......... .......... .......... .......... .......... 94% 2.67M 5s
239850K .......... .......... .......... .......... .......... 94% 2.62M 5s
239900K .......... .......... .......... .......... .......... 95% 2.30M 5s
239950K .......... .......... .......... .......... .......... 95% 2.61M 5s
240000K .......... .......... .......... .......... .......... 95% 2.80M 5s
240050K .......... .......... .......... .......... .......... 95% 2.64M 5s
240100K .......... .......... .......... .......... .......... 95% 2.40M 5s
240150K .......... .......... .......... .......... .......... 95% 2.85M 5s
240200K .......... .......... .......... .......... .......... 95% 2.77M 5s
240250K .......... .......... .......... .......... .......... 95% 2.78M 5s
240300K .......... .......... .......... .......... .......... 95% 2.45M 5s
240350K .......... .......... .......... .......... .......... 95% 2.80M 5s
240400K .......... .......... .......... .......... .......... 95% 2.79M 5s
240450K .......... .......... .......... .......... .......... 95% 2.76M 5s
240500K .......... .......... .......... .......... .......... 95% 2.49M 5s
240550K .......... .......... .......... .......... .......... 95% 2.81M 4s
240600K .......... .......... .......... .......... .......... 95% 2.60M 4s
240650K .......... .......... .......... .......... .......... 95% 2.72M 4s
240700K .......... .......... .......... .......... .......... 95% 2.72M 4s
240750K .......... .......... .......... .......... .......... 95% 2.75M 4s
240800K .......... .......... .......... .......... .......... 95% 2.42M 4s
240850K .......... .......... .......... .......... .......... 95% 2.73M 4s
240900K .......... .......... .......... .......... .......... 95% 2.55M 4s
240950K .......... .......... .......... .......... .......... 95% 2.64M 4s
241000K .......... .......... .......... .......... .......... 95% 2.32M 4s
241050K .......... .......... .......... .......... .......... 95% 2.75M 4s
241100K .......... .......... .......... .......... .......... 95% 2.78M 4s
241150K .......... .......... .......... .......... .......... 95% 2.48M 4s
241200K .......... .......... .......... .......... .......... 95% 2.73M 4s
241250K .......... .......... .......... .......... .......... 95% 2.76M 4s
241300K .......... .......... .......... .......... .......... 95% 2.81M 4s
241350K .......... .......... .......... .......... .......... 95% 2.43M 4s
241400K .......... .......... .......... .......... .......... 95% 2.74M 4s
241450K .......... .......... .......... .......... .......... 95% 2.82M 4s
241500K .......... .......... .......... .......... .......... 95% 2.87M 4s
241550K .......... .......... .......... .......... .......... 95% 2.77M 4s
241600K .......... .......... .......... .......... .......... 95% 2.40M 4s
241650K .......... .......... .......... .......... .......... 95% 2.81M 4s
241700K .......... .......... .......... .......... .......... 95% 2.53M 4s
241750K .......... .......... .......... .......... .......... 95% 2.55M 4s
241800K .......... .......... .......... .......... .......... 95% 2.38M 4s
241850K .......... .......... .......... .......... .......... 95% 2.69M 4s
241900K .......... .......... .......... .......... .......... 95% 2.65M 4s
241950K .......... .......... .......... .......... .......... 95% 2.75M 4s
242000K .......... .......... .......... .......... .......... 95% 2.29M 4s
242050K .......... .......... .......... .......... .......... 95% 2.69M 4s
242100K .......... .......... .......... .......... .......... 95% 2.63M 4s
242150K .......... .......... .......... .......... .......... 95% 2.79M 4s
242200K .......... .......... .......... .......... .......... 95% 2.48M 4s
242250K .......... .......... .......... .......... .......... 95% 2.71M 4s
242300K .......... .......... .......... .......... .......... 95% 2.73M 4s
242350K .......... .......... .......... .......... .......... 95% 2.72M 4s
242400K .......... .......... .......... .......... .......... 96% 2.39M 4s
242450K .......... .......... .......... .......... .......... 96% 2.80M 4s
242500K .......... .......... .......... .......... .......... 96% 2.75M 4s
242550K .......... .......... .......... .......... .......... 96% 2.86M 4s
242600K .......... .......... .......... .......... .......... 96% 2.41M 4s
242650K .......... .......... .......... .......... .......... 96% 2.69M 4s
242700K .......... .......... .......... .......... .......... 96% 2.74M 4s
242750K .......... .......... .......... .......... .......... 96% 2.85M 4s
242800K .......... .......... .......... .......... .......... 96% 2.33M 4s
242850K .......... .......... .......... .......... .......... 96% 2.67M 4s
242900K .......... .......... .......... .......... .......... 96% 2.69M 4s
242950K .......... .......... .......... .......... .......... 96% 2.65M 4s
243000K .......... .......... .......... .......... .......... 96% 2.37M 4s
243050K .......... .......... .......... .......... .......... 96% 2.69M 4s
243100K .......... .......... .......... .......... .......... 96% 2.71M 4s
243150K .......... .......... .......... .......... .......... 96% 2.63M 4s
243200K .......... .......... .......... .......... .......... 96% 2.32M 3s
243250K .......... .......... .......... .......... .......... 96% 2.77M 3s
243300K .......... .......... .......... .......... .......... 96% 2.81M 3s
243350K .......... .......... .......... .......... .......... 96% 2.71M 3s
243400K .......... .......... .......... .......... .......... 96% 2.47M 3s
243450K .......... .......... .......... .......... .......... 96% 2.75M 3s
243500K .......... .......... .......... .......... .......... 96% 2.31M 3s
243550K .......... .......... .......... .......... .......... 96% 2.64M 3s
243600K .......... .......... .......... .......... .......... 96% 2.81M 3s
243650K .......... .......... .......... .......... .......... 96% 2.79M 3s
243700K .......... .......... .......... .......... .......... 96% 2.73M 3s
243750K .......... .......... .......... .......... .......... 96% 2.76M 3s
243800K .......... .......... .......... .......... .......... 96% 2.38M 3s
243850K .......... .......... .......... .......... .......... 96% 2.73M 3s
243900K .......... .......... .......... .......... .......... 96% 2.68M 3s
243950K .......... .......... .......... .......... .......... 96% 2.60M 3s
244000K .......... .......... .......... .......... .......... 96% 2.39M 3s
244050K .......... .......... .......... .......... .......... 96% 2.63M 3s
244100K .......... .......... .......... .......... .......... 96% 2.82M 3s
244150K .......... .......... .......... .......... .......... 96% 2.85M 3s
244200K .......... .......... .......... .......... .......... 96% 2.68M 3s
244250K .......... .......... .......... .......... .......... 96% 2.38M 3s
244300K .......... .......... .......... .......... .......... 96% 2.79M 3s
244350K .......... .......... .......... .......... .......... 96% 2.73M 3s
244400K .......... .......... .......... .......... .......... 96% 2.77M 3s
244450K .......... .......... .......... .......... .......... 96% 2.37M 3s
244500K .......... .......... .......... .......... .......... 96% 2.70M 3s
244550K .......... .......... .......... .......... .......... 96% 2.73M 3s
244600K .......... .......... .......... .......... .......... 96% 2.52M 3s
244650K .......... .......... .......... .......... .......... 96% 2.29M 3s
244700K .......... .......... .......... .......... .......... 96% 2.71M 3s
244750K .......... .......... .......... .......... .......... 96% 2.51M 3s
244800K .......... .......... .......... .......... .......... 96% 2.76M 3s
244850K .......... .......... .......... .......... .......... 96% 2.78M 3s
244900K .......... .......... .......... .......... .......... 96% 2.66M 3s
244950K .......... .......... .......... .......... .......... 97% 2.35M 3s
245000K .......... .......... .......... .......... .......... 97% 2.69M 3s
245050K .......... .......... .......... .......... .......... 97% 2.61M 3s
245100K .......... .......... .......... .......... .......... 97% 2.63M 3s
245150K .......... .......... .......... .......... .......... 97% 2.68M 3s
245200K .......... .......... .......... .......... .......... 97% 2.33M 3s
245250K .......... .......... .......... .......... .......... 97% 2.69M 3s
245300K .......... .......... .......... .......... .......... 97% 2.70M 3s
245350K .......... .......... .......... .......... .......... 97% 2.77M 3s
245400K .......... .......... .......... .......... .......... 97% 2.30M 3s
245450K .......... .......... .......... .......... .......... 97% 2.44M 3s
245500K .......... .......... .......... .......... .......... 97% 2.56M 3s
245550K .......... .......... .......... .......... .......... 97% 2.73M 3s
245600K .......... .......... .......... .......... .......... 97% 2.40M 3s
245650K .......... .......... .......... .......... .......... 97% 2.66M 3s
245700K .......... .......... .......... .......... .......... 97% 2.49M 3s
245750K .......... .......... .......... .......... .......... 97% 2.76M 3s
245800K .......... .......... .......... .......... .......... 97% 2.28M 3s
245850K .......... .......... .......... .......... .......... 97% 2.68M 2s
245900K .......... .......... .......... .......... .......... 97% 2.69M 2s
245950K .......... .......... .......... .......... .......... 97% 2.81M 2s
246000K .......... .......... .......... .......... .......... 97% 2.41M 2s
246050K .......... .......... .......... .......... .......... 97% 2.77M 2s
246100K .......... .......... .......... .......... .......... 97% 2.74M 2s
246150K .......... .......... .......... .......... .......... 97% 2.62M 2s
246200K .......... .......... .......... .......... .......... 97% 2.31M 2s
246250K .......... .......... .......... .......... .......... 97% 2.76M 2s
246300K .......... .......... .......... .......... .......... 97% 2.69M 2s
246350K .......... .......... .......... .......... .......... 97% 2.67M 2s
246400K .......... .......... .......... .......... .......... 97% 2.40M 2s
246450K .......... .......... .......... .......... .......... 97% 2.72M 2s
246500K .......... .......... .......... .......... .......... 97% 2.65M 2s
246550K .......... .......... .......... .......... .......... 97% 2.64M 2s
246600K .......... .......... .......... .......... .......... 97% 2.29M 2s
246650K .......... .......... .......... .......... .......... 97% 2.68M 2s
246700K .......... .......... .......... .......... .......... 97% 2.59M 2s
246750K .......... .......... .......... .......... .......... 97% 2.70M 2s
246800K .......... .......... .......... .......... .......... 97% 2.26M 2s
246850K .......... .......... .......... .......... .......... 97% 2.62M 2s
246900K .......... .......... .......... .......... .......... 97% 2.55M 2s
246950K .......... .......... .......... .......... .......... 97% 2.26M 2s
247000K .......... .......... .......... .......... .......... 97% 2.55M 2s
247050K .......... .......... .......... .......... .......... 97% 2.73M 2s
247100K .......... .......... .......... .......... .......... 97% 2.67M 2s
247150K .......... .......... .......... .......... .......... 97% 2.23M 2s
247200K .......... .......... .......... .......... .......... 97% 2.61M 2s
247250K .......... .......... .......... .......... .......... 97% 2.71M 2s
247300K .......... .......... .......... .......... .......... 97% 2.73M 2s
247350K .......... .......... .......... .......... .......... 97% 2.39M 2s
247400K .......... .......... .......... .......... .......... 97% 2.83M 2s
247450K .......... .......... .......... .......... .......... 98% 2.73M 2s
247500K .......... .......... .......... .......... .......... 98% 2.77M 2s
247550K .......... .......... .......... .......... .......... 98% 2.79M 2s
247600K .......... .......... .......... .......... .......... 98% 2.51M 2s
247650K .......... .......... .......... .......... .......... 98% 2.73M 2s
247700K .......... .......... .......... .......... .......... 98% 2.84M 2s
247750K .......... .......... .......... .......... .......... 98% 2.39M 2s
247800K .......... .......... .......... .......... .......... 98% 2.81M 2s
247850K .......... .......... .......... .......... .......... 98% 2.79M 2s
247900K .......... .......... .......... .......... .......... 98% 2.66M 2s
247950K .......... .......... .......... .......... .......... 98% 2.30M 2s
248000K .......... .......... .......... .......... .......... 98% 2.27M 2s
248050K .......... .......... .......... .......... .......... 98% 2.51M 2s
248100K .......... .......... .......... .......... .......... 98% 2.61M 2s
248150K .......... .......... .......... .......... .......... 98% 2.69M 2s
248200K .......... .......... .......... .......... .......... 98% 2.46M 2s
248250K .......... .......... .......... .......... .......... 98% 2.76M 2s
248300K .......... .......... .......... .......... .......... 98% 2.58M 2s
248350K .......... .......... .......... .......... .......... 98% 2.83M 2s
248400K .......... .......... .......... .......... .......... 98% 2.79M 2s
248450K .......... .......... .......... .......... .......... 98% 2.51M 2s
248500K .......... .......... .......... .......... .......... 98% 2.83M 1s
248550K .......... .......... .......... .......... .......... 98% 2.81M 1s
248600K .......... .......... .......... .......... .......... 98% 2.77M 1s
248650K .......... .......... .......... .......... .......... 98% 2.82M 1s
248700K .......... .......... .......... .......... .......... 98% 2.39M 1s
248750K .......... .......... .......... .......... .......... 98% 2.84M 1s
248800K .......... .......... .......... .......... .......... 98% 2.76M 1s
248850K .......... .......... .......... .......... .......... 98% 2.76M 1s
248900K .......... .......... .......... .......... .......... 98% 2.78M 1s
248950K .......... .......... .......... .......... .......... 98% 2.48M 1s
249000K .......... .......... .......... .......... .......... 98% 2.86M 1s
249050K .......... .......... .......... .......... .......... 98% 2.76M 1s
249100K .......... .......... .......... .......... .......... 98% 2.79M 1s
249150K .......... .......... .......... .......... .......... 98% 2.30M 1s
249200K .......... .......... .......... .......... .......... 98% 2.76M 1s
249250K .......... .......... .......... .......... .......... 98% 2.75M 1s
249300K .......... .......... .......... .......... .......... 98% 2.89M 1s
249350K .......... .......... .......... .......... .......... 98% 2.53M 1s
249400K .......... .......... .......... .......... .......... 98% 2.61M 1s
249450K .......... .......... .......... .......... .......... 98% 2.70M 1s
249500K .......... .......... .......... .......... .......... 98% 2.72M 1s
249550K .......... .......... .......... .......... .......... 98% 2.64M 1s
249600K .......... .......... .......... .......... .......... 98% 2.36M 1s
249650K .......... .......... .......... .......... .......... 98% 2.66M 1s
249700K .......... .......... .......... .......... .......... 98% 2.78M 1s
249750K .......... .......... .......... .......... .......... 98% 2.78M 1s
249800K .......... .......... .......... .......... .......... 98% 2.42M 1s
249850K .......... .......... .......... .......... .......... 98% 2.81M 1s
249900K .......... .......... .......... .......... .......... 98% 2.76M 1s
249950K .......... .......... .......... .......... .......... 98% 2.37M 1s
250000K .......... .......... .......... .......... .......... 99% 2.59M 1s
250050K .......... .......... .......... .......... .......... 99% 2.65M 1s
250100K .......... .......... .......... .......... .......... 99% 2.68M 1s
250150K .......... .......... .......... .......... .......... 99% 2.26M 1s
250200K .......... .......... .......... .......... .......... 99% 2.69M 1s
250250K .......... .......... .......... .......... .......... 99% 2.70M 1s
250300K .......... .......... .......... .......... .......... 99% 2.71M 1s
250350K .......... .......... .......... .......... .......... 99% 2.42M 1s
250400K .......... .......... .......... .......... .......... 99% 2.84M 1s
250450K .......... .......... .......... .......... .......... 99% 2.79M 1s
250500K .......... .......... .......... .......... .......... 99% 2.73M 1s
250550K .......... .......... .......... .......... .......... 99% 2.65M 1s
250600K .......... .......... .......... .......... .......... 99% 2.39M 1s
250650K .......... .......... .......... .......... .......... 99% 2.70M 1s
250700K .......... .......... .......... .......... .......... 99% 2.72M 1s
250750K .......... .......... .......... .......... .......... 99% 2.68M 1s
250800K .......... .......... .......... .......... .......... 99% 2.37M 1s
250850K .......... .......... .......... .......... .......... 99% 2.67M 1s
250900K .......... .......... .......... .......... .......... 99% 2.67M 1s
250950K .......... .......... .......... .......... .......... 99% 2.63M 1s
251000K .......... .......... .......... .......... .......... 99% 2.34M 1s
251050K .......... .......... .......... .......... .......... 99% 2.62M 1s
251100K .......... .......... .......... .......... .......... 99% 2.62M 1s
251150K .......... .......... .......... .......... .......... 99% 2.69M 1s
251200K .......... .......... .......... .......... .......... 99% 2.34M 0s
251250K .......... .......... .......... .......... .......... 99% 2.71M 0s
251300K .......... .......... .......... .......... .......... 99% 2.73M 0s
251350K .......... .......... .......... .......... .......... 99% 2.46M 0s
251400K .......... .......... .......... .......... .......... 99% 2.80M 0s
251450K .......... .......... .......... .......... .......... 99% 2.76M 0s
251500K .......... .......... .......... .......... .......... 99% 2.72M 0s
251550K .......... .......... .......... .......... .......... 99% 2.49M 0s
251600K .......... .......... .......... .......... .......... 99% 2.81M 0s
251650K .......... .......... .......... .......... .......... 99% 2.79M 0s
251700K .......... .......... .......... .......... .......... 99% 2.68M 0s
251750K .......... .......... .......... .......... .......... 99% 2.81M 0s
251800K .......... .......... .......... .......... .......... 99% 2.44M 0s
251850K .......... .......... .......... .......... .......... 99% 2.84M 0s
251900K .......... .......... .......... .......... .......... 99% 2.84M 0s
251950K .......... .......... .......... .......... .......... 99% 2.78M 0s
252000K .......... .......... .......... .......... .......... 99% 2.42M 0s
252050K .......... .......... .......... .......... .......... 99% 2.84M 0s
252100K .......... .......... .......... .......... .......... 99% 2.82M 0s
252150K .......... .......... .......... .......... .......... 99% 2.73M 0s
252200K .......... .......... .......... .......... .......... 99% 2.45M 0s
252250K .......... .......... .......... .......... .......... 99% 2.80M 0s
252300K .......... .......... .......... .......... .......... 99% 2.71M 0s
252350K .......... .......... .......... .......... .......... 99% 2.80M 0s
252400K .......... .......... .......... .......... .......... 99% 2.70M 0s
252450K .......... .......... .......... .......... .......... 99% 2.48M 0s
252500K .......... .......... .......... .........            100% 2.77M=95s

2026-09-21 14:31:24 (2.60 MB/s) - '/root/.cache/tachyon/openwrt-sdk/openwrt-sdk-24.10.6-x86-64_gcc-13.3.0_musl.Linux-x86_64.tar.zst.part' saved [258600841/258600841]

Downloading SDK: https://downloads.openwrt.org/releases/25.12.3/targets/x86/64/openwrt-sdk-25.12.3-x86-64_gcc-14.3.0_musl.Linux-x86_64.tar.zst
--2026-09-21 14:31:24--  https://downloads.openwrt.org/releases/25.12.3/targets/x86/64/openwrt-sdk-25.12.3-x86-64_gcc-14.3.0_musl.Linux-x86_64.tar.zst
Resolving downloads.openwrt.org (downloads.openwrt.org)... 198.18.2.204
Connecting to downloads.openwrt.org (downloads.openwrt.org)|198.18.2.204|:443... connected.
HTTP request sent, awaiting response... 200 OK
Length: 284199892 (271M) [application/octet-stream]
Saving to: '/root/.cache/tachyon/openwrt-sdk/openwrt-sdk-25.12.3-x86-64_gcc-14.3.0_musl.Linux-x86_64.tar.zst.part'

     0K .......... .......... .......... .......... ..........  0%  404K 11m27s
    50K .......... .......... .......... .......... ..........  0% 2.75M 6m33s
   100K .......... .......... .......... .......... ..........  0% 1.10M 5m44s
   150K .......... .......... .......... .......... ..........  0% 2.76M 4m43s
   200K .......... .......... .......... .......... ..........  0% 1.99M 4m13s
   250K .......... .......... .......... .......... ..........  0% 2.71M 3m48s
   300K .......... .......... .......... .......... ..........  0% 2.28M 3m32s
   350K .......... .......... .......... .......... ..........  0% 2.76M 3m18s
   400K .......... .......... .......... .......... ..........  0% 2.22M 3m9s
   450K .......... .......... .......... .......... ..........  0% 2.53M 3m1s
   500K .......... .......... .......... .......... ..........  0% 2.56M 2m54s
   550K .......... .......... .......... .......... ..........  0% 2.72M 2m48s
   600K .......... .......... .......... .......... ..........  0% 2.22M 2m44s
   650K .......... .......... .......... .......... ..........  0% 2.63M 2m40s
   700K .......... .......... .......... .......... ..........  0% 2.68M 2m36s
   750K .......... .......... .......... .......... ..........  0% 2.63M 2m33s
   800K .......... .......... .......... .......... ..........  0% 2.31M 2m31s
   850K .......... .......... .......... .......... ..........  0% 2.69M 2m28s
   900K .......... .......... .......... .......... ..........  0% 2.67M 2m25s
   950K .......... .......... .......... .......... ..........  0% 2.66M 2m23s
  1000K .......... .......... .......... .......... ..........  0% 2.34M 2m22s
  1050K .......... .......... .......... .......... ..........  0% 2.69M 2m20s
  1100K .......... .......... .......... .......... ..........  0% 2.75M 2m18s
  1150K .......... .......... .......... .......... ..........  0% 2.18M 2m17s
  1200K .......... .......... .......... .......... ..........  0% 2.49M 2m16s
  1250K .......... .......... .......... .......... ..........  0% 2.39M 2m15s
  1300K .......... .......... .......... .......... ..........  0% 2.53M 2m14s
  1350K .......... .......... .......... .......... ..........  0% 2.12M 2m14s
  1400K .......... .......... .......... .......... ..........  0% 2.67M 2m13s
  1450K .......... .......... .......... .......... ..........  0% 2.63M 2m12s
  1500K .......... .......... .......... .......... ..........  0% 2.64M 2m11s
  1550K .......... .......... .......... .......... ..........  0% 2.32M 2m10s
  1600K .......... .......... .......... .......... ..........  0% 2.72M 2m9s
  1650K .......... .......... .......... .......... ..........  0% 2.79M 2m8s
  1700K .......... .......... .......... .......... ..........  0% 2.67M 2m7s
  1750K .......... .......... .......... .......... ..........  0% 2.71M 2m7s
  1800K .......... .......... .......... .......... ..........  0% 2.32M 2m6s
  1850K .......... .......... .......... .......... ..........  0% 2.67M 2m6s
  1900K .......... .......... .......... .......... ..........  0% 2.60M 2m5s
  1950K .......... .......... .......... .......... ..........  0% 2.65M 2m4s
  2000K .......... .......... .......... .......... ..........  0% 2.43M 2m4s
  2050K .......... .......... .......... .......... ..........  0% 2.85M 2m3s
  2100K .......... .......... .......... .......... ..........  0% 2.77M 2m3s
  2150K .......... .......... .......... .......... ..........  0% 2.84M 2m2s
  2200K .......... .......... .......... .......... ..........  0% 2.47M 2m2s
  2250K .......... .......... .......... .......... ..........  0% 2.76M 2m1s
  2300K .......... .......... .......... .......... ..........  0% 2.79M 2m1s
  2350K .......... .......... .......... .......... ..........  0% 2.76M 2m0s
  2400K .......... .......... .......... .......... ..........  0% 2.46M 2m0s
  2450K .......... .......... .......... .......... ..........  0% 2.80M 1m59s
  2500K .......... .......... .......... .......... ..........  0% 2.74M 1m59s
  2550K .......... .......... .......... .......... ..........  0% 2.81M 1m59s
  2600K .......... .......... .......... .......... ..........  0% 2.49M 1m58s
  2650K .......... .......... .......... .......... ..........  0% 2.79M 1m58s
  2700K .......... .......... .......... .......... ..........  0% 2.75M 1m57s
  2750K .......... .......... .......... .......... ..........  1% 2.75M 1m57s
  2800K .......... .......... .......... .......... ..........  1% 2.50M 1m57s
  2850K .......... .......... .......... .......... ..........  1% 2.76M 1m57s
  2900K .......... .......... .......... .......... ..........  1% 2.63M 1m56s
  2950K .......... .......... .......... .......... ..........  1% 2.66M 1m56s
  3000K .......... .......... .......... .......... ..........  1% 2.50M 1m56s
  3050K .......... .......... .......... .......... ..........  1% 2.56M 1m56s
  3100K .......... .......... .......... .......... ..........  1% 2.57M 1m55s
  3150K .......... .......... .......... .......... ..........  1% 2.68M 1m55s
  3200K .......... .......... .......... .......... ..........  1% 2.37M 1m55s
  3250K .......... .......... .......... .......... ..........  1% 2.72M 1m55s
  3300K .......... .......... .......... .......... ..........  1% 2.70M 1m55s
  3350K .......... .......... .......... .......... ..........  1% 2.36M 1m55s
  3400K .......... .......... .......... .......... ..........  1% 2.57M 1m54s
  3450K .......... .......... .......... .......... ..........  1% 2.66M 1m54s
  3500K .......... .......... .......... .......... ..........  1% 2.79M 1m54s
  3550K .......... .......... .......... .......... ..........  1% 2.46M 1m54s
  3600K .......... .......... .......... .......... ..........  1% 2.78M 1m54s
  3650K .......... .......... .......... .......... ..........  1% 2.87M 1m53s
  3700K .......... .......... .......... .......... ..........  1% 2.84M 1m53s
  3750K .......... .......... .......... .......... ..........  1% 2.50M 1m53s
  3800K .......... .......... .......... .......... ..........  1% 2.83M 1m53s
  3850K .......... .......... .......... .......... ..........  1% 2.77M 1m52s
  3900K .......... .......... .......... .......... ..........  1% 2.35M 1m52s
  3950K .......... .......... .......... .......... ..........  1% 2.74M 1m52s
  4000K .......... .......... .......... .......... ..........  1% 2.46M 1m52s
  4050K .......... .......... .......... .......... ..........  1% 2.47M 1m52s
  4100K .......... .......... .......... .......... ..........  1% 2.80M 1m52s
  4150K .......... .......... .......... .......... ..........  1% 2.23M 1m52s
  4200K .......... .......... .......... .......... ..........  1% 2.73M 1m52s
  4250K .......... .......... .......... .......... ..........  1% 2.66M 1m52s
  4300K .......... .......... .......... .......... ..........  1% 2.65M 1m51s
  4350K .......... .......... .......... .......... ..........  1% 2.34M 1m51s
  4400K .......... .......... .......... .......... ..........  1% 2.70M 1m51s
  4450K .......... .......... .......... .......... ..........  1% 2.63M 1m51s
  4500K .......... .......... .......... .......... ..........  1% 2.56M 1m51s
  4550K .......... .......... .......... .......... ..........  1% 2.24M 1m51s
  4600K .......... .......... .......... .......... ..........  1% 2.45M 1m51s
  4650K .......... .......... .......... .......... ..........  1% 2.55M 1m51s
  4700K .......... .......... .......... .......... ..........  1% 2.53M 1m51s
  4750K .......... .......... .......... .......... ..........  1% 2.22M 1m51s
  4800K .......... .......... .......... .......... ..........  1% 2.67M 1m51s
  4850K .......... .......... .......... .......... ..........  1% 2.64M 1m51s
  4900K .......... .......... .......... .......... ..........  1% 2.61M 1m51s
  4950K .......... .......... .......... .......... ..........  1% 2.23M 1m51s
  5000K .......... .......... .......... .......... ..........  1% 2.42M 1m51s
  5050K .......... .......... .......... .......... ..........  1% 2.71M 1m50s
  5100K .......... .......... .......... .......... ..........  1% 2.89M 1m50s
  5150K .......... .......... .......... .......... ..........  1% 2.46M 1m50s
  5200K .......... .......... .......... .......... ..........  1% 2.59M 1m50s
  5250K .......... .......... .......... .......... ..........  1% 2.52M 1m50s
  5300K .......... .......... .......... .......... ..........  1% 2.54M 1m50s
  5350K .......... .......... .......... .......... ..........  1% 2.26M 1m50s
  5400K .......... .......... .......... .......... ..........  1% 2.62M 1m50s
  5450K .......... .......... .......... .......... ..........  1% 2.60M 1m50s
  5500K .......... .......... .......... .......... ..........  1% 2.48M 1m50s
  5550K .......... .......... .......... .......... ..........  2% 2.66M 1m50s
  5600K .......... .......... .......... .......... ..........  2% 2.28M 1m50s
  5650K .......... .......... .......... .......... ..........  2% 2.61M 1m50s
  5700K .......... .......... .......... .......... ..........  2% 2.58M 1m50s
  5750K .......... .......... .......... .......... ..........  2% 2.48M 1m50s
  5800K .......... .......... .......... .......... ..........  2% 2.19M 1m50s
  5850K .......... .......... .......... .......... ..........  2% 2.57M 1m50s
  5900K .......... .......... .......... .......... ..........  2% 2.59M 1m49s
  5950K .......... .......... .......... .......... ..........  2% 2.78M 1m49s
  6000K .......... .......... .......... .......... ..........  2% 2.27M 1m49s
  6050K .......... .......... .......... .......... ..........  2% 2.45M 1m49s
  6100K .......... .......... .......... .......... ..........  2% 2.71M 1m49s
  6150K .......... .......... .......... .......... ..........  2% 2.61M 1m49s
  6200K .......... .......... .......... .......... ..........  2% 2.32M 1m49s
  6250K .......... .......... .......... .......... ..........  2% 2.67M 1m49s
  6300K .......... .......... .......... .......... ..........  2% 2.56M 1m49s
  6350K .......... .......... .......... .......... ..........  2% 2.54M 1m49s
  6400K .......... .......... .......... .......... ..........  2% 2.39M 1m49s
  6450K .......... .......... .......... .......... ..........  2% 2.68M 1m49s
  6500K .......... .......... .......... .......... ..........  2% 2.64M 1m49s
  6550K .......... .......... .......... .......... ..........  2% 2.61M 1m49s
  6600K .......... .......... .......... .......... ..........  2% 2.36M 1m49s
  6650K .......... .......... .......... .......... ..........  2% 2.68M 1m49s
  6700K .......... .......... .......... .......... ..........  2% 2.65M 1m49s
  6750K .......... .......... .......... .......... ..........  2% 2.56M 1m48s
  6800K .......... .......... .......... .......... ..........  2% 2.29M 1m48s
  6850K .......... .......... .......... .......... ..........  2% 2.75M 1m48s
  6900K .......... .......... .......... .......... ..........  2% 2.40M 1m48s
  6950K .......... .......... .......... .......... ..........  2% 2.54M 1m48s
  7000K .......... .......... .......... .......... ..........  2% 2.54M 1m48s
  7050K .......... .......... .......... .......... ..........  2% 2.26M 1m48s
  7100K .......... .......... .......... .......... ..........  2% 2.48M 1m48s
  7150K .......... .......... .......... .......... ..........  2% 2.24M 1m48s
  7200K .......... .......... .......... .......... ..........  2% 2.65M 1m48s
  7250K .......... .......... .......... .......... ..........  2% 2.73M 1m48s
  7300K .......... .......... .......... .......... ..........  2% 2.64M 1m48s
  7350K .......... .......... .......... .......... ..........  2% 2.36M 1m48s
  7400K .......... .......... .......... .......... ..........  2% 2.65M 1m48s
  7450K .......... .......... .......... .......... ..........  2% 2.68M 1m48s
  7500K .......... .......... .......... .......... ..........  2% 2.65M 1m48s
  7550K .......... .......... .......... .......... ..........  2% 2.04M 1m48s
  7600K .......... .......... .......... .......... ..........  2% 2.32M 1m48s
  7650K .......... .......... .......... .......... ..........  2% 2.28M 1m48s
  7700K .......... .......... .......... .......... ..........  2% 2.42M 1m48s
  7750K .......... .......... .......... .......... ..........  2% 2.59M 1m48s
  7800K .......... .......... .......... .......... ..........  2% 2.45M 1m48s
  7850K .......... .......... .......... .......... ..........  2% 2.28M 1m48s
  7900K .......... .......... .......... .......... ..........  2% 2.59M 1m48s
  7950K .......... .......... .......... .......... ..........  2% 2.67M 1m48s
  8000K .......... .......... .......... .......... ..........  2% 2.37M 1m48s
  8050K .......... .......... .......... .......... ..........  2% 2.66M 1m48s
  8100K .......... .......... .......... .......... ..........  2% 2.64M 1m48s
  8150K .......... .......... .......... .......... ..........  2% 2.55M 1m48s
  8200K .......... .......... .......... .......... ..........  2% 2.37M 1m48s
  8250K .......... .......... .......... .......... ..........  2% 2.67M 1m48s
  8300K .......... .......... .......... .......... ..........  3% 2.76M 1m47s
  8350K .......... .......... .......... .......... ..........  3% 2.90M 1m47s
  8400K .......... .......... .......... .......... ..........  3% 2.31M 1m47s
  8450K .......... .......... .......... .......... ..........  3% 2.85M 1m47s
  8500K .......... .......... .......... .......... ..........  3% 2.81M 1m47s
  8550K .......... .......... .......... .......... ..........  3% 2.83M 1m47s
  8600K .......... .......... .......... .......... ..........  3% 2.45M 1m47s
  8650K .......... .......... .......... .......... ..........  3% 2.56M 1m47s
  8700K .......... .......... .......... .......... ..........  3% 2.76M 1m47s
  8750K .......... .......... .......... .......... ..........  3% 2.73M 1m47s
  8800K .......... .......... .......... .......... ..........  3% 2.65M 1m47s
  8850K .......... .......... .......... .......... ..........  3% 2.40M 1m47s
  8900K .......... .......... .......... .......... ..........  3% 2.53M 1m47s
  8950K .......... .......... .......... .......... ..........  3% 2.90M 1m47s
  9000K .......... .......... .......... .......... ..........  3% 2.33M 1m47s
  9050K .......... .......... .......... .......... ..........  3% 2.65M 1m47s
  9100K .......... .......... .......... .......... ..........  3% 2.52M 1m46s
  9150K .......... .......... .......... .......... ..........  3% 2.71M 1m46s
  9200K .......... .......... .......... .......... ..........  3% 2.47M 1m46s
  9250K .......... .......... .......... .......... ..........  3% 2.70M 1m46s
  9300K .......... .......... .......... .......... ..........  3% 2.51M 1m46s
  9350K .......... .......... .......... .......... ..........  3% 2.63M 1m46s
  9400K .......... .......... .......... .......... ..........  3% 2.40M 1m46s
  9450K .......... .......... .......... .......... ..........  3% 2.60M 1m46s
  9500K .......... .......... .......... .......... ..........  3% 2.77M 1m46s
  9550K .......... .......... .......... .......... ..........  3% 2.65M 1m46s
  9600K .......... .......... .......... .......... ..........  3% 2.42M 1m46s
  9650K .......... .......... .......... .......... ..........  3% 2.76M 1m46s
  9700K .......... .......... .......... .......... ..........  3% 2.79M 1m46s
  9750K .......... .......... .......... .......... ..........  3% 2.43M 1m46s
  9800K .......... .......... .......... .......... ..........  3% 2.34M 1m46s
  9850K .......... .......... .......... .......... ..........  3% 2.68M 1m46s
  9900K .......... .......... .......... .......... ..........  3% 2.60M 1m46s
  9950K .......... .......... .......... .......... ..........  3% 2.78M 1m46s
 10000K .......... .......... .......... .......... ..........  3% 2.41M 1m46s
 10050K .......... .......... .......... .......... ..........  3% 2.67M 1m46s
 10100K .......... .......... .......... .......... ..........  3% 2.80M 1m46s
 10150K .......... .......... .......... .......... ..........  3% 2.74M 1m45s
 10200K .......... .......... .......... .......... ..........  3% 2.36M 1m45s
 10250K .......... .......... .......... .......... ..........  3% 2.77M 1m45s
 10300K .......... .......... .......... .......... ..........  3% 2.69M 1m45s
 10350K .......... .......... .......... .......... ..........  3% 2.35M 1m45s
 10400K .......... .......... .......... .......... ..........  3% 2.54M 1m45s
 10450K .......... .......... .......... .......... ..........  3% 2.50M 1m45s
 10500K .......... .......... .......... .......... ..........  3% 2.63M 1m45s
 10550K .......... .......... .......... .......... ..........  3% 2.29M 1m45s
 10600K .......... .......... .......... .......... ..........  3% 2.68M 1m45s
 10650K .......... .......... .......... .......... ..........  3% 2.72M 1m45s
 10700K .......... .......... .......... .......... ..........  3% 2.58M 1m45s
 10750K .......... .......... .......... .......... ..........  3% 2.30M 1m45s
 10800K .......... .......... .......... .......... ..........  3% 2.70M 1m45s
 10850K .......... .......... .......... .......... ..........  3% 2.76M 1m45s
 10900K .......... .......... .......... .......... ..........  3% 2.73M 1m45s
 10950K .......... .......... .......... .......... ..........  3% 2.29M 1m45s
 11000K .......... .......... .......... .......... ..........  3% 2.69M 1m45s
 11050K .......... .......... .......... .......... ..........  3% 2.65M 1m45s
 11100K .......... .......... .......... .......... ..........  4% 2.65M 1m45s
 11150K .......... .......... .......... .......... ..........  4% 2.34M 1m45s
 11200K .......... .......... .......... .......... ..........  4% 2.75M 1m45s
 11250K .......... .......... .......... .......... ..........  4% 2.61M 1m45s
 11300K .......... .......... .......... .......... ..........  4% 2.71M 1m45s
 11350K .......... .......... .......... .......... ..........  4% 2.82M 1m45s
 11400K .......... .......... .......... .......... ..........  4% 2.55M 1m45s
 11450K .......... .......... .......... .......... ..........  4% 2.72M 1m44s
 11500K .......... .......... .......... .......... ..........  4% 2.71M 1m44s
 11550K .......... .......... .......... .......... ..........  4% 2.28M 1m44s
 11600K .......... .......... .......... .......... ..........  4% 2.72M 1m44s
 11650K .......... .......... .......... .......... ..........  4% 2.65M 1m44s
 11700K .......... .......... .......... .......... ..........  4% 2.60M 1m44s
 11750K .......... .......... .......... .......... ..........  4% 2.78M 1m44s
 11800K .......... .......... .......... .......... ..........  4% 2.47M 1m44s
 11850K .......... .......... .......... .......... ..........  4% 2.80M 1m44s
 11900K .......... .......... .......... .......... ..........  4% 2.89M 1m44s
 11950K .......... .......... .......... .......... ..........  4% 2.84M 1m44s
 12000K .......... .......... .......... .......... ..........  4% 2.45M 1m44s
 12050K .......... .......... .......... .......... ..........  4% 2.65M 1m44s
 12100K .......... .......... .......... .......... ..........  4% 2.46M 1m44s
 12150K .......... .......... .......... .......... ..........  4% 2.59M 1m44s
 12200K .......... .......... .......... .......... ..........  4% 2.59M 1m44s
 12250K .......... .......... .......... .......... ..........  4% 2.35M 1m44s
 12300K .......... .......... .......... .......... ..........  4% 2.78M 1m44s
 12350K .......... .......... .......... .......... ..........  4% 2.64M 1m44s
 12400K .......... .......... .......... .......... ..........  4% 2.18M 1m44s
 12450K .......... .......... .......... .......... ..........  4% 2.75M 1m44s
 12500K .......... .......... .......... .......... ..........  4% 2.31M 1m44s
 12550K .......... .......... .......... .......... ..........  4% 2.61M 1m44s
 12600K .......... .......... .......... .......... ..........  4% 2.75M 1m44s
 12650K .......... .......... .......... .......... ..........  4% 2.86M 1m44s
 12700K .......... .......... .......... .......... ..........  4% 2.48M 1m44s
 12750K .......... .......... .......... .......... ..........  4% 2.78M 1m44s
 12800K .......... .......... .......... .......... ..........  4% 2.79M 1m43s
 12850K .......... .......... .......... .......... ..........  4% 2.96M 1m43s
 12900K .......... .......... .......... .......... ..........  4% 2.50M 1m43s
 12950K .......... .......... .......... .......... ..........  4% 2.93M 1m43s
 13000K .......... .......... .......... .......... ..........  4% 2.84M 1m43s
 13050K .......... .......... .......... .......... ..........  4% 2.78M 1m43s
 13100K .......... .......... .......... .......... ..........  4% 2.71M 1m43s
 13150K .......... .......... .......... .......... ..........  4% 2.86M 1m43s
 13200K .......... .......... .......... .......... ..........  4% 2.40M 1m43s
 13250K .......... .......... .......... .......... ..........  4% 2.81M 1m43s
 13300K .......... .......... .......... .......... ..........  4% 2.92M 1m43s
 13350K .......... .......... .......... .......... ..........  4% 2.45M 1m43s
 13400K .......... .......... .......... .......... ..........  4% 2.67M 1m43s
 13450K .......... .......... .......... .......... ..........  4% 2.61M 1m43s
 13500K .......... .......... .......... .......... ..........  4% 2.69M 1m43s
 13550K .......... .......... .......... .......... ..........  4% 2.45M 1m43s
 13600K .......... .......... .......... .......... ..........  4% 2.69M 1m43s
 13650K .......... .......... .......... .......... ..........  4% 2.83M 1m43s
 13700K .......... .......... .......... .......... ..........  4% 2.57M 1m43s
 13750K .......... .......... .......... .......... ..........  4% 2.11M 1m43s
 13800K .......... .......... .......... .......... ..........  4% 2.71M 1m43s
 13850K .......... .......... .......... .......... ..........  5% 2.73M 1m43s
 13900K .......... .......... .......... .......... ..........  5% 2.71M 1m43s
 13950K .......... .......... .......... .......... ..........  5% 2.41M 1m43s
 14000K .......... .......... .......... .......... ..........  5% 2.97M 1m42s
 14050K .......... .......... .......... .......... ..........  5% 2.44M 1m42s
 14100K .......... .......... .......... .......... ..........  5% 2.79M 1m42s
 14150K .......... .......... .......... .......... ..........  5% 2.73M 1m42s
 14200K .......... .......... .......... .......... ..........  5% 2.71M 1m42s
 14250K .......... .......... .......... .......... ..........  5% 2.41M 1m42s
 14300K .......... .......... .......... .......... ..........  5% 2.67M 1m42s
 14350K .......... .......... .......... .......... ..........  5% 2.74M 1m42s
 14400K .......... .......... .......... .......... ..........  5% 2.78M 1m42s
 14450K .......... .......... .......... .......... ..........  5% 2.42M 1m42s
 14500K .......... .......... .......... .......... ..........  5% 2.83M 1m42s
 14550K .......... .......... .......... .......... ..........  5% 2.77M 1m42s
 14600K .......... .......... .......... .......... ..........  5% 2.65M 1m42s
 14650K .......... .......... .......... .......... ..........  5% 2.55M 1m42s
 14700K .......... .......... .......... .......... ..........  5% 2.75M 1m42s
 14750K .......... .......... .......... .......... ..........  5% 2.73M 1m42s
 14800K .......... .......... .......... .......... ..........  5% 2.77M 1m42s
 14850K .......... .......... .......... .......... ..........  5% 2.38M 1m42s
 14900K .......... .......... .......... .......... ..........  5% 2.87M 1m42s
 14950K .......... .......... .......... .......... ..........  5% 2.72M 1m42s
 15000K .......... .......... .......... .......... ..........  5% 2.78M 1m42s
 15050K .......... .......... .......... .......... ..........  5% 2.68M 1m42s
 15100K .......... .......... .......... .......... ..........  5% 2.29M 1m42s
 15150K .......... .......... .......... .......... ..........  5% 2.72M 1m42s
 15200K .......... .......... .......... .......... ..........  5% 2.48M 1m42s
 15250K .......... .......... .......... .......... ..........  5% 2.57M 1m42s
 15300K .......... .......... .......... .......... ..........  5% 2.49M 1m42s
 15350K .......... .......... .......... .......... ..........  5% 2.45M 1m42s
 15400K .......... .......... .......... .......... ..........  5% 2.72M 1m41s
 15450K .......... .......... .......... .......... ..........  5% 2.68M 1m41s
 15500K .......... .......... .......... .......... ..........  5% 2.69M 1m41s
 15550K .......... .......... .......... .......... ..........  5% 2.39M 1m41s
 15600K .......... .......... .......... .......... ..........  5% 2.62M 1m41s
 15650K .......... .......... .......... .......... ..........  5% 2.71M 1m41s
 15700K .......... .......... .......... .......... ..........  5% 2.66M 1m41s
 15750K .......... .......... .......... .......... ..........  5% 2.09M 1m41s
 15800K .......... .......... .......... .......... ..........  5% 2.60M 1m41s
 15850K .......... .......... .......... .......... ..........  5% 2.72M 1m41s
 15900K .......... .......... .......... .......... ..........  5% 2.68M 1m41s
 15950K .......... .......... .......... .......... ..........  5% 2.35M 1m41s
 16000K .......... .......... .......... .......... ..........  5% 2.66M 1m41s
 16050K .......... .......... .......... .......... ..........  5% 2.53M 1m41s
 16100K .......... .......... .......... .......... ..........  5% 2.42M 1m41s
 16150K .......... .......... .......... .......... ..........  5% 2.73M 1m41s
 16200K .......... .......... .......... .......... ..........  5% 2.38M 1m41s
 16250K .......... .......... .......... .......... ..........  5% 2.72M 1m41s
 16300K .......... .......... .......... .......... ..........  5% 2.75M 1m41s
 16350K .......... .......... .......... .......... ..........  5% 2.68M 1m41s
 16400K .......... .......... .......... .......... ..........  5% 2.33M 1m41s
 16450K .......... .......... .......... .......... ..........  5% 2.78M 1m41s
 16500K .......... .......... .......... .......... ..........  5% 2.78M 1m41s
 16550K .......... .......... .......... .......... ..........  5% 2.76M 1m41s
 16600K .......... .......... .......... .......... ..........  5% 2.29M 1m41s
 16650K .......... .......... .......... .......... ..........  6% 2.69M 1m41s
 16700K .......... .......... .......... .......... ..........  6% 2.85M 1m41s
 16750K .......... .......... .......... .......... ..........  6% 2.48M 1m41s
 16800K .......... .......... .......... .......... ..........  6% 2.62M 1m41s
 16850K .......... .......... .......... .......... ..........  6% 2.76M 1m41s
 16900K .......... .......... .......... .......... ..........  6% 2.41M 1m41s
 16950K .......... .......... .......... .......... ..........  6% 2.07M 1m41s
 17000K .......... .......... .......... .......... ..........  6% 2.33M 1m41s
 17050K .......... .......... .......... .......... ..........  6% 2.41M 1m41s
 17100K .......... .......... .......... .......... ..........  6% 2.39M 1m41s
 17150K .......... .......... .......... .......... ..........  6% 2.38M 1m41s
 17200K .......... .......... .......... .......... ..........  6% 2.37M 1m41s
 17250K .......... .......... .......... .......... ..........  6% 2.67M 1m41s
 17300K .......... .......... .......... .......... ..........  6% 2.78M 1m41s
 17350K .......... .......... .......... .......... ..........  6% 2.75M 1m41s
 17400K .......... .......... .......... .......... ..........  6% 2.44M 1m41s
 17450K .......... .......... .......... .......... ..........  6% 2.73M 1m41s
 17500K .......... .......... .......... .......... ..........  6% 2.60M 1m41s
 17550K .......... .......... .......... .......... ..........  6% 2.36M 1m41s
 17600K .......... .......... .......... .......... ..........  6% 2.75M 1m40s
 17650K .......... .......... .......... .......... ..........  6% 2.59M 1m40s
 17700K .......... .......... .......... .......... ..........  6% 2.66M 1m40s
 17750K .......... .......... .......... .......... ..........  6% 2.44M 1m40s
 17800K .......... .......... .......... .......... ..........  6% 2.65M 1m40s
 17850K .......... .......... .......... .......... ..........  6% 2.70M 1m40s
 17900K .......... .......... .......... .......... ..........  6% 2.68M 1m40s
 17950K .......... .......... .......... .......... ..........  6% 2.60M 1m40s
 18000K .......... .......... .......... .......... ..........  6% 2.35M 1m40s
 18050K .......... .......... .......... .......... ..........  6% 2.40M 1m40s
 18100K .......... .......... .......... .......... ..........  6% 2.62M 1m40s
 18150K .......... .......... .......... .......... ..........  6% 2.65M 1m40s
 18200K .......... .......... .......... .......... ..........  6% 1.83M 1m40s
 18250K .......... .......... .......... .......... ..........  6% 2.50M 1m40s
 18300K .......... .......... .......... .......... ..........  6% 2.76M 1m40s
 18350K .......... .......... .......... .......... ..........  6% 2.57M 1m40s
 18400K .......... .......... .......... .......... ..........  6% 2.30M 1m40s
 18450K .......... .......... .......... .......... ..........  6% 2.53M 1m40s
 18500K .......... .......... .......... .......... ..........  6% 2.46M 1m40s
 18550K .......... .......... .......... .......... ..........  6% 2.53M 1m40s
 18600K .......... .......... .......... .......... ..........  6% 2.68M 1m40s
 18650K .......... .......... .......... .......... ..........  6% 2.71M 1m40s
 18700K .......... .......... .......... .......... ..........  6% 2.70M 1m40s
 18750K .......... .......... .......... .......... ..........  6% 2.35M 1m40s
 18800K .......... .......... .......... .......... ..........  6% 2.70M 1m40s
 18850K .......... .......... .......... .......... ..........  6% 2.70M 1m40s
 18900K .......... .......... .......... .......... ..........  6% 2.75M 1m40s
 18950K .......... .......... .......... .......... ..........  6% 2.35M 1m40s
 19000K .......... .......... .......... .......... ..........  6% 2.43M 1m40s
 19050K .......... .......... .......... .......... ..........  6% 1.89M 1m40s
 19100K .......... .......... .......... .......... ..........  6% 2.62M 1m40s
 19150K .......... .......... .......... .......... ..........  6% 2.47M 1m40s
 19200K .......... .......... .......... .......... ..........  6% 2.78M 1m40s
 19250K .......... .......... .......... .......... ..........  6% 2.67M 1m40s
 19300K .......... .......... .......... .......... ..........  6% 2.76M 1m40s
 19350K .......... .......... .......... .......... ..........  6% 2.24M 1m40s
 19400K .......... .......... .......... .......... ..........  7% 2.69M 1m40s
 19450K .......... .......... .......... .......... ..........  7% 2.66M 1m40s
 19500K .......... .......... .......... .......... ..........  7% 2.73M 1m40s
 19550K .......... .......... .......... .......... ..........  7% 2.35M 1m40s
 19600K .......... .......... .......... .......... ..........  7% 2.42M 1m40s
 19650K .......... .......... .......... .......... ..........  7% 2.21M 1m40s
 19700K .......... .......... .......... .......... ..........  7% 2.47M 1m40s
 19750K .......... .......... .......... .......... ..........  7% 2.50M 1m40s
 19800K .......... .......... .......... .......... ..........  7% 2.34M 1m40s
 19850K .......... .......... .......... .......... ..........  7% 2.50M 1m40s
 19900K .......... .......... .......... .......... ..........  7% 2.52M 1m40s
 19950K .......... .......... .......... .......... ..........  7% 2.62M 1m40s
 20000K .......... .......... .......... .......... ..........  7% 2.35M 1m40s
 20050K .......... .......... .......... .......... ..........  7% 2.64M 1m40s
 20100K .......... .......... .......... .......... ..........  7% 2.58M 1m40s
 20150K .......... .......... .......... .......... ..........  7% 2.76M 1m40s
 20200K .......... .......... .......... .......... ..........  7% 2.72M 1m40s
 20250K .......... .......... .......... .......... ..........  7% 2.40M 1m40s
 20300K .......... .......... .......... .......... ..........  7% 2.55M 1m40s
 20350K .......... .......... .......... .......... ..........  7% 2.67M 99s
 20400K .......... .......... .......... .......... ..........  7% 2.65M 99s
 20450K .......... .......... .......... .......... ..........  7% 2.40M 99s
 20500K .......... .......... .......... .......... ..........  7% 2.80M 99s
 20550K .......... .......... .......... .......... ..........  7% 2.77M 99s
 20600K .......... .......... .......... .......... ..........  7% 2.74M 99s
 20650K .......... .......... .......... .......... ..........  7% 2.30M 99s
 20700K .......... .......... .......... .......... ..........  7% 2.99M 99s
 20750K .......... .......... .......... .......... ..........  7% 2.39M 99s
 20800K .......... .......... .......... .......... ..........  7% 2.61M 99s
 20850K .......... .......... .......... .......... ..........  7% 2.47M 99s
 20900K .......... .......... .......... .......... ..........  7% 2.61M 99s
 20950K .......... .......... .......... .......... ..........  7% 2.73M 99s
 21000K .......... .......... .......... .......... ..........  7% 2.37M 99s
 21050K .......... .......... .......... .......... ..........  7% 2.76M 99s
 21100K .......... .......... .......... .......... ..........  7% 2.84M 99s
 21150K .......... .......... .......... .......... ..........  7% 2.78M 99s
 21200K .......... .......... .......... .......... ..........  7% 2.50M 99s
 21250K .......... .......... .......... .......... ..........  7% 2.75M 99s
 21300K .......... .......... .......... .......... ..........  7% 2.63M 99s
 21350K .......... .......... .......... .......... ..........  7% 2.68M 99s
 21400K .......... .......... .......... .......... ..........  7% 2.46M 99s
 21450K .......... .......... .......... .......... ..........  7% 2.34M 99s
 21500K .......... .......... .......... .......... ..........  7% 2.71M 99s
 21550K .......... .......... .......... .......... ..........  7% 2.62M 99s
 21600K .......... .......... .......... .......... ..........  7% 2.74M 99s
 21650K .......... .......... .......... .......... ..........  7% 2.30M 99s
 21700K .......... .......... .......... .......... ..........  7% 2.67M 99s
 21750K .......... .......... .......... .......... ..........  7% 2.57M 99s
 21800K .......... .......... .......... .......... ..........  7% 2.55M 99s
 21850K .......... .......... .......... .......... ..........  7% 2.32M 99s
 21900K .......... .......... .......... .......... ..........  7% 2.75M 99s
 21950K .......... .......... .......... .......... ..........  7% 2.86M 99s
 22000K .......... .......... .......... .......... ..........  7% 2.78M 99s
 22050K .......... .......... .......... .......... ..........  7% 2.47M 99s
 22100K .......... .......... .......... .......... ..........  7% 2.78M 99s
 22150K .......... .......... .......... .......... ..........  7% 2.80M 99s
 22200K .......... .......... .......... .......... ..........  8% 2.75M 98s
 22250K .......... .......... .......... .......... ..........  8% 2.44M 98s
 22300K .......... .......... .......... .......... ..........  8% 2.50M 98s
 22350K .......... .......... .......... .......... ..........  8% 2.64M 98s
 22400K .......... .......... .......... .......... ..........  8% 2.34M 98s
 22450K .......... .......... .......... .......... ..........  8% 2.59M 98s
 22500K .......... .......... .......... .......... ..........  8% 2.69M 98s
 22550K .......... .......... .......... .......... ..........  8% 2.48M 98s
 22600K .......... .......... .......... .......... ..........  8% 2.18M 98s
 22650K .......... .......... .......... .......... ..........  8% 2.63M 98s
 22700K .......... .......... .......... .......... ..........  8% 2.68M 98s
 22750K .......... .......... .......... .......... ..........  8% 2.56M 98s
 22800K .......... .......... .......... .......... ..........  8% 2.25M 98s
 22850K .......... .......... .......... .......... ..........  8% 2.53M 98s
 22900K .......... .......... .......... .......... ..........  8% 2.66M 98s
 22950K .......... .......... .......... .......... ..........  8% 2.12M 98s
 23000K .......... .......... .......... .......... ..........  8% 2.76M 98s
 23050K .......... .......... .......... .......... ..........  8% 2.68M 98s
 23100K .......... .......... .......... .......... ..........  8% 2.74M 98s
 23150K .......... .......... .......... .......... ..........  8% 2.43M 98s
 23200K .......... .......... .......... .......... ..........  8% 2.80M 98s
 23250K .......... .......... .......... .......... ..........  8% 2.83M 98s
 23300K .......... .......... .......... .......... ..........  8% 2.66M 98s
 23350K .......... .......... .......... .......... ..........  8% 2.36M 98s
 23400K .......... .......... .......... .......... ..........  8% 2.73M 98s
 23450K .......... .......... .......... .......... ..........  8% 2.83M 98s
 23500K .......... .......... .......... .......... ..........  8% 2.69M 98s
 23550K .......... .......... .......... .......... ..........  8% 2.46M 98s
 23600K .......... .......... .......... .......... ..........  8% 2.66M 98s
 23650K .......... .......... .......... .......... ..........  8% 2.88M 98s
 23700K .......... .......... .......... .......... ..........  8% 2.87M 98s
 23750K .......... .......... .......... .......... ..........  8% 2.38M 98s
 23800K .......... .......... .......... .......... ..........  8% 2.88M 98s
 23850K .......... .......... .......... .......... ..........  8% 2.82M 98s
 23900K .......... .......... .......... .......... ..........  8% 2.86M 98s
 23950K .......... .......... .......... .......... ..........  8% 2.38M 98s
 24000K .......... .......... .......... .......... ..........  8% 2.65M 98s
 24050K .......... .......... .......... .......... ..........  8% 2.71M 98s
 24100K .......... .......... .......... .......... ..........  8% 2.77M 98s
 24150K .......... .......... .......... .......... ..........  8% 2.46M 98s
 24200K .......... .......... .......... .......... ..........  8% 2.80M 98s
 24250K .......... .......... .......... .......... ..........  8% 2.82M 97s
 24300K .......... .......... .......... .......... ..........  8% 2.73M 97s
 24350K .......... .......... .......... .......... ..........  8% 2.36M 97s
 24400K .......... .......... .......... .......... ..........  8% 2.71M 97s
 24450K .......... .......... .......... .......... ..........  8% 2.53M 97s
 24500K .......... .......... .......... .......... ..........  8% 2.56M 97s
 24550K .......... .......... .......... .......... ..........  8% 2.59M 97s
 24600K .......... .......... .......... .......... ..........  8% 2.35M 97s
 24650K .......... .......... .......... .......... ..........  8% 2.73M 97s
 24700K .......... .......... .......... .......... ..........  8% 2.68M 97s
 24750K .......... .......... .......... .......... ..........  8% 2.70M 97s
 24800K .......... .......... .......... .......... ..........  8% 2.47M 97s
 24850K .......... .......... .......... .......... ..........  8% 2.70M 97s
 24900K .......... .......... .......... .......... ..........  8% 2.72M 97s
 24950K .......... .......... .......... .......... ..........  9% 2.30M 97s
 25000K .......... .......... .......... .......... ..........  9% 2.55M 97s
 25050K .......... .......... .......... .......... ..........  9% 2.73M 97s
 25100K .......... .......... .......... .......... ..........  9% 2.66M 97s
 25150K .......... .......... .......... .......... ..........  9% 2.48M 97s
 25200K .......... .......... .......... .......... ..........  9% 2.75M 97s
 25250K .......... .......... .......... .......... ..........  9% 2.77M 97s
 25300K .......... .......... .......... .......... ..........  9% 2.46M 97s
 25350K .......... .......... .......... .......... ..........  9% 2.47M 97s
 25400K .......... .......... .......... .......... ..........  9% 2.46M 97s
 25450K .......... .......... .......... .......... ..........  9% 2.74M 97s
 25500K .......... .......... .......... .......... ..........  9% 2.72M 97s
 25550K .......... .......... .......... .......... ..........  9% 2.73M 97s
 25600K .......... .......... .......... .......... ..........  9% 2.32M 97s
 25650K .......... .......... .......... .......... ..........  9% 2.51M 97s
 25700K .......... .......... .......... .......... ..........  9% 2.55M 97s
 25750K .......... .......... .......... .......... ..........  9% 2.84M 97s
 25800K .......... .......... .......... .......... ..........  9% 2.38M 97s
 25850K .......... .......... .......... .......... ..........  9% 2.83M 97s
 25900K .......... .......... .......... .......... ..........  9% 2.80M 97s
 25950K .......... .......... .......... .......... ..........  9% 2.82M 97s
 26000K .......... .......... .......... .......... ..........  9% 2.19M 97s
 26050K .......... .......... .......... .......... ..........  9% 2.41M 97s
 26100K .......... .......... .......... .......... ..........  9% 2.83M 97s
 26150K .......... .......... .......... .......... ..........  9% 2.68M 97s
 26200K .......... .......... .......... .......... ..........  9% 2.44M 97s
 26250K .......... .......... .......... .......... ..........  9% 2.79M 97s
 26300K .......... .......... .......... .......... ..........  9% 2.61M 97s
 26350K .......... .......... .......... .......... ..........  9% 2.81M 97s
 26400K .......... .......... .......... .......... ..........  9% 2.38M 96s
 26450K .......... .......... .......... .......... ..........  9% 2.55M 96s
 26500K .......... .......... .......... .......... ..........  9% 2.62M 96s
 26550K .......... .......... .......... .......... ..........  9% 2.33M 96s
 26600K .......... .......... .......... .......... ..........  9% 2.34M 96s
 26650K .......... .......... .......... .......... ..........  9% 2.71M 96s
 26700K .......... .......... .......... .......... ..........  9% 2.72M 96s
 26750K .......... .......... .......... .......... ..........  9% 2.77M 96s
 26800K .......... .......... .......... .......... ..........  9% 2.46M 96s
 26850K .......... .......... .......... .......... ..........  9% 2.73M 96s
 26900K .......... .......... .......... .......... ..........  9% 2.71M 96s
 26950K .......... .......... .......... .......... ..........  9% 2.36M 96s
 27000K .......... .......... .......... .......... ..........  9% 2.26M 96s
 27050K .......... .......... .......... .......... ..........  9% 2.51M 96s
 27100K .......... .......... .......... .......... ..........  9% 2.59M 96s
 27150K .......... .......... .......... .......... ..........  9% 2.24M 96s
 27200K .......... .......... .......... .......... ..........  9% 2.54M 96s
 27250K .......... .......... .......... .......... ..........  9% 2.72M 96s
 27300K .......... .......... .......... .......... ..........  9% 2.51M 96s
 27350K .......... .......... .......... .......... ..........  9% 2.70M 96s
 27400K .......... .......... .......... .......... ..........  9% 2.34M 96s
 27450K .......... .......... .......... .......... ..........  9% 2.55M 96s
 27500K .......... .......... .......... .......... ..........  9% 2.70M 96s
 27550K .......... .......... .......... .......... ..........  9% 2.51M 96s
 27600K .......... .......... .......... .......... ..........  9% 1.92M 96s
 27650K .......... .......... .......... .......... ..........  9% 2.44M 96s
 27700K .......... .......... .......... .......... ..........  9% 2.73M 96s
 27750K .......... .......... .......... .......... .......... 10% 2.48M 96s
 27800K .......... .......... .......... .......... .......... 10% 2.30M 96s
 27850K .......... .......... .......... .......... .......... 10% 2.59M 96s
 27900K .......... .......... .......... .......... .......... 10% 2.51M 96s
 27950K .......... .......... .......... .......... .......... 10% 2.13M 96s
 28000K .......... .......... .......... .......... .......... 10% 2.15M 96s
 28050K .......... .......... .......... .......... .......... 10% 2.58M 96s
 28100K .......... .......... .......... .......... .......... 10% 2.65M 96s
 28150K .......... .......... .......... .......... .......... 10% 1.80M 96s
 28200K .......... .......... .......... .......... .......... 10% 2.44M 96s
 28250K .......... .......... .......... .......... .......... 10% 2.43M 96s
 28300K .......... .......... .......... .......... .......... 10% 2.37M 96s
 28350K .......... .......... .......... .......... .......... 10% 2.17M 96s
 28400K .......... .......... .......... .......... .......... 10% 2.52M 96s
 28450K .......... .......... .......... .......... .......... 10% 2.55M 96s
 28500K .......... .......... .......... .......... .......... 10% 2.65M 96s
 28550K .......... .......... .......... .......... .......... 10% 2.40M 96s
 28600K .......... .......... .......... .......... .......... 10% 2.64M 96s
 28650K .......... .......... .......... .......... .......... 10% 2.64M 96s
 28700K .......... .......... .......... .......... .......... 10% 2.72M 96s
 28750K .......... .......... .......... .......... .......... 10% 2.39M 96s
 28800K .......... .......... .......... .......... .......... 10% 2.75M 96s
 28850K .......... .......... .......... .......... .......... 10% 2.40M 96s
 28900K .......... .......... .......... .......... .......... 10% 2.71M 96s
 28950K .......... .......... .......... .......... .......... 10% 2.39M 96s
 29000K .......... .......... .......... .......... .......... 10% 2.73M 96s
 29050K .......... .......... .......... .......... .......... 10% 2.73M 96s
 29100K .......... .......... .......... .......... .......... 10% 2.76M 96s
 29150K .......... .......... .......... .......... .......... 10% 2.41M 96s
 29200K .......... .......... .......... .......... .......... 10% 2.81M 96s
 29250K .......... .......... .......... .......... .......... 10% 2.71M 96s
 29300K .......... .......... .......... .......... .......... 10% 2.78M 96s
 29350K .......... .......... .......... .......... .......... 10% 2.53M 96s
 29400K .......... .......... .......... .......... .......... 10% 2.74M 96s
 29450K .......... .......... .......... .......... .......... 10% 2.81M 95s
 29500K .......... .......... .......... .......... .......... 10% 2.42M 95s
 29550K .......... .......... .......... .......... .......... 10% 2.36M 95s
 29600K .......... .......... .......... .......... .......... 10% 2.77M 95s
 29650K .......... .......... .......... .......... .......... 10% 2.55M 95s
 29700K .......... .......... .......... .......... .......... 10% 2.89M 95s
 29750K .......... .......... .......... .......... .......... 10% 2.33M 95s
 29800K .......... .......... .......... .......... .......... 10% 2.62M 95s
 29850K .......... .......... .......... .......... .......... 10% 2.70M 95s
 29900K .......... .......... .......... .......... .......... 10% 2.68M 95s
 29950K .......... .......... .......... .......... .......... 10% 2.29M 95s
 30000K .......... .......... .......... .......... .......... 10% 2.54M 95s
 30050K .......... .......... .......... .......... .......... 10% 2.49M 95s
 30100K .......... .......... .......... .......... .......... 10% 2.61M 95s
 30150K .......... .......... .......... .......... .......... 10% 2.47M 95s
 30200K .......... .......... .......... .......... .......... 10% 2.22M 95s
 30250K .......... .......... .......... .......... .......... 10% 2.57M 95s
 30300K .......... .......... .......... .......... .......... 10% 2.66M 95s
 30350K .......... .......... .......... .......... .......... 10% 2.64M 95s
 30400K .......... .......... .......... .......... .......... 10% 2.17M 95s
 30450K .......... .......... .......... .......... .......... 10% 2.73M 95s
 30500K .......... .......... .......... .......... .......... 11% 2.60M 95s
 30550K .......... .......... .......... .......... .......... 11% 2.61M 95s
 30600K .......... .......... .......... .......... .......... 11% 2.25M 95s
 30650K .......... .......... .......... .......... .......... 11% 2.59M 95s
 30700K .......... .......... .......... .......... .......... 11% 2.69M 95s
 30750K .......... .......... .......... .......... .......... 11% 2.72M 95s
 30800K .......... .......... .......... .......... .......... 11% 2.26M 95s
 30850K .......... .......... .......... .......... .......... 11% 2.62M 95s
 30900K .......... .......... .......... .......... .......... 11% 2.64M 95s
 30950K .......... .......... .......... .......... .......... 11% 2.64M 95s
 31000K .......... .......... .......... .......... .......... 11% 2.32M 95s
 31050K .......... .......... .......... .......... .......... 11% 2.53M 95s
 31100K .......... .......... .......... .......... .......... 11% 2.63M 95s
 31150K .......... .......... .......... .......... .......... 11% 2.68M 95s
 31200K .......... .......... .......... .......... .......... 11% 2.32M 95s
 31250K .......... .......... .......... .......... .......... 11% 2.80M 95s
 31300K .......... .......... .......... .......... .......... 11% 2.71M 95s
 31350K .......... .......... .......... .......... .......... 11% 2.64M 95s
 31400K .......... .......... .......... .......... .......... 11% 2.34M 95s
 31450K .......... .......... .......... .......... .......... 11% 2.49M 95s
 31500K .......... .......... .......... .......... .......... 11% 2.53M 95s
 31550K .......... .......... .......... .......... .......... 11% 2.48M 95s
 31600K .......... .......... .......... .......... .......... 11% 2.64M 95s
 31650K .......... .......... .......... .......... .......... 11% 2.65M 95s
 31700K .......... .......... .......... .......... .......... 11% 2.47M 95s
 31750K .......... .......... .......... .......... .......... 11% 2.39M 95s
 31800K .......... .......... .......... .......... .......... 11% 2.77M 95s
 31850K .......... .......... .......... .......... .......... 11% 2.73M 95s
 31900K .......... .......... .......... .......... .......... 11% 2.81M 95s
 31950K .......... .......... .......... .......... .......... 11% 2.42M 94s
 32000K .......... .......... .......... .......... .......... 11% 2.66M 94s
 32050K .......... .......... .......... .......... .......... 11% 2.67M 94s
 32100K .......... .......... .......... .......... .......... 11% 2.75M 94s
 32150K .......... .......... .......... .......... .......... 11% 2.28M 94s
 32200K .......... .......... .......... .......... .......... 11% 2.74M 94s
 32250K .......... .......... .......... .......... .......... 11% 2.73M 94s
 32300K .......... .......... .......... .......... .......... 11% 2.75M 94s
 32350K .......... .......... .......... .......... .......... 11% 2.42M 94s
 32400K .......... .......... .......... .......... .......... 11% 2.68M 94s
 32450K .......... .......... .......... .......... .......... 11% 2.73M 94s
 32500K .......... .......... .......... .......... .......... 11% 2.73M 94s
 32550K .......... .......... .......... .......... .......... 11% 2.43M 94s
 32600K .......... .......... .......... .......... .......... 11% 2.57M 94s
 32650K .......... .......... .......... .......... .......... 11% 2.77M 94s
 32700K .......... .......... .......... .......... .......... 11% 2.56M 94s
 32750K .......... .......... .......... .......... .......... 11% 2.89M 94s
 32800K .......... .......... .......... .......... .......... 11% 2.35M 94s
 32850K .......... .......... .......... .......... .......... 11% 2.71M 94s
 32900K .......... .......... .......... .......... .......... 11% 2.72M 94s
 32950K .......... .......... .......... .......... .......... 11% 2.77M 94s
 33000K .......... .......... .......... .......... .......... 11% 2.38M 94s
 33050K .......... .......... .......... .......... .......... 11% 2.81M 94s
 33100K .......... .......... .......... .......... .......... 11% 2.60M 94s
 33150K .......... .......... .......... .......... .......... 11% 2.70M 94s
 33200K .......... .......... .......... .......... .......... 11% 2.37M 94s
 33250K .......... .......... .......... .......... .......... 11% 2.61M 94s
 33300K .......... .......... .......... .......... .......... 12% 2.71M 94s
 33350K .......... .......... .......... .......... .......... 12% 2.79M 94s
 33400K .......... .......... .......... .......... .......... 12% 2.36M 94s
 33450K .......... .......... .......... .......... .......... 12% 2.72M 94s
 33500K .......... .......... .......... .......... .......... 12% 2.59M 94s
 33550K .......... .......... .......... .......... .......... 12% 2.75M 94s
 33600K .......... .......... .......... .......... .......... 12% 2.32M 94s
 33650K .......... .......... .......... .......... .......... 12% 2.71M 94s
 33700K .......... .......... .......... .......... .......... 12% 2.67M 94s
 33750K .......... .......... .......... .......... .......... 12% 2.67M 94s
 33800K .......... .......... .......... .......... .......... 12% 2.49M 94s
 33850K .......... .......... .......... .......... .......... 12% 2.73M 94s
 33900K .......... .......... .......... .......... .......... 12% 2.78M 94s
 33950K .......... .......... .......... .......... .......... 12% 2.66M 94s
 34000K .......... .......... .......... .......... .......... 12% 2.42M 94s
 34050K .......... .......... .......... .......... .......... 12% 2.75M 94s
 34100K .......... .......... .......... .......... .......... 12% 2.78M 93s
 34150K .......... .......... .......... .......... .......... 12% 2.83M 93s
 34200K .......... .......... .......... .......... .......... 12% 2.44M 93s
 34250K .......... .......... .......... .......... .......... 12% 2.68M 93s
 34300K .......... .......... .......... .......... .......... 12% 2.59M 93s
 34350K .......... .......... .......... .......... .......... 12% 2.75M 93s
 34400K .......... .......... .......... .......... .......... 12% 2.38M 93s
 34450K .......... .......... .......... .......... .......... 12% 2.79M 93s
 34500K .......... .......... .......... .......... .......... 12% 2.76M 93s
 34550K .......... .......... .......... .......... .......... 12% 2.73M 93s
 34600K .......... .......... .......... .......... .......... 12% 2.36M 93s
 34650K .......... .......... .......... .......... .......... 12% 2.70M 93s
 34700K .......... .......... .......... .......... .......... 12% 2.58M 93s
 34750K .......... .......... .......... .......... .......... 12% 2.75M 93s
 34800K .......... .......... .......... .......... .......... 12% 2.65M 93s
 34850K .......... .......... .......... .......... .......... 12% 2.57M 93s
 34900K .......... .......... .......... .......... .......... 12% 2.80M 93s
 34950K .......... .......... .......... .......... .......... 12% 2.44M 93s
 35000K .......... .......... .......... .......... .......... 12% 2.71M 93s
 35050K .......... .......... .......... .......... .......... 12% 2.73M 93s
 35100K .......... .......... .......... .......... .......... 12% 2.73M 93s
 35150K .......... .......... .......... .......... .......... 12% 2.36M 93s
 35200K .......... .......... .......... .......... .......... 12% 2.63M 93s
 35250K .......... .......... .......... .......... .......... 12% 2.80M 93s
 35300K .......... .......... .......... .......... .......... 12% 2.82M 93s
 35350K .......... .......... .......... .......... .......... 12% 2.90M 93s
 35400K .......... .......... .......... .......... .......... 12% 2.32M 93s
 35450K .......... .......... .......... .......... .......... 12% 2.79M 93s
 35500K .......... .......... .......... .......... .......... 12% 2.77M 93s
 35550K .......... .......... .......... .......... .......... 12% 2.69M 93s
 35600K .......... .......... .......... .......... .......... 12% 2.44M 93s
 35650K .......... .......... .......... .......... .......... 12% 2.71M 93s
 35700K .......... .......... .......... .......... .......... 12% 2.79M 93s
 35750K .......... .......... .......... .......... .......... 12% 2.76M 93s
 35800K .......... .......... .......... .......... .......... 12% 2.37M 93s
 35850K .......... .......... .......... .......... .......... 12% 2.72M 93s
 35900K .......... .......... .......... .......... .......... 12% 2.52M 93s
 35950K .......... .......... .......... .......... .......... 12% 2.80M 93s
 36000K .......... .......... .......... .......... .......... 12% 2.38M 93s
 36050K .......... .......... .......... .......... .......... 13% 2.78M 93s
 36100K .......... .......... .......... .......... .......... 13% 2.79M 93s
 36150K .......... .......... .......... .......... .......... 13% 2.72M 92s
 36200K .......... .......... .......... .......... .......... 13% 2.45M 92s
 36250K .......... .......... .......... .......... .......... 13% 2.77M 92s
 36300K .......... .......... .......... .......... .......... 13% 2.65M 92s
 36350K .......... .......... .......... .......... .......... 13% 2.77M 92s
 36400K .......... .......... .......... .......... .......... 13% 2.42M 92s
 36450K .......... .......... .......... .......... .......... 13% 2.77M 92s
 36500K .......... .......... .......... .......... .......... 13% 2.76M 92s
 36550K .......... .......... .......... .......... .......... 13% 2.70M 92s
 36600K .......... .......... .......... .......... .......... 13% 2.42M 92s
 36650K .......... .......... .......... .......... .......... 13% 2.77M 92s
 36700K .......... .......... .......... .......... .......... 13% 2.75M 92s
 36750K .......... .......... .......... .......... .......... 13% 2.55M 92s
 36800K .......... .......... .......... .......... .......... 13% 2.75M 92s
 36850K .......... .......... .......... .......... .......... 13% 2.58M 92s
 36900K .......... .......... .......... .......... .......... 13% 2.80M 92s
 36950K .......... .......... .......... .......... .......... 13% 2.78M 92s
 37000K .......... .......... .......... .......... .......... 13% 1.46M 92s
 37050K .......... .......... .......... .......... .......... 13% 2.85M 92s
 37100K .......... .......... .......... .......... .......... 13% 2.80M 92s
 37150K .......... .......... .......... .......... .......... 13% 2.61M 92s
 37200K .......... .......... .......... .......... .......... 13% 2.40M 92s
 37250K .......... .......... .......... .......... .......... 13% 2.72M 92s
 37300K .......... .......... .......... .......... .......... 13% 2.73M 92s
 37350K .......... .......... .......... .......... .......... 13% 2.75M 92s
 37400K .......... .......... .......... .......... .......... 13% 2.36M 92s
 37450K .......... .......... .......... .......... .......... 13% 2.77M 92s
 37500K .......... .......... .......... .......... .......... 13% 2.61M 92s
 37550K .......... .......... .......... .......... .......... 13% 2.80M 92s
 37600K .......... .......... .......... .......... .......... 13% 2.45M 92s
 37650K .......... .......... .......... .......... .......... 13% 2.61M 92s
 37700K .......... .......... .......... .......... .......... 13% 2.74M 92s
 37750K .......... .......... .......... .......... .......... 13% 2.75M 92s
 37800K .......... .......... .......... .......... .......... 13% 2.41M 92s
 37850K .......... .......... .......... .......... .......... 13% 2.84M 92s
 37900K .......... .......... .......... .......... .......... 13% 2.90M 92s
 37950K .......... .......... .......... .......... .......... 13% 2.83M 92s
 38000K .......... .......... .......... .......... .......... 13% 2.39M 92s
 38050K .......... .......... .......... .......... .......... 13% 2.78M 92s
 38100K .......... .......... .......... .......... .......... 13% 2.84M 92s
 38150K .......... .......... .......... .......... .......... 13% 2.87M 92s
 38200K .......... .......... .......... .......... .......... 13% 2.46M 92s
 38250K .......... .......... .......... .......... .......... 13% 2.74M 92s
 38300K .......... .......... .......... .......... .......... 13% 2.79M 92s
 38350K .......... .......... .......... .......... .......... 13% 2.77M 91s
 38400K .......... .......... .......... .......... .......... 13% 2.43M 91s
 38450K .......... .......... .......... .......... .......... 13% 2.66M 91s
 38500K .......... .......... .......... .......... .......... 13% 2.48M 91s
 38550K .......... .......... .......... .......... .......... 13% 2.33M 91s
 38600K .......... .......... .......... .......... .......... 13% 2.43M 91s
 38650K .......... .......... .......... .......... .......... 13% 2.69M 91s
 38700K .......... .......... .......... .......... .......... 13% 2.74M 91s
 38750K .......... .......... .......... .......... .......... 13% 2.86M 91s
 38800K .......... .......... .......... .......... .......... 13% 2.37M 91s
 38850K .......... .......... .......... .......... .......... 14% 2.56M 91s
 38900K .......... .......... .......... .......... .......... 14% 2.61M 91s
 38950K .......... .......... .......... .......... .......... 14% 2.65M 91s
 39000K .......... .......... .......... .......... .......... 14% 2.33M 91s
 39050K .......... .......... .......... .......... .......... 14% 2.77M 91s
 39100K .......... .......... .......... .......... .......... 14% 2.71M 91s
 39150K .......... .......... .......... .......... .......... 14% 2.63M 91s
 39200K .......... .......... .......... .......... .......... 14% 2.37M 91s
 39250K .......... .......... .......... .......... .......... 14% 2.74M 91s
 39300K .......... .......... .......... .......... .......... 14% 2.73M 91s
 39350K .......... .......... .......... .......... .......... 14% 2.81M 91s
 39400K .......... .......... .......... .......... .......... 14% 2.53M 91s
 39450K .......... .......... .......... .......... .......... 14% 2.88M 91s
 39500K .......... .......... .......... .......... .......... 14% 2.85M 91s
 39550K .......... .......... .......... .......... .......... 14% 2.84M 91s
 39600K .......... .......... .......... .......... .......... 14% 2.43M 91s
 39650K .......... .......... .......... .......... .......... 14% 2.75M 91s
 39700K .......... .......... .......... .......... .......... 14% 2.58M 91s
 39750K .......... .......... .......... .......... .......... 14% 2.86M 91s
 39800K .......... .......... .......... .......... .......... 14% 2.84M 91s
 39850K .......... .......... .......... .......... .......... 14% 2.81M 91s
 39900K .......... .......... .......... .......... .......... 14% 2.59M 91s
 39950K .......... .......... .......... .......... .......... 14% 2.74M 91s
 40000K .......... .......... .......... .......... .......... 14% 2.48M 91s
 40050K .......... .......... .......... .......... .......... 14% 2.83M 91s
 40100K .......... .......... .......... .......... .......... 14% 2.71M 91s
 40150K .......... .......... .......... .......... .......... 14% 2.35M 91s
 40200K .......... .......... .......... .......... .......... 14% 2.77M 91s
 40250K .......... .......... .......... .......... .......... 14% 2.89M 91s
 40300K .......... .......... .......... .......... .......... 14% 2.88M 91s
 40350K .......... .......... .......... .......... .......... 14% 2.55M 91s
 40400K .......... .......... .......... .......... .......... 14% 2.84M 91s
 40450K .......... .......... .......... .......... .......... 14% 2.85M 91s
 40500K .......... .......... .......... .......... .......... 14% 2.53M 91s
 40550K .......... .......... .......... .......... .......... 14% 2.79M 90s
 40600K .......... .......... .......... .......... .......... 14% 2.83M 90s
 40650K .......... .......... .......... .......... .......... 14% 2.79M 90s
 40700K .......... .......... .......... .......... .......... 14% 2.31M 90s
 40750K .......... .......... .......... .......... .......... 14% 2.71M 90s
 40800K .......... .......... .......... .......... .......... 14% 2.75M 90s
 40850K .......... .......... .......... .......... .......... 14% 2.69M 90s
 40900K .......... .......... .......... .......... .......... 14% 2.37M 90s
 40950K .......... .......... .......... .......... .......... 14% 3.02M 90s
 41000K .......... .......... .......... .......... .......... 14% 2.45M 90s
 41050K .......... .......... .......... .......... .......... 14% 2.70M 90s
 41100K .......... .......... .......... .......... .......... 14% 2.75M 90s
 41150K .......... .......... .......... .......... .......... 14% 2.92M 90s
 41200K .......... .......... .......... .......... .......... 14% 2.52M 90s
 41250K .......... .......... .......... .......... .......... 14% 2.78M 90s
 41300K .......... .......... .......... .......... .......... 14% 2.78M 90s
 41350K .......... .......... .......... .......... .......... 14% 2.84M 90s
 41400K .......... .......... .......... .......... .......... 14% 2.35M 90s
 41450K .......... .......... .......... .......... .......... 14% 2.75M 90s
 41500K .......... .......... .......... .......... .......... 14% 2.81M 90s
 41550K .......... .......... .......... .......... .......... 14% 2.79M 90s
 41600K .......... .......... .......... .......... .......... 15% 2.39M 90s
 41650K .......... .......... .......... .......... .......... 15% 2.70M 90s
 41700K .......... .......... .......... .......... .......... 15% 2.79M 90s
 41750K .......... .......... .......... .......... .......... 15% 2.74M 90s
 41800K .......... .......... .......... .......... .......... 15% 2.33M 90s
 41850K .......... .......... .......... .......... .......... 15% 2.76M 90s
 41900K .......... .......... .......... .......... .......... 15% 2.52M 90s
 41950K .......... .......... .......... .......... .......... 15% 2.73M 90s
 42000K .......... .......... .......... .......... .......... 15% 2.61M 90s
 42050K .......... .......... .......... .......... .......... 15% 2.71M 90s
 42100K .......... .......... .......... .......... .......... 15% 2.86M 90s
 42150K .......... .......... .......... .......... .......... 15% 2.48M 90s
 42200K .......... .......... .......... .......... .......... 15% 2.69M 90s
 42250K .......... .......... .......... .......... .......... 15% 2.67M 90s
 42300K .......... .......... .......... .......... .......... 15% 2.75M 90s
 42350K .......... .......... .......... .......... .......... 15% 2.25M 90s
 42400K .......... .......... .......... .......... .......... 15% 2.72M 90s
 42450K .......... .......... .......... .......... .......... 15% 2.77M 90s
 42500K .......... .......... .......... .......... .......... 15% 2.76M 90s
 42550K .......... .......... .......... .......... .......... 15% 2.40M 90s
 42600K .......... .......... .......... .......... .......... 15% 2.73M 90s
 42650K .......... .......... .......... .......... .......... 15% 2.74M 90s
 42700K .......... .......... .......... .......... .......... 15% 2.54M 89s
 42750K .......... .......... .......... .......... .......... 15% 2.79M 89s
 42800K .......... .......... .......... .......... .......... 15% 2.67M 89s
 42850K .......... .......... .......... .......... .......... 15% 2.31M 89s
 42900K .......... .......... .......... .......... .......... 15% 2.70M 89s
 42950K .......... .......... .......... .......... .......... 15% 2.73M 89s
 43000K .......... .......... .......... .......... .......... 15% 2.42M 89s
 43050K .......... .......... .......... .......... .......... 15% 2.72M 89s
 43100K .......... .......... .......... .......... .......... 15% 2.79M 89s
 43150K .......... .......... .......... .......... .......... 15% 2.74M 89s
 43200K .......... .......... .......... .......... .......... 15% 2.45M 89s
 43250K .......... .......... .......... .......... .......... 15% 2.81M 89s
 43300K .......... .......... .......... .......... .......... 15% 2.76M 89s
 43350K .......... .......... .......... .......... .......... 15% 2.79M 89s
 43400K .......... .......... .......... .......... .......... 15% 2.30M 89s
 43450K .......... .......... .......... .......... .......... 15% 2.59M 89s
 43500K .......... .......... .......... .......... .......... 15% 2.69M 89s
 43550K .......... .......... .......... .......... .......... 15% 2.78M 89s
 43600K .......... .......... .......... .......... .......... 15% 2.44M 89s
 43650K .......... .......... .......... .......... .......... 15% 2.91M 89s
 43700K .......... .......... .......... .......... .......... 15% 2.88M 89s
 43750K .......... .......... .......... .......... .......... 15% 2.86M 89s
 43800K .......... .......... .......... .......... .......... 15% 2.46M 89s
 43850K .......... .......... .......... .......... .......... 15% 2.84M 89s
 43900K .......... .......... .......... .......... .......... 15% 2.75M 89s
 43950K .......... .......... .......... .......... .......... 15% 2.77M 89s
 44000K .......... .......... .......... .......... .......... 15% 2.48M 89s
 44050K .......... .......... .......... .......... .......... 15% 2.68M 89s
 44100K .......... .......... .......... .......... .......... 15% 2.67M 89s
 44150K .......... .......... .......... .......... .......... 15% 2.71M 89s
 44200K .......... .......... .......... .......... .......... 15% 2.34M 89s
 44250K .......... .......... .......... .......... .......... 15% 2.66M 89s
 44300K .......... .......... .......... .......... .......... 15% 2.74M 89s
 44350K .......... .......... .......... .......... .......... 15% 2.58M 89s
 44400K .......... .......... .......... .......... .......... 16% 2.36M 89s
 44450K .......... .......... .......... .......... .......... 16% 2.57M 89s
 44500K .......... .......... .......... .......... .......... 16% 2.40M 89s
 44550K .......... .......... .......... .......... .......... 16% 2.23M 89s
 44600K .......... .......... .......... .......... .......... 16% 2.66M 89s
 44650K .......... .......... .......... .......... .......... 16% 2.74M 89s
 44700K .......... .......... .......... .......... .......... 16% 2.68M 89s
 44750K .......... .......... .......... .......... .......... 16% 2.42M 89s
 44800K .......... .......... .......... .......... .......... 16% 2.61M 89s
 44850K .......... .......... .......... .......... .......... 16% 2.74M 89s
 44900K .......... .......... .......... .......... .......... 16% 2.82M 89s
 44950K .......... .......... .......... .......... .......... 16% 2.75M 89s
 45000K .......... .......... .......... .......... .......... 16% 2.40M 89s
 45050K .......... .......... .......... .......... .......... 16% 2.75M 88s
 45100K .......... .......... .......... .......... .......... 16% 2.86M 88s
 45150K .......... .......... .......... .......... .......... 16% 2.78M 88s
 45200K .......... .......... .......... .......... .......... 16% 2.43M 88s
 45250K .......... .......... .......... .......... .......... 16% 2.77M 88s
 45300K .......... .......... .......... .......... .......... 16% 2.73M 88s
 45350K .......... .......... .......... .......... .......... 16% 2.65M 88s
 45400K .......... .......... .......... .......... .......... 16% 2.32M 88s
 45450K .......... .......... .......... .......... .......... 16% 2.71M 88s
 45500K .......... .......... .......... .......... .......... 16% 2.73M 88s
 45550K .......... .......... .......... .......... .......... 16% 2.54M 88s
 45600K .......... .......... .......... .......... .......... 16% 2.28M 88s
 45650K .......... .......... .......... .......... .......... 16% 2.62M 88s
 45700K .......... .......... .......... .......... .......... 16% 2.72M 88s
 45750K .......... .......... .......... .......... .......... 16% 2.80M 88s
 45800K .......... .......... .......... .......... .......... 16% 2.52M 88s
 45850K .......... .......... .......... .......... .......... 16% 2.86M 88s
 45900K .......... .......... .......... .......... .......... 16% 2.85M 88s
 45950K .......... .......... .......... .......... .......... 16% 2.80M 88s
 46000K .......... .......... .......... .......... .......... 16% 2.39M 88s
 46050K .......... .......... .......... .......... .......... 16% 2.77M 88s
 46100K .......... .......... .......... .......... .......... 16% 2.74M 88s
 46150K .......... .......... .......... .......... .......... 16% 2.81M 88s
 46200K .......... .......... .......... .......... .......... 16% 2.42M 88s
 46250K .......... .......... .......... .......... .......... 16% 2.89M 88s
 46300K .......... .......... .......... .......... .......... 16% 2.84M 88s
 46350K .......... .......... .......... .......... .......... 16% 2.91M 88s
 46400K .......... .......... .......... .......... .......... 16% 2.58M 88s
 46450K .......... .......... .......... .......... .......... 16% 2.86M 88s
 46500K .......... .......... .......... .......... .......... 16% 2.73M 88s
 46550K .......... .......... .......... .......... .......... 16% 2.62M 88s
 46600K .......... .......... .......... .......... .......... 16% 2.28M 88s
 46650K .......... .......... .......... .......... .......... 16% 2.78M 88s
 46700K .......... .......... .......... .......... .......... 16% 2.81M 88s
 46750K .......... .......... .......... .......... .......... 16% 2.70M 88s
 46800K .......... .......... .......... .......... .......... 16% 2.38M 88s
 46850K .......... .......... .......... .......... .......... 16% 2.69M 88s
 46900K .......... .......... .......... .......... .......... 16% 2.75M 88s
 46950K .......... .......... .......... .......... .......... 16% 2.94M 88s
 47000K .......... .......... .......... .......... .......... 16% 2.72M 88s
 47050K .......... .......... .......... .......... .......... 16% 2.54M 88s
 47100K .......... .......... .......... .......... .......... 16% 3.01M 88s
 47150K .......... .......... .......... .......... .......... 17% 2.74M 88s
 47200K .......... .......... .......... .......... .......... 17% 2.41M 88s
 47250K .......... .......... .......... .......... .......... 17% 2.79M 87s
 47300K .......... .......... .......... .......... .......... 17% 2.88M 87s
 47350K .......... .......... .......... .......... .......... 17% 2.80M 87s
 47400K .......... .......... .......... .......... .......... 17% 2.45M 87s
 47450K .......... .......... .......... .......... .......... 17% 2.74M 87s
 47500K .......... .......... .......... .......... .......... 17% 2.78M 87s
 47550K .......... .......... .......... .......... .......... 17% 2.80M 87s
 47600K .......... .......... .......... .......... .......... 17% 2.42M 87s
 47650K .......... .......... .......... .......... .......... 17% 2.81M 87s
 47700K .......... .......... .......... .......... .......... 17% 2.78M 87s
 47750K .......... .......... .......... .......... .......... 17% 2.76M 87s
 47800K .......... .......... .......... .......... .......... 17% 2.46M 87s
 47850K .......... .......... .......... .......... .......... 17% 2.85M 87s
 47900K .......... .......... .......... .......... .......... 17% 2.47M 87s
 47950K .......... .......... .......... .......... .......... 17% 2.80M 87s
 48000K .......... .......... .......... .......... .......... 17% 2.50M 87s
 48050K .......... .......... .......... .......... .......... 17% 2.79M 87s
 48100K .......... .......... .......... .......... .......... 17% 2.47M 87s
 48150K .......... .......... .......... .......... .......... 17% 2.88M 87s
 48200K .......... .......... .......... .......... .......... 17% 2.73M 87s
 48250K .......... .......... .......... .......... .......... 17% 2.72M 87s
 48300K .......... .......... .......... .......... .......... 17% 2.26M 87s
 48350K .......... .......... .......... .......... .......... 17% 2.77M 87s
 48400K .......... .......... .......... .......... .......... 17% 2.38M 87s
 48450K .......... .......... .......... .......... .......... 17% 2.80M 87s
 48500K .......... .......... .......... .......... .......... 17% 2.77M 87s
 48550K .......... .......... .......... .......... .......... 17% 2.75M 87s
 48600K .......... .......... .......... .......... .......... 17% 2.44M 87s
 48650K .......... .......... .......... .......... .......... 17% 2.81M 87s
 48700K .......... .......... .......... .......... .......... 17% 2.79M 87s
 48750K .......... .......... .......... .......... .......... 17% 2.79M 87s
 48800K .......... .......... .......... .......... .......... 17% 2.36M 87s
 48850K .......... .......... .......... .......... .......... 17% 2.57M 87s
 48900K .......... .......... .......... .......... .......... 17% 2.68M 87s
 48950K .......... .......... .......... .......... .......... 17% 2.71M 87s
 49000K .......... .......... .......... .......... .......... 17% 2.44M 87s
 49050K .......... .......... .......... .......... .......... 17% 2.64M 87s
 49100K .......... .......... .......... .......... .......... 17% 2.52M 87s
 49150K .......... .......... .......... .......... .......... 17% 2.95M 87s
 49200K .......... .......... .......... .......... .......... 17% 2.29M 87s
 49250K .......... .......... .......... .......... .......... 17% 2.64M 87s
 49300K .......... .......... .......... .......... .......... 17% 2.78M 87s
 49350K .......... .......... .......... .......... .......... 17% 2.73M 87s
 49400K .......... .......... .......... .......... .......... 17% 2.23M 87s
 49450K .......... .......... .......... .......... .......... 17% 2.67M 87s
 49500K .......... .......... .......... .......... .......... 17% 2.61M 87s
 49550K .......... .......... .......... .......... .......... 17% 2.68M 87s
 49600K .......... .......... .......... .......... .......... 17% 2.43M 86s
 49650K .......... .......... .......... .......... .......... 17% 2.71M 86s
 49700K .......... .......... .......... .......... .......... 17% 2.75M 86s
 49750K .......... .......... .......... .......... .......... 17% 2.37M 86s
 49800K .......... .......... .......... .......... .......... 17% 2.70M 86s
 49850K .......... .......... .......... .......... .......... 17% 2.59M 86s
 49900K .......... .......... .......... .......... .......... 17% 2.76M 86s
 49950K .......... .......... .......... .......... .......... 18% 2.37M 86s
 50000K .......... .......... .......... .......... .......... 18% 2.77M 86s
 50050K .......... .......... .......... .......... .......... 18% 2.79M 86s
 50100K .......... .......... .......... .......... .......... 18% 2.83M 86s
 50150K .......... .......... .......... .......... .......... 18% 2.38M 86s
 50200K .......... .......... .......... .......... .......... 18% 2.78M 86s
 50250K .......... .......... .......... .......... .......... 18% 2.71M 86s
 50300K .......... .......... .......... .......... .......... 18% 2.48M 86s
 50350K .......... .......... .......... .......... .......... 18% 2.39M 86s
 50400K .......... .......... .......... .......... .......... 18% 2.74M 86s
 50450K .......... .......... .......... .......... .......... 18% 2.81M 86s
 50500K .......... .......... .......... .......... .......... 18% 2.83M 86s
 50550K .......... .......... .......... .......... .......... 18% 2.38M 86s
 50600K .......... .......... .......... .......... .......... 18% 2.81M 86s
 50650K .......... .......... .......... .......... .......... 18% 2.73M 86s
 50700K .......... .......... .......... .......... .......... 18% 2.71M 86s
 50750K .......... .......... .......... .......... .......... 18% 2.45M 86s
 50800K .......... .......... .......... .......... .......... 18% 2.76M 86s
 50850K .......... .......... .......... .......... .......... 18% 2.89M 86s
 50900K .......... .......... .......... .......... .......... 18% 2.76M 86s
 50950K .......... .......... .......... .......... .......... 18% 2.39M 86s
 51000K .......... .......... .......... .......... .......... 18% 2.78M 86s
 51050K .......... .......... .......... .......... .......... 18% 2.68M 86s
 51100K .......... .......... .......... .......... .......... 18% 2.76M 86s
 51150K .......... .......... .......... .......... .......... 18% 2.32M 86s
 51200K .......... .......... .......... .......... .......... 18% 2.78M 86s
 51250K .......... .......... .......... .......... .......... 18% 2.79M 86s
 51300K .......... .......... .......... .......... .......... 18% 2.65M 86s
 51350K .......... .......... .......... .......... .......... 18% 2.42M 86s
 51400K .......... .......... .......... .......... .......... 18% 2.77M 86s
 51450K .......... .......... .......... .......... .......... 18% 2.79M 86s
 51500K .......... .......... .......... .......... .......... 18% 2.79M 86s
 51550K .......... .......... .......... .......... .......... 18% 2.39M 86s
 51600K .......... .......... .......... .......... .......... 18% 2.74M 86s
 51650K .......... .......... .......... .......... .......... 18% 2.81M 86s
 51700K .......... .......... .......... .......... .......... 18% 2.69M 86s
 51750K .......... .......... .......... .......... .......... 18% 2.47M 86s
 51800K .......... .......... .......... .......... .......... 18% 2.64M 86s
 51850K .......... .......... .......... .......... .......... 18% 2.36M 86s
 51900K .......... .......... .......... .......... .......... 18% 2.67M 86s
 51950K .......... .......... .......... .......... .......... 18% 2.82M 86s
 52000K .......... .......... .......... .......... .......... 18% 2.78M 85s
 52050K .......... .......... .......... .......... .......... 18% 2.43M 85s
 52100K .......... .......... .......... .......... .......... 18% 2.68M 85s
 52150K .......... .......... .......... .......... .......... 18% 2.69M 85s
 52200K .......... .......... .......... .......... .......... 18% 2.49M 85s
 52250K .......... .......... .......... .......... .......... 18% 2.29M 85s
 52300K .......... .......... .......... .......... .......... 18% 2.67M 85s
 52350K .......... .......... .......... .......... .......... 18% 2.77M 85s
 52400K .......... .......... .......... .......... .......... 18% 2.77M 85s
 52450K .......... .......... .......... .......... .......... 18% 2.33M 85s
 52500K .......... .......... .......... .......... .......... 18% 2.63M 85s
 52550K .......... .......... .......... .......... .......... 18% 2.67M 85s
 52600K .......... .......... .......... .......... .......... 18% 2.74M 85s
 52650K .......... .......... .......... .......... .......... 18% 2.34M 85s
 52700K .......... .......... .......... .......... .......... 19% 2.75M 85s
 52750K .......... .......... .......... .......... .......... 19% 2.73M 85s
 52800K .......... .......... .......... .......... .......... 19% 2.61M 85s
 52850K .......... .......... .......... .......... .......... 19% 2.24M 85s
 52900K .......... .......... .......... .......... .......... 19% 2.71M 85s
 52950K .......... .......... .......... .......... .......... 19% 2.73M 85s
 53000K .......... .......... .......... .......... .......... 19% 2.67M 85s
 53050K .......... .......... .......... .......... .......... 19% 2.28M 85s
 53100K .......... .......... .......... .......... .......... 19% 2.75M 85s
 53150K .......... .......... .......... .......... .......... 19% 2.81M 85s
 53200K .......... .......... .......... .......... .......... 19% 2.64M 85s
 53250K .......... .......... .......... .......... .......... 19% 2.39M 85s
 53300K .......... .......... .......... .......... .......... 19% 2.98M 85s
 53350K .......... .......... .......... .......... .......... 19% 2.32M 85s
 53400K .......... .......... .......... .......... .......... 19% 2.46M 85s
 53450K .......... .......... .......... .......... .......... 19% 2.80M 85s
 53500K .......... .......... .......... .......... .......... 19% 2.79M 85s
 53550K .......... .......... .......... .......... .......... 19% 2.37M 85s
 53600K .......... .......... .......... .......... .......... 19% 2.56M 85s
 53650K .......... .......... .......... .......... .......... 19% 2.67M 85s
 53700K .......... .......... .......... .......... .......... 19% 2.67M 85s
 53750K .......... .......... .......... .......... .......... 19% 2.44M 85s
 53800K .......... .......... .......... .......... .......... 19% 2.80M 85s
 53850K .......... .......... .......... .......... .......... 19% 2.82M 85s
 53900K .......... .......... .......... .......... .......... 19% 2.68M 85s
 53950K .......... .......... .......... .......... .......... 19% 2.36M 85s
 54000K .......... .......... .......... .......... .......... 19% 2.81M 85s
 54050K .......... .......... .......... .......... .......... 19% 2.77M 85s
 54100K .......... .......... .......... .......... .......... 19% 2.68M 85s
 54150K .......... .......... .......... .......... .......... 19% 2.39M 85s
 54200K .......... .......... .......... .......... .......... 19% 2.82M 85s
 54250K .......... .......... .......... .......... .......... 19% 2.77M 85s
 54300K .......... .......... .......... .......... .......... 19% 2.77M 85s
 54350K .......... .......... .......... .......... .......... 19% 2.75M 85s
 54400K .......... .......... .......... .......... .......... 19% 2.37M 85s
 54450K .......... .......... .......... .......... .......... 19% 2.70M 85s
 54500K .......... .......... .......... .......... .......... 19% 2.79M 84s
 54550K .......... .......... .......... .......... .......... 19% 2.75M 84s
 54600K .......... .......... .......... .......... .......... 19% 2.44M 84s
 54650K .......... .......... .......... .......... .......... 19% 2.95M 84s
 54700K .......... .......... .......... .......... .......... 19% 2.72M 84s
 54750K .......... .......... .......... .......... .......... 19% 2.39M 84s
 54800K .......... .......... .......... .......... .......... 19% 2.80M 84s
 54850K .......... .......... .......... .......... .......... 19% 2.65M 84s
 54900K .......... .......... .......... .......... .......... 19% 2.53M 84s
 54950K .......... .......... .......... .......... .......... 19% 2.68M 84s
 55000K .......... .......... .......... .......... .......... 19% 2.68M 84s
 55050K .......... .......... .......... .......... .......... 19% 2.32M 84s
 55100K .......... .......... .......... .......... .......... 19% 2.59M 84s
 55150K .......... .......... .......... .......... .......... 19% 2.52M 84s
 55200K .......... .......... .......... .......... .......... 19% 2.69M 84s
 55250K .......... .......... .......... .......... .......... 19% 2.30M 84s
 55300K .......... .......... .......... .......... .......... 19% 2.90M 84s
 55350K .......... .......... .......... .......... .......... 19% 2.39M 84s
 55400K .......... .......... .......... .......... .......... 19% 2.78M 84s
 55450K .......... .......... .......... .......... .......... 19% 2.65M 84s
 55500K .......... .......... .......... .......... .......... 20% 2.72M 84s
 55550K .......... .......... .......... .......... .......... 20% 2.16M 84s
 55600K .......... .......... .......... .......... .......... 20% 2.71M 84s
 55650K .......... .......... .......... .......... .......... 20% 2.74M 84s
 55700K .......... .......... .......... .......... .......... 20% 2.67M 84s
 55750K .......... .......... .......... .......... .......... 20% 2.46M 84s
 55800K .......... .......... .......... .......... .......... 20% 2.62M 84s
 55850K .......... .......... .......... .......... .......... 20% 2.77M 84s
 55900K .......... .......... .......... .......... .......... 20% 2.69M 84s
 55950K .......... .......... .......... .......... .......... 20% 2.38M 84s
 56000K .......... .......... .......... .......... .......... 20% 2.68M 84s
 56050K .......... .......... .......... .......... .......... 20% 2.62M 84s
 56100K .......... .......... .......... .......... .......... 20% 2.70M 84s
 56150K .......... .......... .......... .......... .......... 20% 2.30M 84s
 56200K .......... .......... .......... .......... .......... 20% 2.67M 84s
 56250K .......... .......... .......... .......... .......... 20% 2.76M 84s
 56300K .......... .......... .......... .......... .......... 20% 2.73M 84s
 56350K .......... .......... .......... .......... .......... 20% 2.41M 84s
 56400K .......... .......... .......... .......... .......... 20% 2.72M 84s
 56450K .......... .......... .......... .......... .......... 20% 2.73M 84s
 56500K .......... .......... .......... .......... .......... 20% 2.77M 84s
 56550K .......... .......... .......... .......... .......... 20% 2.42M 84s
 56600K .......... .......... .......... .......... .......... 20% 2.77M 84s
 56650K .......... .......... .......... .......... .......... 20% 2.68M 84s
 56700K .......... .......... .......... .......... .......... 20% 2.72M 84s
 56750K .......... .......... .......... .......... .......... 20% 2.41M 84s
 56800K .......... .......... .......... .......... .......... 20% 2.65M 84s
 56850K .......... .......... .......... .......... .......... 20% 2.87M 84s
 56900K .......... .......... .......... .......... .......... 20% 2.50M 84s
 56950K .......... .......... .......... .......... .......... 20% 2.68M 84s
 57000K .......... .......... .......... .......... .......... 20% 2.28M 83s
 57050K .......... .......... .......... .......... .......... 20% 2.65M 83s
 57100K .......... .......... .......... .......... .......... 20% 2.75M 83s
 57150K .......... .......... .......... .......... .......... 20% 2.70M 83s
 57200K .......... .......... .......... .......... .......... 20% 2.29M 83s
 57250K .......... .......... .......... .......... .......... 20% 2.57M 83s
 57300K .......... .......... .......... .......... .......... 20% 2.76M 83s
 57350K .......... .......... .......... .......... .......... 20% 2.44M 83s
 57400K .......... .......... .......... .......... .......... 20% 2.68M 83s
 57450K .......... .......... .......... .......... .......... 20% 2.63M 83s
 57500K .......... .......... .......... .......... .......... 20% 2.71M 83s
 57550K .......... .......... .......... .......... .......... 20% 2.33M 83s
 57600K .......... .......... .......... .......... .......... 20% 2.80M 83s
 57650K .......... .......... .......... .......... .......... 20% 2.77M 83s
 57700K .......... .......... .......... .......... .......... 20% 2.70M 83s
 57750K .......... .......... .......... .......... .......... 20% 2.67M 83s
 57800K .......... .......... .......... .......... .......... 20% 2.29M 83s
 57850K .......... .......... .......... .......... .......... 20% 2.63M 83s
 57900K .......... .......... .......... .......... .......... 20% 2.66M 83s
 57950K .......... .......... .......... .......... .......... 20% 2.65M 83s
 58000K .......... .......... .......... .......... .......... 20% 2.77M 83s
 58050K .......... .......... .......... .......... .......... 20% 2.40M 83s
 58100K .......... .......... .......... .......... .......... 20% 2.59M 83s
 58150K .......... .......... .......... .......... .......... 20% 2.74M 83s
 58200K .......... .......... .......... .......... .......... 20% 2.45M 83s
 58250K .......... .......... .......... .......... .......... 21% 2.67M 83s
 58300K .......... .......... .......... .......... .......... 21% 2.73M 83s
 58350K .......... .......... .......... .......... .......... 21% 2.74M 83s
 58400K .......... .......... .......... .......... .......... 21% 2.32M 83s
 58450K .......... .......... .......... .......... .......... 21% 2.63M 83s
 58500K .......... .......... .......... .......... .......... 21% 2.64M 83s
 58550K .......... .......... .......... .......... .......... 21% 2.78M 83s
 58600K .......... .......... .......... .......... .......... 21% 2.36M 83s
 58650K .......... .......... .......... .......... .......... 21% 2.75M 83s
 58700K .......... .......... .......... .......... .......... 21% 2.63M 83s
 58750K .......... .......... .......... .......... .......... 21% 2.81M 83s
 58800K .......... .......... .......... .......... .......... 21% 2.41M 83s
 58850K .......... .......... .......... .......... .......... 21% 2.70M 83s
 58900K .......... .......... .......... .......... .......... 21% 2.68M 83s
 58950K .......... .......... .......... .......... .......... 21% 2.69M 83s
 59000K .......... .......... .......... .......... .......... 21% 2.14M 83s
 59050K .......... .......... .......... .......... .......... 21% 2.58M 83s
 59100K .......... .......... .......... .......... .......... 21% 2.82M 83s
 59150K .......... .......... .......... .......... .......... 21% 2.64M 83s
 59200K .......... .......... .......... .......... .......... 21% 2.67M 83s
 59250K .......... .......... .......... .......... .......... 21% 2.73M 83s
 59300K .......... .......... .......... .......... .......... 21% 2.40M 83s
 59350K .......... .......... .......... .......... .......... 21% 3.02M 83s
 59400K .......... .......... .......... .......... .......... 21% 2.36M 83s
 59450K .......... .......... .......... .......... .......... 21% 2.72M 83s
 59500K .......... .......... .......... .......... .......... 21% 2.62M 83s
 59550K .......... .......... .......... .......... .......... 21% 2.28M 83s
 59600K .......... .......... .......... .......... .......... 21% 2.55M 82s
 59650K .......... .......... .......... .......... .......... 21% 2.73M 82s
 59700K .......... .......... .......... .......... .......... 21% 2.70M 82s
 59750K .......... .......... .......... .......... .......... 21% 2.40M 82s
 59800K .......... .......... .......... .......... .......... 21% 2.70M 82s
 59850K .......... .......... .......... .......... .......... 21% 2.73M 82s
 59900K .......... .......... .......... .......... .......... 21% 2.70M 82s
 59950K .......... .......... .......... .......... .......... 21% 2.62M 82s
 60000K .......... .......... .......... .......... .......... 21% 2.35M 82s
 60050K .......... .......... .......... .......... .......... 21% 2.70M 82s
 60100K .......... .......... .......... .......... .......... 21% 2.68M 82s
 60150K .......... .......... .......... .......... .......... 21% 2.66M 82s
 60200K .......... .......... .......... .......... .......... 21% 2.36M 82s
 60250K .......... .......... .......... .......... .......... 21% 2.82M 82s
 60300K .......... .......... .......... .......... .......... 21% 2.66M 82s
 60350K .......... .......... .......... .......... .......... 21% 2.46M 82s
 60400K .......... .......... .......... .......... .......... 21% 2.30M 82s
 60450K .......... .......... .......... .......... .......... 21% 2.71M 82s
 60500K .......... .......... .......... .......... .......... 21% 2.69M 82s
 60550K .......... .......... .......... .......... .......... 21% 2.61M 82s
 60600K .......... .......... .......... .......... .......... 21% 2.42M 82s
 60650K .......... .......... .......... .......... .......... 21% 2.79M 82s
 60700K .......... .......... .......... .......... .......... 21% 2.71M 82s
 60750K .......... .......... .......... .......... .......... 21% 2.58M 82s
 60800K .......... .......... .......... .......... .......... 21% 2.33M 82s
 60850K .......... .......... .......... .......... .......... 21% 2.72M 82s
 60900K .......... .......... .......... .......... .......... 21% 2.63M 82s
 60950K .......... .......... .......... .......... .......... 21% 2.44M 82s
 61000K .......... .......... .......... .......... .......... 21% 2.73M 82s
 61050K .......... .......... .......... .......... .......... 22% 2.69M 82s
 61100K .......... .......... .......... .......... .......... 22% 2.72M 82s
 61150K .......... .......... .......... .......... .......... 22% 2.29M 82s
 61200K .......... .......... .......... .......... .......... 22% 2.72M 82s
 61250K .......... .......... .......... .......... .......... 22% 2.55M 82s
 61300K .......... .......... .......... .......... .......... 22% 2.60M 82s
 61350K .......... .......... .......... .......... .......... 22% 2.41M 82s
 61400K .......... .......... .......... .......... .......... 22% 2.60M 82s
 61450K .......... .......... .......... .......... .......... 22% 2.71M 82s
 61500K .......... .......... .......... .......... .......... 22% 2.71M 82s
 61550K .......... .......... .......... .......... .......... 22% 2.67M 82s
 61600K .......... .......... .......... .......... .......... 22% 2.33M 82s
 61650K .......... .......... .......... .......... .......... 22% 2.59M 82s
 61700K .......... .......... .......... .......... .......... 22% 2.65M 82s
 61750K .......... .......... .......... .......... .......... 22% 2.58M 82s
 61800K .......... .......... .......... .......... .......... 22% 2.28M 82s
 61850K .......... .......... .......... .......... .......... 22% 2.61M 82s
 61900K .......... .......... .......... .......... .......... 22% 2.72M 82s
 61950K .......... .......... .......... .......... .......... 22% 2.53M 82s
 62000K .......... .......... .......... .......... .......... 22% 2.65M 82s
 62050K .......... .......... .......... .......... .......... 22% 2.42M 82s
 62100K .......... .......... .......... .......... .......... 22% 2.76M 82s
 62150K .......... .......... .......... .......... .......... 22% 2.75M 82s
 62200K .......... .......... .......... .......... .......... 22% 2.68M 81s
 62250K .......... .......... .......... .......... .......... 22% 2.35M 81s
 62300K .......... .......... .......... .......... .......... 22% 2.61M 81s
 62350K .......... .......... .......... .......... .......... 22% 2.52M 81s
 62400K .......... .......... .......... .......... .......... 22% 2.67M 81s
 62450K .......... .......... .......... .......... .......... 22% 2.37M 81s
 62500K .......... .......... .......... .......... .......... 22% 2.72M 81s
 62550K .......... .......... .......... .......... .......... 22% 2.83M 81s
 62600K .......... .......... .......... .......... .......... 22% 2.31M 81s
 62650K .......... .......... .......... .......... .......... 22% 2.75M 81s
 62700K .......... .......... .......... .......... .......... 22% 2.73M 81s
 62750K .......... .......... .......... .......... .......... 22% 2.72M 81s
 62800K .......... .......... .......... .......... .......... 22% 2.46M 81s
 62850K .......... .......... .......... .......... .......... 22% 2.79M 81s
 62900K .......... .......... .......... .......... .......... 22% 2.55M 81s
 62950K .......... .......... .......... .......... .......... 22% 2.66M 81s
 63000K .......... .......... .......... .......... .......... 22% 2.35M 81s
 63050K .......... .......... .......... .......... .......... 22% 2.76M 81s
 63100K .......... .......... .......... .......... .......... 22% 2.76M 81s
 63150K .......... .......... .......... .......... .......... 22% 2.40M 81s
 63200K .......... .......... .......... .......... .......... 22% 2.82M 81s
 63250K .......... .......... .......... .......... .......... 22% 2.37M 81s
 63300K .......... .......... .......... .......... .......... 22% 2.50M 81s
 63350K .......... .......... .......... .......... .......... 22% 2.36M 81s
 63400K .......... .......... .......... .......... .......... 22% 2.65M 81s
 63450K .......... .......... .......... .......... .......... 22% 2.57M 81s
 63500K .......... .......... .......... .......... .......... 22% 2.66M 81s
 63550K .......... .......... .......... .......... .......... 22% 2.77M 81s
 63600K .......... .......... .......... .......... .......... 22% 2.37M 81s
 63650K .......... .......... .......... .......... .......... 22% 2.66M 81s
 63700K .......... .......... .......... .......... .......... 22% 2.65M 81s
 63750K .......... .......... .......... .......... .......... 22% 2.63M 81s
 63800K .......... .......... .......... .......... .......... 23% 2.33M 81s
 63850K .......... .......... .......... .......... .......... 23% 2.68M 81s
 63900K .......... .......... .......... .......... .......... 23% 2.81M 81s
 63950K .......... .......... .......... .......... .......... 23% 2.68M 81s
 64000K .......... .......... .......... .......... .......... 23% 2.21M 81s
 64050K .......... .......... .......... .......... .......... 23% 2.66M 81s
 64100K .......... .......... .......... .......... .......... 23% 2.77M 81s
 64150K .......... .......... .......... .......... .......... 23% 2.71M 81s
 64200K .......... .......... .......... .......... .......... 23% 2.40M 81s
 64250K .......... .......... .......... .......... .......... 23% 2.68M 81s
 64300K .......... .......... .......... .......... .......... 23% 2.69M 81s
 64350K .......... .......... .......... .......... .......... 23% 2.71M 81s
 64400K .......... .......... .......... .......... .......... 23% 2.35M 81s
 64450K .......... .......... .......... .......... .......... 23% 2.70M 81s
 64500K .......... .......... .......... .......... .......... 23% 2.58M 81s
 64550K .......... .......... .......... .......... .......... 23% 2.63M 81s
 64600K .......... .......... .......... .......... .......... 23% 2.40M 81s
 64650K .......... .......... .......... .......... .......... 23% 2.78M 81s
 64700K .......... .......... .......... .......... .......... 23% 2.78M 81s
 64750K .......... .......... .......... .......... .......... 23% 2.32M 81s
 64800K .......... .......... .......... .......... .......... 23% 2.71M 80s
 64850K .......... .......... .......... .......... .......... 23% 2.61M 80s
 64900K .......... .......... .......... .......... .......... 23% 2.65M 80s
 64950K .......... .......... .......... .......... .......... 23% 2.37M 80s
 65000K .......... .......... .......... .......... .......... 23% 2.75M 80s
 65050K .......... .......... .......... .......... .......... 23% 2.72M 80s
 65100K .......... .......... .......... .......... .......... 23% 2.62M 80s
 65150K .......... .......... .......... .......... .......... 23% 2.27M 80s
 65200K .......... .......... .......... .......... .......... 23% 2.74M 80s
 65250K .......... .......... .......... .......... .......... 23% 2.62M 80s
 65300K .......... .......... .......... .......... .......... 23% 2.62M 80s
 65350K .......... .......... .......... .......... .......... 23% 2.13M 80s
 65400K .......... .......... .......... .......... .......... 23% 2.37M 80s
 65450K .......... .......... .......... .......... .......... 23% 2.33M 80s
 65500K .......... .......... .......... .......... .......... 23% 2.67M 80s
 65550K .......... .......... .......... .......... .......... 23% 2.34M 80s
 65600K .......... .......... .......... .......... .......... 23% 2.65M 80s
 65650K .......... .......... .......... .......... .......... 23% 2.48M 80s
 65700K .......... .......... .......... .......... .......... 23% 2.71M 80s
 65750K .......... .......... .......... .......... .......... 23% 2.38M 80s
 65800K .......... .......... .......... .......... .......... 23% 2.72M 80s
 65850K .......... .......... .......... .......... .......... 23% 2.66M 80s
 65900K .......... .......... .......... .......... .......... 23% 2.72M 80s
 65950K .......... .......... .......... .......... .......... 23% 2.44M 80s
 66000K .......... .......... .......... .......... .......... 23% 2.72M 80s
 66050K .......... .......... .......... .......... .......... 23% 2.46M 80s
 66100K .......... .......... .......... .......... .......... 23% 2.49M 80s
 66150K .......... .......... .......... .......... .......... 23% 2.21M 80s
 66200K .......... .......... .......... .......... .......... 23% 2.40M 80s
 66250K .......... .......... .......... .......... .......... 23% 2.41M 80s
 66300K .......... .......... .......... .......... .......... 23% 2.50M 80s
 66350K .......... .......... .......... .......... .......... 23% 2.70M 80s
 66400K .......... .......... .......... .......... .......... 23% 2.39M 80s
 66450K .......... .......... .......... .......... .......... 23% 2.58M 80s
 66500K .......... .......... .......... .......... .......... 23% 2.74M 80s
 66550K .......... .......... .......... .......... .......... 23% 2.59M 80s
 66600K .......... .......... .......... .......... .......... 24% 2.74M 80s
 66650K .......... .......... .......... .......... .......... 24% 2.71M 80s
 66700K .......... .......... .......... .......... .......... 24% 2.69M 80s
 66750K .......... .......... .......... .......... .......... 24% 2.40M 80s
 66800K .......... .......... .......... .......... .......... 24% 2.64M 80s
 66850K .......... .......... .......... .......... .......... 24% 2.81M 80s
 66900K .......... .......... .......... .......... .......... 24% 2.76M 80s
 66950K .......... .......... .......... .......... .......... 24% 2.49M 80s
 67000K .......... .......... .......... .......... .......... 24% 1.97M 80s
 67050K .......... .......... .......... .......... .......... 24% 2.75M 80s
 67100K .......... .......... .......... .......... .......... 24% 2.63M 80s
 67150K .......... .......... .......... .......... .......... 24% 2.74M 80s
 67200K .......... .......... .......... .......... .......... 24% 2.39M 80s
 67250K .......... .......... .......... .......... .......... 24% 2.76M 80s
 67300K .......... .......... .......... .......... .......... 24% 2.65M 80s
 67350K .......... .......... .......... .......... .......... 24% 2.67M 80s
 67400K .......... .......... .......... .......... .......... 24% 2.30M 80s
 67450K .......... .......... .......... .......... .......... 24% 2.68M 80s
 67500K .......... .......... .......... .......... .......... 24% 2.69M 80s
 67550K .......... .......... .......... .......... .......... 24% 2.68M 79s
 67600K .......... .......... .......... .......... .......... 24% 2.42M 79s
 67650K .......... .......... .......... .......... .......... 24% 2.80M 79s
 67700K .......... .......... .......... .......... .......... 24% 2.75M 79s
 67750K .......... .......... .......... .......... .......... 24% 2.72M 79s
 67800K .......... .......... .......... .......... .......... 24% 2.35M 79s
 67850K .......... .......... .......... .......... .......... 24% 2.72M 79s
 67900K .......... .......... .......... .......... .......... 24% 2.73M 79s
 67950K .......... .......... .......... .......... .......... 24% 2.84M 79s
 68000K .......... .......... .......... .......... .......... 24% 2.40M 79s
 68050K .......... .......... .......... .......... .......... 24% 2.62M 79s
 68100K .......... .......... .......... .......... .......... 24% 2.61M 79s
 68150K .......... .......... .......... .......... .......... 24% 2.65M 79s
 68200K .......... .......... .......... .......... .......... 24% 2.40M 79s
 68250K .......... .......... .......... .......... .......... 24% 2.72M 79s
 68300K .......... .......... .......... .......... .......... 24% 2.73M 79s
 68350K .......... .......... .......... .......... .......... 24% 2.63M 79s
 68400K .......... .......... .......... .......... .......... 24% 2.33M 79s
 68450K .......... .......... .......... .......... .......... 24% 2.67M 79s
 68500K .......... .......... .......... .......... .......... 24% 2.72M 79s
 68550K .......... .......... .......... .......... .......... 24% 2.63M 79s
 68600K .......... .......... .......... .......... .......... 24% 2.39M 79s
 68650K .......... .......... .......... .......... .......... 24% 2.79M 79s
 68700K .......... .......... .......... .......... .......... 24% 2.71M 79s
 68750K .......... .......... .......... .......... .......... 24% 2.70M 79s
 68800K .......... .......... .......... .......... .......... 24% 2.37M 79s
 68850K .......... .......... .......... .......... .......... 24% 2.75M 79s
 68900K .......... .......... .......... .......... .......... 24% 2.59M 79s
 68950K .......... .......... .......... .......... .......... 24% 2.66M 79s
 69000K .......... .......... .......... .......... .......... 24% 2.35M 79s
 69050K .......... .......... .......... .......... .......... 24% 2.82M 79s
 69100K .......... .......... .......... .......... .......... 24% 2.78M 79s
 69150K .......... .......... .......... .......... .......... 24% 2.70M 79s
 69200K .......... .......... .......... .......... .......... 24% 2.39M 79s
 69250K .......... .......... .......... .......... .......... 24% 2.76M 79s
 69300K .......... .......... .......... .......... .......... 24% 2.58M 79s
 69350K .......... .......... .......... .......... .......... 25% 2.64M 79s
 69400K .......... .......... .......... .......... .......... 25% 2.36M 79s
 69450K .......... .......... .......... .......... .......... 25% 2.71M 79s
 69500K .......... .......... .......... .......... .......... 25% 2.75M 79s
 69550K .......... .......... .......... .......... .......... 25% 2.76M 79s
 69600K .......... .......... .......... .......... .......... 25% 2.39M 79s
 69650K .......... .......... .......... .......... .......... 25% 2.69M 79s
 69700K .......... .......... .......... .......... .......... 25% 2.74M 79s
 69750K .......... .......... .......... .......... .......... 25% 2.39M 79s
 69800K .......... .......... .......... .......... .......... 25% 2.78M 79s
 69850K .......... .......... .......... .......... .......... 25% 2.76M 79s
 69900K .......... .......... .......... .......... .......... 25% 2.69M 79s
 69950K .......... .......... .......... .......... .......... 25% 2.26M 79s
 70000K .......... .......... .......... .......... .......... 25% 2.49M 79s
 70050K .......... .......... .......... .......... .......... 25% 2.68M 79s
 70100K .......... .......... .......... .......... .......... 25% 2.73M 78s
 70150K .......... .......... .......... .......... .......... 25% 2.64M 78s
 70200K .......... .......... .......... .......... .......... 25% 2.42M 78s
 70250K .......... .......... .......... .......... .......... 25% 2.72M 78s
 70300K .......... .......... .......... .......... .......... 25% 2.73M 78s
 70350K .......... .......... .......... .......... .......... 25% 2.72M 78s
 70400K .......... .......... .......... .......... .......... 25% 2.34M 78s
 70450K .......... .......... .......... .......... .......... 25% 2.69M 78s
 70500K .......... .......... .......... .......... .......... 25% 2.69M 78s
 70550K .......... .......... .......... .......... .......... 25% 2.56M 78s
 70600K .......... .......... .......... .......... .......... 25% 2.76M 78s
 70650K .......... .......... .......... .......... .......... 25% 2.38M 78s
 70700K .......... .......... .......... .......... .......... 25% 2.72M 78s
 70750K .......... .......... .......... .......... .......... 25% 2.68M 78s
 70800K .......... .......... .......... .......... .......... 25% 2.78M 78s
 70850K .......... .......... .......... .......... .......... 25% 2.43M 78s
 70900K .......... .......... .......... .......... .......... 25% 2.48M 78s
 70950K .......... .......... .......... .......... .......... 25% 2.72M 78s
 71000K .......... .......... .......... .......... .......... 25% 2.72M 78s
 71050K .......... .......... .......... .......... .......... 25% 2.33M 78s
 71100K .......... .......... .......... .......... .......... 25% 2.63M 78s
 71150K .......... .......... .......... .......... .......... 25% 2.71M 78s
 71200K .......... .......... .......... .......... .......... 25% 2.37M 78s
 71250K .......... .......... .......... .......... .......... 25% 2.73M 78s
 71300K .......... .......... .......... .......... .......... 25% 2.83M 78s
 71350K .......... .......... .......... .......... .......... 25% 2.80M 78s
 71400K .......... .......... .......... .......... .......... 25% 2.43M 78s
 71450K .......... .......... .......... .......... .......... 25% 2.79M 78s
 71500K .......... .......... .......... .......... .......... 25% 2.74M 78s
 71550K .......... .......... .......... .......... .......... 25% 2.73M 78s
 71600K .......... .......... .......... .......... .......... 25% 2.35M 78s
 71650K .......... .......... .......... .......... .......... 25% 2.71M 78s
 71700K .......... .......... .......... .......... .......... 25% 2.84M 78s
 71750K .......... .......... .......... .......... .......... 25% 2.80M 78s
 71800K .......... .......... .......... .......... .......... 25% 2.40M 78s
 71850K .......... .......... .......... .......... .......... 25% 2.79M 78s
 71900K .......... .......... .......... .......... .......... 25% 2.73M 78s
 71950K .......... .......... .......... .......... .......... 25% 2.71M 78s
 72000K .......... .......... .......... .......... .......... 25% 2.36M 78s
 72050K .......... .......... .......... .......... .......... 25% 2.69M 78s
 72100K .......... .......... .......... .......... .......... 25% 2.70M 78s
 72150K .......... .......... .......... .......... .......... 26% 2.58M 78s
 72200K .......... .......... .......... .......... .......... 26% 2.78M 78s
 72250K .......... .......... .......... .......... .......... 26% 2.44M 78s
 72300K .......... .......... .......... .......... .......... 26% 2.78M 78s
 72350K .......... .......... .......... .......... .......... 26% 2.73M 78s
 72400K .......... .......... .......... .......... .......... 26% 2.81M 78s
 72450K .......... .......... .......... .......... .......... 26% 2.51M 78s
 72500K .......... .......... .......... .......... .......... 26% 2.76M 78s
 72550K .......... .......... .......... .......... .......... 26% 2.69M 78s
 72600K .......... .......... .......... .......... .......... 26% 2.75M 77s
 72650K .......... .......... .......... .......... .......... 26% 2.34M 77s
 72700K .......... .......... .......... .......... .......... 26% 2.77M 77s
 72750K .......... .......... .......... .......... .......... 26% 2.82M 77s
 72800K .......... .......... .......... .......... .......... 26% 2.77M 77s
 72850K .......... .......... .......... .......... .......... 26% 2.47M 77s
 72900K .......... .......... .......... .......... .......... 26% 2.78M 77s
 72950K .......... .......... .......... .......... .......... 26% 2.76M 77s
 73000K .......... .......... .......... .......... .......... 26% 2.71M 77s
 73050K .......... .......... .......... .......... .......... 26% 2.35M 77s
 73100K .......... .......... .......... .......... .......... 26% 2.75M 77s
 73150K .......... .......... .......... .......... .......... 26% 2.66M 77s
 73200K .......... .......... .......... .......... .......... 26% 2.57M 77s
 73250K .......... .......... .......... .......... .......... 26% 2.40M 77s
 73300K .......... .......... .......... .......... .......... 26% 2.73M 77s
 73350K .......... .......... .......... .......... .......... 26% 2.75M 77s
 73400K .......... .......... .......... .......... .......... 26% 2.66M 77s
 73450K .......... .......... .......... .......... .......... 26% 2.26M 77s
 73500K .......... .......... .......... .......... .......... 26% 2.73M 77s
 73550K .......... .......... .......... .......... .......... 26% 2.79M 77s
 73600K .......... .......... .......... .......... .......... 26% 2.69M 77s
 73650K .......... .......... .......... .......... .......... 26% 2.40M 77s
 73700K .......... .......... .......... .......... .......... 26% 2.59M 77s
 73750K .......... .......... .......... .......... .......... 26% 2.64M 77s
 73800K .......... .......... .......... .......... .......... 26% 2.66M 77s
 73850K .......... .......... .......... .......... .......... 26% 2.34M 77s
 73900K .......... .......... .......... .......... .......... 26% 2.65M 77s
 73950K .......... .......... .......... .......... .......... 26% 2.78M 77s
 74000K .......... .......... .......... .......... .......... 26% 2.46M 77s
 74050K .......... .......... .......... .......... .......... 26% 2.77M 77s
 74100K .......... .......... .......... .......... .......... 26% 2.72M 77s
 74150K .......... .......... .......... .......... .......... 26% 2.77M 77s
 74200K .......... .......... .......... .......... .......... 26% 2.42M 77s
 74250K .......... .......... .......... .......... .......... 26% 2.69M 77s
 74300K .......... .......... .......... .......... .......... 26% 2.43M 77s
 74350K .......... .......... .......... .......... .......... 26% 2.64M 77s
 74400K .......... .......... .......... .......... .......... 26% 2.32M 77s
 74450K .......... .......... .......... .......... .......... 26% 2.40M 77s
 74500K .......... .......... .......... .......... .......... 26% 2.81M 77s
 74550K .......... .......... .......... .......... .......... 26% 2.72M 77s
 74600K .......... .......... .......... .......... .......... 26% 2.66M 77s
 74650K .......... .......... .......... .......... .......... 26% 2.29M 77s
 74700K .......... .......... .......... .......... .......... 26% 2.69M 77s
 74750K .......... .......... .......... .......... .......... 26% 2.83M 77s
 74800K .......... .......... .......... .......... .......... 26% 2.33M 77s
 74850K .......... .......... .......... .......... .......... 26% 2.63M 77s
 74900K .......... .......... .......... .......... .......... 27% 2.71M 77s
 74950K .......... .......... .......... .......... .......... 27% 2.71M 77s
 75000K .......... .......... .......... .......... .......... 27% 2.33M 77s
 75050K .......... .......... .......... .......... .......... 27% 2.68M 77s
 75100K .......... .......... .......... .......... .......... 27% 2.67M 77s
 75150K .......... .......... .......... .......... .......... 27% 2.62M 77s
 75200K .......... .......... .......... .......... .......... 27% 2.31M 77s
 75250K .......... .......... .......... .......... .......... 27% 2.65M 76s
 75300K .......... .......... .......... .......... .......... 27% 2.81M 76s
 75350K .......... .......... .......... .......... .......... 27% 2.75M 76s
 75400K .......... .......... .......... .......... .......... 27% 2.34M 76s
 75450K .......... .......... .......... .......... .......... 27% 2.62M 76s
 75500K .......... .......... .......... .......... .......... 27% 2.75M 76s
 75550K .......... .......... .......... .......... .......... 27% 2.70M 76s
 75600K .......... .......... .......... .......... .......... 27% 2.41M 76s
 75650K .......... .......... .......... .......... .......... 27% 2.62M 76s
 75700K .......... .......... .......... .......... .......... 27% 2.48M 76s
 75750K .......... .......... .......... .......... .......... 27% 2.81M 76s
 75800K .......... .......... .......... .......... .......... 27% 2.40M 76s
 75850K .......... .......... .......... .......... .......... 27% 2.74M 76s
 75900K .......... .......... .......... .......... .......... 27% 2.77M 76s
 75950K .......... .......... .......... .......... .......... 27% 2.57M 76s
 76000K .......... .......... .......... .......... .......... 27% 2.26M 76s
 76050K .......... .......... .......... .......... .......... 27% 2.75M 76s
 76100K .......... .......... .......... .......... .......... 27% 2.78M 76s
 76150K .......... .......... .......... .......... .......... 27% 2.80M 76s
 76200K .......... .......... .......... .......... .......... 27% 2.51M 76s
 76250K .......... .......... .......... .......... .......... 27% 2.60M 76s
 76300K .......... .......... .......... .......... .......... 27% 2.73M 76s
 76350K .......... .......... .......... .......... .......... 27% 2.83M 76s
 76400K .......... .......... .......... .......... .......... 27% 2.73M 76s
 76450K .......... .......... .......... .......... .......... 27% 2.44M 76s
 76500K .......... .......... .......... .......... .......... 27% 2.72M 76s
 76550K .......... .......... .......... .......... .......... 27% 2.71M 76s
 76600K .......... .......... .......... .......... .......... 27% 2.88M 76s
 76650K .......... .......... .......... .......... .......... 27% 2.39M 76s
 76700K .......... .......... .......... .......... .......... 27% 2.79M 76s
 76750K .......... .......... .......... .......... .......... 27% 2.83M 76s
 76800K .......... .......... .......... .......... .......... 27% 2.71M 76s
 76850K .......... .......... .......... .......... .......... 27% 2.42M 76s
 76900K .......... .......... .......... .......... .......... 27% 2.74M 76s
 76950K .......... .......... .......... .......... .......... 27% 2.78M 76s
 77000K .......... .......... .......... .......... .......... 27% 2.78M 76s
 77050K .......... .......... .......... .......... .......... 27% 2.40M 76s
 77100K .......... .......... .......... .......... .......... 27% 2.67M 76s
 77150K .......... .......... .......... .......... .......... 27% 2.78M 76s
 77200K .......... .......... .......... .......... .......... 27% 2.69M 76s
 77250K .......... .......... .......... .......... .......... 27% 2.37M 76s
 77300K .......... .......... .......... .......... .......... 27% 2.87M 76s
 77350K .......... .......... .......... .......... .......... 27% 2.81M 76s
 77400K .......... .......... .......... .......... .......... 27% 2.46M 76s
 77450K .......... .......... .......... .......... .......... 27% 2.81M 76s
 77500K .......... .......... .......... .......... .......... 27% 2.80M 76s
 77550K .......... .......... .......... .......... .......... 27% 2.67M 76s
 77600K .......... .......... .......... .......... .......... 27% 2.38M 76s
 77650K .......... .......... .......... .......... .......... 27% 2.77M 76s
 77700K .......... .......... .......... .......... .......... 28% 2.77M 76s
 77750K .......... .......... .......... .......... .......... 28% 2.85M 75s
 77800K .......... .......... .......... .......... .......... 28% 2.39M 75s
 77850K .......... .......... .......... .......... .......... 28% 2.79M 75s
 77900K .......... .......... .......... .......... .......... 28% 2.79M 75s
 77950K .......... .......... .......... .......... .......... 28% 2.67M 75s
 78000K .......... .......... .......... .......... .......... 28% 2.44M 75s
 78050K .......... .......... .......... .......... .......... 28% 2.77M 75s
 78100K .......... .......... .......... .......... .......... 28% 2.70M 75s
 78150K .......... .......... .......... .......... .......... 28% 2.56M 75s
 78200K .......... .......... .......... .......... .......... 28% 2.56M 75s
 78250K .......... .......... .......... .......... .......... 28% 2.65M 75s
 78300K .......... .......... .......... .......... .......... 28% 2.53M 75s
 78350K .......... .......... .......... .......... .......... 28% 2.64M 75s
 78400K .......... .......... .......... .......... .......... 28% 2.29M 75s
 78450K .......... .......... .......... .......... .......... 28% 2.58M 75s
 78500K .......... .......... .......... .......... .......... 28% 2.56M 75s
 78550K .......... .......... .......... .......... .......... 28% 2.50M 75s
 78600K .......... .......... .......... .......... .......... 28% 2.10M 75s
 78650K .......... .......... .......... .......... .......... 28% 2.46M 75s
 78700K .......... .......... .......... .......... .......... 28% 2.41M 75s
 78750K .......... .......... .......... .......... .......... 28% 2.47M 75s
 78800K .......... .......... .......... .......... .......... 28% 2.19M 75s
 78850K .......... .......... .......... .......... .......... 28% 2.60M 75s
 78900K .......... .......... .......... .......... .......... 28% 2.55M 75s
 78950K .......... .......... .......... .......... .......... 28% 2.62M 75s
 79000K .......... .......... .......... .......... .......... 28% 2.19M 75s
 79050K .......... .......... .......... .......... .......... 28% 2.55M 75s
 79100K .......... .......... .......... .......... .......... 28% 2.48M 75s
 79150K .......... .......... .......... .......... .......... 28% 2.57M 75s
 79200K .......... .......... .......... .......... .......... 28% 2.37M 75s
 79250K .......... .......... .......... .......... .......... 28% 2.58M 75s
 79300K .......... .......... .......... .......... .......... 28% 2.58M 75s
 79350K .......... .......... .......... .......... .......... 28% 2.55M 75s
 79400K .......... .......... .......... .......... .......... 28% 2.32M 75s
 79450K .......... .......... .......... .......... .......... 28% 2.66M 75s
 79500K .......... .......... .......... .......... .......... 28% 2.62M 75s
 79550K .......... .......... .......... .......... .......... 28% 2.70M 75s
 79600K .......... .......... .......... .......... .......... 28% 2.31M 75s
 79650K .......... .......... .......... .......... .......... 28% 2.61M 75s
 79700K .......... .......... .......... .......... .......... 28% 2.57M 75s
 79750K .......... .......... .......... .......... .......... 28% 2.45M 75s
 79800K .......... .......... .......... .......... .......... 28% 2.43M 75s
 79850K .......... .......... .......... .......... .......... 28% 2.42M 75s
 79900K .......... .......... .......... .......... .......... 28% 2.65M 75s
 79950K .......... .......... .......... .......... .......... 28% 2.64M 75s
 80000K .......... .......... .......... .......... .......... 28% 2.30M 75s
 80050K .......... .......... .......... .......... .......... 28% 2.77M 75s
 80100K .......... .......... .......... .......... .......... 28% 2.67M 75s
 80150K .......... .......... .......... .......... .......... 28% 2.43M 75s
 80200K .......... .......... .......... .......... .......... 28% 2.55M 75s
 80250K .......... .......... .......... .......... .......... 28% 2.62M 75s
 80300K .......... .......... .......... .......... .......... 28% 2.36M 75s
 80350K .......... .......... .......... .......... .......... 28% 2.58M 75s
 80400K .......... .......... .......... .......... .......... 28% 2.65M 75s
 80450K .......... .......... .......... .......... .......... 29% 2.58M 75s
 80500K .......... .......... .......... .......... .......... 29% 2.27M 75s
 80550K .......... .......... .......... .......... .......... 29% 2.67M 74s
 80600K .......... .......... .......... .......... .......... 29% 2.59M 74s
 80650K .......... .......... .......... .......... .......... 29% 2.76M 74s
 80700K .......... .......... .......... .......... .......... 29% 2.49M 74s
 80750K .......... .......... .......... .......... .......... 29% 2.29M 74s
 80800K .......... .......... .......... .......... .......... 29% 2.51M 74s
 80850K .......... .......... .......... .......... .......... 29% 2.49M 74s
 80900K .......... .......... .......... .......... .......... 29% 2.78M 74s
 80950K .......... .......... .......... .......... .......... 29% 2.37M 74s
 81000K .......... .......... .......... .......... .......... 29% 2.81M 74s
 81050K .......... .......... .......... .......... .......... 29% 2.77M 74s
 81100K .......... .......... .......... .......... .......... 29% 2.69M 74s
 81150K .......... .......... .......... .......... .......... 29% 2.30M 74s
 81200K .......... .......... .......... .......... .......... 29% 2.62M 74s
 81250K .......... .......... .......... .......... .......... 29% 2.55M 74s
 81300K .......... .......... .......... .......... .......... 29% 2.73M 74s
 81350K .......... .......... .......... .......... .......... 29% 2.69M 74s
 81400K .......... .......... .......... .......... .......... 29% 2.19M 74s
 81450K .......... .......... .......... .......... .......... 29% 2.71M 74s
 81500K .......... .......... .......... .......... .......... 29% 2.60M 74s
 81550K .......... .......... .......... .......... .......... 29% 2.58M 74s
 81600K .......... .......... .......... .......... .......... 29% 2.32M 74s
 81650K .......... .......... .......... .......... .......... 29% 2.63M 74s
 81700K .......... .......... .......... .......... .......... 29% 2.59M 74s
 81750K .......... .......... .......... .......... .......... 29% 2.63M 74s
 81800K .......... .......... .......... .......... .......... 29% 2.18M 74s
 81850K .......... .......... .......... .......... .......... 29% 2.31M 74s
 81900K .......... .......... .......... .......... .......... 29% 2.74M 74s
 81950K .......... .......... .......... .......... .......... 29% 2.59M 74s
 82000K .......... .......... .......... .......... .......... 29% 2.31M 74s
 82050K .......... .......... .......... .......... .......... 29% 2.60M 74s
 82100K .......... .......... .......... .......... .......... 29% 2.73M 74s
 82150K .......... .......... .......... .......... .......... 29% 2.64M 74s
 82200K .......... .......... .......... .......... .......... 29% 2.28M 74s
 82250K .......... .......... .......... .......... .......... 29% 2.69M 74s
 82300K .......... .......... .......... .......... .......... 29% 2.58M 74s
 82350K .......... .......... .......... .......... .......... 29% 2.52M 74s
 82400K .......... .......... .......... .......... .......... 29% 2.54M 74s
 82450K .......... .......... .......... .......... .......... 29% 2.35M 74s
 82500K .......... .......... .......... .......... .......... 29% 2.58M 74s
 82550K .......... .......... .......... .......... .......... 29% 2.58M 74s
 82600K .......... .......... .......... .......... .......... 29% 2.60M 74s
 82650K .......... .......... .......... .......... .......... 29% 2.35M 74s
 82700K .......... .......... .......... .......... .......... 29% 2.65M 74s
 82750K .......... .......... .......... .......... .......... 29% 2.52M 74s
 82800K .......... .......... .......... .......... .......... 29% 2.54M 74s
 82850K .......... .......... .......... .......... .......... 29% 2.16M 74s
 82900K .......... .......... .......... .......... .......... 29% 2.62M 74s
 82950K .......... .......... .......... .......... .......... 29% 2.57M 74s
 83000K .......... .......... .......... .......... .......... 29% 2.15M 74s
 83050K .......... .......... .......... .......... .......... 29% 2.44M 74s
 83100K .......... .......... .......... .......... .......... 29% 2.50M 74s
 83150K .......... .......... .......... .......... .......... 29% 2.44M 74s
 83200K .......... .......... .......... .......... .......... 29% 2.28M 74s
 83250K .......... .......... .......... .......... .......... 30% 2.48M 74s
 83300K .......... .......... .......... .......... .......... 30% 2.12M 74s
 83350K .......... .......... .......... .......... .......... 30% 2.30M 74s
 83400K .......... .......... .......... .......... .......... 30% 2.85M 73s
 83450K .......... .......... .......... .......... .......... 30% 2.59M 73s
 83500K .......... .......... .......... .......... .......... 30% 2.14M 73s
 83550K .......... .......... .......... .......... .......... 30% 2.09M 73s
 83600K .......... .......... .......... .......... .......... 30% 1.66M 73s
 83650K .......... .......... .......... .......... .......... 30% 2.01M 73s
 83700K .......... .......... .......... .......... .......... 30% 2.18M 73s
 83750K .......... .......... .......... .......... .......... 30% 2.40M 73s
 83800K .......... .......... .......... .......... .......... 30% 2.44M 73s
 83850K .......... .......... .......... .......... .......... 30% 2.53M 73s
 83900K .......... .......... .......... .......... .......... 30% 2.16M 73s
 83950K .......... .......... .......... .......... .......... 30% 2.69M 73s
 84000K .......... .......... .......... .......... .......... 30% 2.25M 73s
 84050K .......... .......... .......... .......... .......... 30% 2.51M 73s
 84100K .......... .......... .......... .......... .......... 30% 2.50M 73s
 84150K .......... .......... .......... .......... .......... 30% 2.59M 73s
 84200K .......... .......... .......... .......... .......... 30% 2.37M 73s
 84250K .......... .......... .......... .......... .......... 30% 2.61M 73s
 84300K .......... .......... .......... .......... .......... 30% 2.46M 73s
 84350K .......... .......... .......... .......... .......... 30% 2.58M 73s
 84400K .......... .......... .......... .......... .......... 30% 2.37M 73s
 84450K .......... .......... .......... .......... .......... 30% 2.64M 73s
 84500K .......... .......... .......... .......... .......... 30% 2.59M 73s
 84550K .......... .......... .......... .......... .......... 30% 2.60M 73s
 84600K .......... .......... .......... .......... .......... 30% 2.25M 73s
 84650K .......... .......... .......... .......... .......... 30% 2.42M 73s
 84700K .......... .......... .......... .......... .......... 30% 2.52M 73s
 84750K .......... .......... .......... .......... .......... 30% 2.56M 73s
 84800K .......... .......... .......... .......... .......... 30% 2.28M 73s
 84850K .......... .......... .......... .......... .......... 30% 2.49M 73s
 84900K .......... .......... .......... .......... .......... 30% 2.73M 73s
 84950K .......... .......... .......... .......... .......... 30% 2.46M 73s
 85000K .......... .......... .......... .......... .......... 30% 2.37M 73s
 85050K .......... .......... .......... .......... .......... 30% 2.58M 73s
 85100K .......... .......... .......... .......... .......... 30% 2.71M 73s
 85150K .......... .......... .......... .......... .......... 30% 2.30M 73s
 85200K .......... .......... .......... .......... .......... 30% 2.47M 73s
 85250K .......... .......... .......... .......... .......... 30% 2.67M 73s
 85300K .......... .......... .......... .......... .......... 30% 2.74M 73s
 85350K .......... .......... .......... .......... .......... 30% 2.29M 73s
 85400K .......... .......... .......... .......... .......... 30% 2.70M 73s
 85450K .......... .......... .......... .......... .......... 30% 2.72M 73s
 85500K .......... .......... .......... .......... .......... 30% 2.65M 73s
 85550K .......... .......... .......... .......... .......... 30% 2.30M 73s
 85600K .......... .......... .......... .......... .......... 30% 2.51M 73s
 85650K .......... .......... .......... .......... .......... 30% 2.74M 73s
 85700K .......... .......... .......... .......... .......... 30% 2.26M 73s
 85750K .......... .......... .......... .......... .......... 30% 2.59M 73s
 85800K .......... .......... .......... .......... .......... 30% 2.64M 73s
 85850K .......... .......... .......... .......... .......... 30% 2.28M 73s
 85900K .......... .......... .......... .......... .......... 30% 2.54M 73s
 85950K .......... .......... .......... .......... .......... 30% 2.47M 73s
 86000K .......... .......... .......... .......... .......... 31% 2.31M 73s
 86050K .......... .......... .......... .......... .......... 31% 2.50M 73s
 86100K .......... .......... .......... .......... .......... 31% 2.51M 73s
 86150K .......... .......... .......... .......... .......... 31% 2.66M 73s
 86200K .......... .......... .......... .......... .......... 31% 2.22M 73s
 86250K .......... .......... .......... .......... .......... 31% 2.42M 73s
 86300K .......... .......... .......... .......... .......... 31% 2.58M 73s
 86350K .......... .......... .......... .......... .......... 31% 2.69M 73s
 86400K .......... .......... .......... .......... .......... 31% 2.45M 72s
 86450K .......... .......... .......... .......... .......... 31% 2.60M 72s
 86500K .......... .......... .......... .......... .......... 31% 2.65M 72s
 86550K .......... .......... .......... .......... .......... 31% 2.65M 72s
 86600K .......... .......... .......... .......... .......... 31% 2.28M 72s
 86650K .......... .......... .......... .......... .......... 31% 2.72M 72s
 86700K .......... .......... .......... .......... .......... 31% 2.78M 72s
 86750K .......... .......... .......... .......... .......... 31% 2.59M 72s
 86800K .......... .......... .......... .......... .......... 31% 2.63M 72s
 86850K .......... .......... .......... .......... .......... 31% 2.60M 72s
 86900K .......... .......... .......... .......... .......... 31% 2.35M 72s
 86950K .......... .......... .......... .......... .......... 31% 2.74M 72s
 87000K .......... .......... .......... .......... .......... 31% 2.66M 72s
 87050K .......... .......... .......... .......... .......... 31% 2.75M 72s
 87100K .......... .......... .......... .......... .......... 31% 2.40M 72s
 87150K .......... .......... .......... .......... .......... 31% 2.66M 72s
 87200K .......... .......... .......... .......... .......... 31% 2.69M 72s
 87250K .......... .......... .......... .......... .......... 31% 2.62M 72s
 87300K .......... .......... .......... .......... .......... 31% 2.39M 72s
 87350K .......... .......... .......... .......... .......... 31% 2.51M 72s
 87400K .......... .......... .......... .......... .......... 31% 2.27M 72s
 87450K .......... .......... .......... .......... .......... 31% 2.73M 72s
 87500K .......... .......... .......... .......... .......... 31% 2.55M 72s
 87550K .......... .......... .......... .......... .......... 31% 2.48M 72s
 87600K .......... .......... .......... .......... .......... 31% 2.22M 72s
 87650K .......... .......... .......... .......... .......... 31% 2.55M 72s
 87700K .......... .......... .......... .......... .......... 31% 2.68M 72s
 87750K .......... .......... .......... .......... .......... 31% 2.76M 72s
 87800K .......... .......... .......... .......... .......... 31% 2.35M 72s
 87850K .......... .......... .......... .......... .......... 31% 2.73M 72s
 87900K .......... .......... .......... .......... .......... 31% 2.69M 72s
 87950K .......... .......... .......... .......... .......... 31% 2.47M 72s
 88000K .......... .......... .......... .......... .......... 31% 2.76M 72s
 88050K .......... .......... .......... .......... .......... 31% 2.55M 72s
 88100K .......... .......... .......... .......... .......... 31% 2.74M 72s
 88150K .......... .......... .......... .......... .......... 31% 2.79M 72s
 88200K .......... .......... .......... .......... .......... 31% 2.36M 72s
 88250K .......... .......... .......... .......... .......... 31% 2.80M 72s
 88300K .......... .......... .......... .......... .......... 31% 2.75M 72s
 88350K .......... .......... .......... .......... .......... 31% 2.80M 72s
 88400K .......... .......... .......... .......... .......... 31% 2.35M 72s
 88450K .......... .......... .......... .......... .......... 31% 2.64M 72s
 88500K .......... .......... .......... .......... .......... 31% 2.56M 72s
 88550K .......... .......... .......... .......... .......... 31% 2.61M 72s
 88600K .......... .......... .......... .......... .......... 31% 2.43M 72s
 88650K .......... .......... .......... .......... .......... 31% 2.65M 72s
 88700K .......... .......... .......... .......... .......... 31% 2.74M 72s
 88750K .......... .......... .......... .......... .......... 31% 2.65M 72s
 88800K .......... .......... .......... .......... .......... 32% 2.34M 72s
 88850K .......... .......... .......... .......... .......... 32% 2.64M 72s
 88900K .......... .......... .......... .......... .......... 32% 2.73M 72s
 88950K .......... .......... .......... .......... .......... 32% 2.73M 72s
 89000K .......... .......... .......... .......... .......... 32% 2.33M 72s
 89050K .......... .......... .......... .......... .......... 32% 2.68M 71s
 89100K .......... .......... .......... .......... .......... 32% 2.71M 71s
 89150K .......... .......... .......... .......... .......... 32% 2.65M 71s
 89200K .......... .......... .......... .......... .......... 32% 2.22M 71s
 89250K .......... .......... .......... .......... .......... 32% 2.62M 71s
 89300K .......... .......... .......... .......... .......... 32% 2.76M 71s
 89350K .......... .......... .......... .......... .......... 32% 2.72M 71s
 89400K .......... .......... .......... .......... .......... 32% 2.27M 71s
 89450K .......... .......... .......... .......... .......... 32% 2.73M 71s
 89500K .......... .......... .......... .......... .......... 32% 2.71M 71s
 89550K .......... .......... .......... .......... .......... 32% 2.71M 71s
 89600K .......... .......... .......... .......... .......... 32% 2.38M 71s
 89650K .......... .......... .......... .......... .......... 32% 2.67M 71s
 89700K .......... .......... .......... .......... .......... 32% 2.82M 71s
 89750K .......... .......... .......... .......... .......... 32% 2.62M 71s
 89800K .......... .......... .......... .......... .......... 32% 2.34M 71s
 89850K .......... .......... .......... .......... .......... 32% 2.73M 71s
 89900K .......... .......... .......... .......... .......... 32% 2.71M 71s
 89950K .......... .......... .......... .......... .......... 32% 2.69M 71s
 90000K .......... .......... .......... .......... .......... 32% 2.45M 71s
 90050K .......... .......... .......... .......... .......... 32% 2.79M 71s
 90100K .......... .......... .......... .......... .......... 32% 2.87M 71s
 90150K .......... .......... .......... .......... .......... 32% 2.82M 71s
 90200K .......... .......... .......... .......... .......... 32% 2.38M 71s
 90250K .......... .......... .......... .......... .......... 32% 2.60M 71s
 90300K .......... .......... .......... .......... .......... 32% 2.54M 71s
 90350K .......... .......... .......... .......... .......... 32% 2.62M 71s
 90400K .......... .......... .......... .......... .......... 32% 2.36M 71s
 90450K .......... .......... .......... .......... .......... 32% 2.76M 71s
 90500K .......... .......... .......... .......... .......... 32% 2.72M 71s
 90550K .......... .......... .......... .......... .......... 32% 2.58M 71s
 90600K .......... .......... .......... .......... .......... 32% 2.31M 71s
 90650K .......... .......... .......... .......... .......... 32% 2.67M 71s
 90700K .......... .......... .......... .......... .......... 32% 2.72M 71s
 90750K .......... .......... .......... .......... .......... 32% 2.69M 71s
 90800K .......... .......... .......... .......... .......... 32% 2.37M 71s
 90850K .......... .......... .......... .......... .......... 32% 2.65M 71s
 90900K .......... .......... .......... .......... .......... 32% 2.60M 71s
 90950K .......... .......... .......... .......... .......... 32% 2.74M 71s
 91000K .......... .......... .......... .......... .......... 32% 2.37M 71s
 91050K .......... .......... .......... .......... .......... 32% 2.69M 71s
 91100K .......... .......... .......... .......... .......... 32% 2.66M 71s
 91150K .......... .......... .......... .......... .......... 32% 2.49M 71s
 91200K .......... .......... .......... .......... .......... 32% 2.79M 71s
 91250K .......... .......... .......... .......... .......... 32% 2.70M 71s
 91300K .......... .......... .......... .......... .......... 32% 2.32M 71s
 91350K .......... .......... .......... .......... .......... 32% 2.41M 71s
 91400K .......... .......... .......... .......... .......... 32% 2.54M 71s
 91450K .......... .......... .......... .......... .......... 32% 2.56M 71s
 91500K .......... .......... .......... .......... .......... 32% 2.63M 71s
 91550K .......... .......... .......... .......... .......... 33% 2.28M 71s
 91600K .......... .......... .......... .......... .......... 33% 2.51M 71s
 91650K .......... .......... .......... .......... .......... 33% 2.59M 70s
 91700K .......... .......... .......... .......... .......... 33% 2.63M 70s
 91750K .......... .......... .......... .......... .......... 33% 2.33M 70s
 91800K .......... .......... .......... .......... .......... 33% 2.71M 70s
 91850K .......... .......... .......... .......... .......... 33% 2.73M 70s
 91900K .......... .......... .......... .......... .......... 33% 2.72M 70s
 91950K .......... .......... .......... .......... .......... 33% 2.39M 70s
 92000K .......... .......... .......... .......... .......... 33% 2.63M 70s
 92050K .......... .......... .......... .......... .......... 33% 2.63M 70s
 92100K .......... .......... .......... .......... .......... 33% 2.66M 70s
 92150K .......... .......... .......... .......... .......... 33% 2.41M 70s
 92200K .......... .......... .......... .......... .......... 33% 2.67M 70s
 92250K .......... .......... .......... .......... .......... 33% 2.76M 70s
 92300K .......... .......... .......... .......... .......... 33% 2.86M 70s
 92350K .......... .......... .......... .......... .......... 33% 2.37M 70s
 92400K .......... .......... .......... .......... .......... 33% 2.70M 70s
 92450K .......... .......... .......... .......... .......... 33% 2.72M 70s
 92500K .......... .......... .......... .......... .......... 33% 2.78M 70s
 92550K .......... .......... .......... .......... .......... 33% 2.64M 70s
 92600K .......... .......... .......... .......... .......... 33% 2.38M 70s
 92650K .......... .......... .......... .......... .......... 33% 2.77M 70s
 92700K .......... .......... .......... .......... .......... 33% 2.83M 70s
 92750K .......... .......... .......... .......... .......... 33% 2.52M 70s
 92800K .......... .......... .......... .......... .......... 33% 2.74M 70s
 92850K .......... .......... .......... .......... .......... 33% 2.77M 70s
 92900K .......... .......... .......... .......... .......... 33% 2.74M 70s
 92950K .......... .......... .......... .......... .......... 33% 2.33M 70s
 93000K .......... .......... .......... .......... .......... 33% 2.76M 70s
 93050K .......... .......... .......... .......... .......... 33% 2.69M 70s
 93100K .......... .......... .......... .......... .......... 33% 2.68M 70s
 93150K .......... .......... .......... .......... .......... 33% 2.34M 70s
 93200K .......... .......... .......... .......... .......... 33% 2.68M 70s
 93250K .......... .......... .......... .......... .......... 33% 2.60M 70s
 93300K .......... .......... .......... .......... .......... 33% 2.74M 70s
 93350K .......... .......... .......... .......... .......... 33% 2.44M 70s
 93400K .......... .......... .......... .......... .......... 33% 2.63M 70s
 93450K .......... .......... .......... .......... .......... 33% 2.74M 70s
 93500K .......... .......... .......... .......... .......... 33% 2.57M 70s
 93550K .......... .......... .......... .......... .......... 33% 2.70M 70s
 93600K .......... .......... .......... .......... .......... 33% 2.43M 70s
 93650K .......... .......... .......... .......... .......... 33% 2.59M 70s
 93700K .......... .......... .......... .......... .......... 33% 2.60M 70s
 93750K .......... .......... .......... .......... .......... 33% 2.56M 70s
 93800K .......... .......... .......... .......... .......... 33% 2.62M 70s
 93850K .......... .......... .......... .......... .......... 33% 2.35M 70s
 93900K .......... .......... .......... .......... .......... 33% 2.68M 70s
 93950K .......... .......... .......... .......... .......... 33% 2.74M 70s
 94000K .......... .......... .......... .......... .......... 33% 2.68M 70s
 94050K .......... .......... .......... .......... .......... 33% 2.23M 70s
 94100K .......... .......... .......... .......... .......... 33% 2.64M 70s
 94150K .......... .......... .......... .......... .......... 33% 2.76M 70s
 94200K .......... .......... .......... .......... .......... 33% 2.83M 69s
 94250K .......... .......... .......... .......... .......... 33% 2.36M 69s
 94300K .......... .......... .......... .......... .......... 33% 2.63M 69s
 94350K .......... .......... .......... .......... .......... 34% 2.78M 69s
 94400K .......... .......... .......... .......... .......... 34% 2.39M 69s
 94450K .......... .......... .......... .......... .......... 34% 2.67M 69s
 94500K .......... .......... .......... .......... .......... 34% 2.77M 69s
 94550K .......... .......... .......... .......... .......... 34% 2.84M 69s
 94600K .......... .......... .......... .......... .......... 34% 2.46M 69s
 94650K .......... .......... .......... .......... .......... 34% 2.73M 69s
 94700K .......... .......... .......... .......... .......... 34% 2.65M 69s
 94750K .......... .......... .......... .......... .......... 34% 2.73M 69s
 94800K .......... .......... .......... .......... .......... 34% 2.71M 69s
 94850K .......... .......... .......... .......... .......... 34% 2.33M 69s
 94900K .......... .......... .......... .......... .......... 34% 2.73M 69s
 94950K .......... .......... .......... .......... .......... 34% 2.71M 69s
 95000K .......... .......... .......... .......... .......... 34% 2.76M 69s
 95050K .......... .......... .......... .......... .......... 34% 2.44M 69s
 95100K .......... .......... .......... .......... .......... 34% 2.66M 69s
 95150K .......... .......... .......... .......... .......... 34% 2.73M 69s
 95200K .......... .......... .......... .......... .......... 34% 2.77M 69s
 95250K .......... .......... .......... .......... .......... 34% 2.32M 69s
 95300K .......... .......... .......... .......... .......... 34% 2.84M 69s
 95350K .......... .......... .......... .......... .......... 34% 2.97M 69s
 95400K .......... .......... .......... .......... .......... 34% 2.30M 69s
 95450K .......... .......... .......... .......... .......... 34% 2.66M 69s
 95500K .......... .......... .......... .......... .......... 34% 2.70M 69s
 95550K .......... .......... .......... .......... .......... 34% 2.76M 69s
 95600K .......... .......... .......... .......... .......... 34% 2.56M 69s
 95650K .......... .......... .......... .......... .......... 34% 2.68M 69s
 95700K .......... .......... .......... .......... .......... 34% 2.44M 69s
 95750K .......... .......... .......... .......... .......... 34% 2.70M 69s
 95800K .......... .......... .......... .......... .......... 34% 2.56M 69s
 95850K .......... .......... .......... .......... .......... 34% 2.73M 69s
 95900K .......... .......... .......... .......... .......... 34% 2.41M 69s
 95950K .......... .......... .......... .......... .......... 34% 2.64M 69s
 96000K .......... .......... .......... .......... .......... 34% 2.61M 69s
 96050K .......... .......... .......... .......... .......... 34% 2.75M 69s
 96100K .......... .......... .......... .......... .......... 34% 2.43M 69s
 96150K .......... .......... .......... .......... .......... 34% 2.71M 69s
 96200K .......... .......... .......... .......... .......... 34% 2.76M 69s
 96250K .......... .......... .......... .......... .......... 34% 2.71M 69s
 96300K .......... .......... .......... .......... .......... 34% 2.47M 69s
 96350K .......... .......... .......... .......... .......... 34% 1.56M 69s
 96400K .......... .......... .......... .......... .......... 34% 2.75M 69s
 96450K .......... .......... .......... .......... .......... 34% 2.78M 69s
 96500K .......... .......... .......... .......... .......... 34% 2.42M 69s
 96550K .......... .......... .......... .......... .......... 34% 2.55M 69s
 96600K .......... .......... .......... .......... .......... 34% 2.73M 69s
 96650K .......... .......... .......... .......... .......... 34% 2.63M 69s
 96700K .......... .......... .......... .......... .......... 34% 2.39M 69s
 96750K .......... .......... .......... .......... .......... 34% 2.80M 69s
 96800K .......... .......... .......... .......... .......... 34% 2.80M 69s
 96850K .......... .......... .......... .......... .......... 34% 2.75M 68s
 96900K .......... .......... .......... .......... .......... 34% 2.36M 68s
 96950K .......... .......... .......... .......... .......... 34% 2.69M 68s
 97000K .......... .......... .......... .......... .......... 34% 2.69M 68s
 97050K .......... .......... .......... .......... .......... 34% 2.71M 68s
 97100K .......... .......... .......... .......... .......... 35% 2.24M 68s
 97150K .......... .......... .......... .......... .......... 35% 2.91M 68s
 97200K .......... .......... .......... .......... .......... 35% 2.52M 68s
 97250K .......... .......... .......... .......... .......... 35% 2.43M 68s
 97300K .......... .......... .......... .......... .......... 35% 2.68M 68s
 97350K .......... .......... .......... .......... .......... 35% 2.37M 68s
 97400K .......... .......... .......... .......... .......... 35% 2.61M 68s
 97450K .......... .......... .......... .......... .......... 35% 2.61M 68s
 97500K .......... .......... .......... .......... .......... 35% 2.66M 68s
 97550K .......... .......... .......... .......... .......... 35% 2.40M 68s
 97600K .......... .......... .......... .......... .......... 35% 2.74M 68s
 97650K .......... .......... .......... .......... .......... 35% 2.77M 68s
 97700K .......... .......... .......... .......... .......... 35% 2.73M 68s
 97750K .......... .......... .......... .......... .......... 35% 2.34M 68s
 97800K .......... .......... .......... .......... .......... 35% 2.64M 68s
 97850K .......... .......... .......... .......... .......... 35% 2.63M 68s
 97900K .......... .......... .......... .......... .......... 35% 2.73M 68s
 97950K .......... .......... .......... .......... .......... 35% 2.34M 68s
 98000K .......... .......... .......... .......... .......... 35% 2.82M 68s
 98050K .......... .......... .......... .......... .......... 35% 2.80M 68s
 98100K .......... .......... .......... .......... .......... 35% 2.78M 68s
 98150K .......... .......... .......... .......... .......... 35% 2.42M 68s
 98200K .......... .......... .......... .......... .......... 35% 2.72M 68s
 98250K .......... .......... .......... .......... .......... 35% 2.78M 68s
 98300K .......... .......... .......... .......... .......... 35% 2.74M 68s
 98350K .......... .......... .......... .......... .......... 35% 2.46M 68s
 98400K .......... .......... .......... .......... .......... 35% 2.66M 68s
 98450K .......... .......... .......... .......... .......... 35% 2.73M 68s
 98500K .......... .......... .......... .......... .......... 35% 2.76M 68s
 98550K .......... .......... .......... .......... .......... 35% 2.43M 68s
 98600K .......... .......... .......... .......... .......... 35% 2.57M 68s
 98650K .......... .......... .......... .......... .......... 35% 2.78M 68s
 98700K .......... .......... .......... .......... .......... 35% 2.79M 68s
 98750K .......... .......... .......... .......... .......... 35% 2.37M 68s
 98800K .......... .......... .......... .......... .......... 35% 2.69M 68s
 98850K .......... .......... .......... .......... .......... 35% 2.66M 68s
 98900K .......... .......... .......... .......... .......... 35% 2.70M 68s
 98950K .......... .......... .......... .......... .......... 35% 2.30M 68s
 99000K .......... .......... .......... .......... .......... 35% 2.75M 68s
 99050K .......... .......... .......... .......... .......... 35% 2.78M 68s
 99100K .......... .......... .......... .......... .......... 35% 2.70M 68s
 99150K .......... .......... .......... .......... .......... 35% 2.32M 68s
 99200K .......... .......... .......... .......... .......... 35% 2.70M 68s
 99250K .......... .......... .......... .......... .......... 35% 2.63M 68s
 99300K .......... .......... .......... .......... .......... 35% 2.64M 68s
 99350K .......... .......... .......... .......... .......... 35% 2.38M 68s
 99400K .......... .......... .......... .......... .......... 35% 2.80M 67s
 99450K .......... .......... .......... .......... .......... 35% 2.75M 67s
 99500K .......... .......... .......... .......... .......... 35% 2.81M 67s
 99550K .......... .......... .......... .......... .......... 35% 2.23M 67s
 99600K .......... .......... .......... .......... .......... 35% 2.60M 67s
 99650K .......... .......... .......... .......... .......... 35% 2.76M 67s
 99700K .......... .......... .......... .......... .......... 35% 2.58M 67s
 99750K .......... .......... .......... .......... .......... 35% 2.58M 67s
 99800K .......... .......... .......... .......... .......... 35% 2.41M 67s
 99850K .......... .......... .......... .......... .......... 35% 2.42M 67s
 99900K .......... .......... .......... .......... .......... 36% 2.72M 67s
 99950K .......... .......... .......... .......... .......... 36% 2.73M 67s
100000K .......... .......... .......... .......... .......... 36% 2.33M 67s
100050K .......... .......... .......... .......... .......... 36% 2.76M 67s
100100K .......... .......... .......... .......... .......... 36% 2.69M 67s
100150K .......... .......... .......... .......... .......... 36% 2.69M 67s
100200K .......... .......... .......... .......... .......... 36% 2.38M 67s
100250K .......... .......... .......... .......... .......... 36% 2.69M 67s
100300K .......... .......... .......... .......... .......... 36% 2.62M 67s
100350K .......... .......... .......... .......... .......... 36% 2.94M 67s
100400K .......... .......... .......... .......... .......... 36% 2.30M 67s
100450K .......... .......... .......... .......... .......... 36% 2.79M 67s
100500K .......... .......... .......... .......... .......... 36% 2.72M 67s
100550K .......... .......... .......... .......... .......... 36% 2.76M 67s
100600K .......... .......... .......... .......... .......... 36% 2.26M 67s
100650K .......... .......... .......... .......... .......... 36% 2.70M 67s
100700K .......... .......... .......... .......... .......... 36% 2.69M 67s
100750K .......... .......... .......... .......... .......... 36% 2.54M 67s
100800K .......... .......... .......... .......... .......... 36% 2.43M 67s
100850K .......... .......... .......... .......... .......... 36% 2.63M 67s
100900K .......... .......... .......... .......... .......... 36% 2.60M 67s
100950K .......... .......... .......... .......... .......... 36% 2.74M 67s
101000K .......... .......... .......... .......... .......... 36% 2.32M 67s
101050K .......... .......... .......... .......... .......... 36% 2.68M 67s
101100K .......... .......... .......... .......... .......... 36% 2.78M 67s
101150K .......... .......... .......... .......... .......... 36% 2.60M 67s
101200K .......... .......... .......... .......... .......... 36% 2.37M 67s
101250K .......... .......... .......... .......... .......... 36% 2.71M 67s
101300K .......... .......... .......... .......... .......... 36% 2.61M 67s
101350K .......... .......... .......... .......... .......... 36% 2.70M 67s
101400K .......... .......... .......... .......... .......... 36% 2.32M 67s
101450K .......... .......... .......... .......... .......... 36% 2.69M 67s
101500K .......... .......... .......... .......... .......... 36% 2.81M 67s
101550K .......... .......... .......... .......... .......... 36% 2.39M 67s
101600K .......... .......... .......... .......... .......... 36% 2.70M 67s
101650K .......... .......... .......... .......... .......... 36% 2.80M 67s
101700K .......... .......... .......... .......... .......... 36% 2.68M 67s
101750K .......... .......... .......... .......... .......... 36% 2.65M 67s
101800K .......... .......... .......... .......... .......... 36% 2.38M 67s
101850K .......... .......... .......... .......... .......... 36% 2.67M 67s
101900K .......... .......... .......... .......... .......... 36% 2.67M 67s
101950K .......... .......... .......... .......... .......... 36% 2.63M 67s
102000K .......... .......... .......... .......... .......... 36% 2.41M 66s
102050K .......... .......... .......... .......... .......... 36% 2.66M 66s
102100K .......... .......... .......... .......... .......... 36% 2.83M 66s
102150K .......... .......... .......... .......... .......... 36% 2.64M 66s
102200K .......... .......... .......... .......... .......... 36% 2.44M 66s
102250K .......... .......... .......... .......... .......... 36% 2.83M 66s
102300K .......... .......... .......... .......... .......... 36% 2.80M 66s
102350K .......... .......... .......... .......... .......... 36% 2.77M 66s
102400K .......... .......... .......... .......... .......... 36% 2.56M 66s
102450K .......... .......... .......... .......... .......... 36% 2.86M 66s
102500K .......... .......... .......... .......... .......... 36% 2.69M 66s
102550K .......... .......... .......... .......... .......... 36% 2.36M 66s
102600K .......... .......... .......... .......... .......... 36% 2.84M 66s
102650K .......... .......... .......... .......... .......... 37% 2.77M 66s
102700K .......... .......... .......... .......... .......... 37% 2.80M 66s
102750K .......... .......... .......... .......... .......... 37% 2.46M 66s
102800K .......... .......... .......... .......... .......... 37% 2.85M 66s
102850K .......... .......... .......... .......... .......... 37% 2.86M 66s
102900K .......... .......... .......... .......... .......... 37% 2.79M 66s
102950K .......... .......... .......... .......... .......... 37% 2.45M 66s
103000K .......... .......... .......... .......... .......... 37% 2.81M 66s
103050K .......... .......... .......... .......... .......... 37% 2.79M 66s
103100K .......... .......... .......... .......... .......... 37% 2.63M 66s
103150K .......... .......... .......... .......... .......... 37% 2.38M 66s
103200K .......... .......... .......... .......... .......... 37% 2.63M 66s
103250K .......... .......... .......... .......... .......... 37% 2.85M 66s
103300K .......... .......... .......... .......... .......... 37% 2.80M 66s
103350K .......... .......... .......... .......... .......... 37% 2.81M 66s
103400K .......... .......... .......... .......... .......... 37% 2.49M 66s
103450K .......... .......... .......... .......... .......... 37% 2.80M 66s
103500K .......... .......... .......... .......... .......... 37% 2.83M 66s
103550K .......... .......... .......... .......... .......... 37% 2.81M 66s
103600K .......... .......... .......... .......... .......... 37% 2.49M 66s
103650K .......... .......... .......... .......... .......... 37% 2.78M 66s
103700K .......... .......... .......... .......... .......... 37% 2.80M 66s
103750K .......... .......... .......... .......... .......... 37% 2.76M 66s
103800K .......... .......... .......... .......... .......... 37% 2.42M 66s
103850K .......... .......... .......... .......... .......... 37% 2.76M 66s
103900K .......... .......... .......... .......... .......... 37% 2.76M 66s
103950K .......... .......... .......... .......... .......... 37% 2.73M 66s
104000K .......... .......... .......... .......... .......... 37% 2.44M 66s
104050K .......... .......... .......... .......... .......... 37% 2.71M 66s
104100K .......... .......... .......... .......... .......... 37% 2.74M 66s
104150K .......... .......... .......... .......... .......... 37% 2.76M 66s
104200K .......... .......... .......... .......... .......... 37% 2.38M 66s
104250K .......... .......... .......... .......... .......... 37% 2.70M 66s
104300K .......... .......... .......... .......... .......... 37% 2.62M 66s
104350K .......... .......... .......... .......... .......... 37% 2.71M 66s
104400K .......... .......... .......... .......... .......... 37% 2.38M 66s
104450K .......... .......... .......... .......... .......... 37% 2.67M 66s
104500K .......... .......... .......... .......... .......... 37% 2.71M 65s
104550K .......... .......... .......... .......... .......... 37% 2.41M 65s
104600K .......... .......... .......... .......... .......... 37% 2.61M 65s
104650K .......... .......... .......... .......... .......... 37% 2.73M 65s
104700K .......... .......... .......... .......... .......... 37% 2.79M 65s
104750K .......... .......... .......... .......... .......... 37% 2.39M 65s
104800K .......... .......... .......... .......... .......... 37% 2.68M 65s
104850K .......... .......... .......... .......... .......... 37% 2.72M 65s
104900K .......... .......... .......... .......... .......... 37% 2.78M 65s
104950K .......... .......... .......... .......... .......... 37% 2.42M 65s
105000K .......... .......... .......... .......... .......... 37% 2.74M 65s
105050K .......... .......... .......... .......... .......... 37% 2.63M 65s
105100K .......... .......... .......... .......... .......... 37% 2.73M 65s
105150K .......... .......... .......... .......... .......... 37% 2.33M 65s
105200K .......... .......... .......... .......... .......... 37% 2.77M 65s
105250K .......... .......... .......... .......... .......... 37% 2.68M 65s
105300K .......... .......... .......... .......... .......... 37% 2.74M 65s
105350K .......... .......... .......... .......... .......... 37% 2.47M 65s
105400K .......... .......... .......... .......... .......... 37% 2.67M 65s
105450K .......... .......... .......... .......... .......... 38% 2.78M 65s
105500K .......... .......... .......... .......... .......... 38% 2.75M 65s
105550K .......... .......... .......... .......... .......... 38% 2.35M 65s
105600K .......... .......... .......... .......... .......... 38% 2.69M 65s
105650K .......... .......... .......... .......... .......... 38% 2.52M 65s
105700K .......... .......... .......... .......... .......... 38% 2.63M 65s
105750K .......... .......... .......... .......... .......... 38% 2.39M 65s
105800K .......... .......... .......... .......... .......... 38% 2.70M 65s
105850K .......... .......... .......... .......... .......... 38% 2.82M 65s
105900K .......... .......... .......... .......... .......... 38% 2.68M 65s
105950K .......... .......... .......... .......... .......... 38% 2.62M 65s
106000K .......... .......... .......... .......... .......... 38% 2.37M 65s
106050K .......... .......... .......... .......... .......... 38% 2.66M 65s
106100K .......... .......... .......... .......... .......... 38% 2.73M 65s
106150K .......... .......... .......... .......... .......... 38% 2.82M 65s
106200K .......... .......... .......... .......... .......... 38% 2.42M 65s
106250K .......... .......... .......... .......... .......... 38% 2.69M 65s
106300K .......... .......... .......... .......... .......... 38% 2.67M 65s
106350K .......... .......... .......... .......... .......... 38% 2.69M 65s
106400K .......... .......... .......... .......... .......... 38% 2.43M 65s
106450K .......... .......... .......... .......... .......... 38% 2.61M 65s
106500K .......... .......... .......... .......... .......... 38% 2.72M 65s
106550K .......... .......... .......... .......... .......... 38% 2.77M 65s
106600K .......... .......... .......... .......... .......... 38% 2.86M 65s
106650K .......... .......... .......... .......... .......... 38% 2.48M 65s
106700K .......... .......... .......... .......... .......... 38% 2.74M 65s
106750K .......... .......... .......... .......... .......... 38% 2.78M 65s
106800K .......... .......... .......... .......... .......... 38% 2.25M 65s
106850K .......... .......... .......... .......... .......... 38% 2.31M 65s
106900K .......... .......... .......... .......... .......... 38% 2.75M 65s
106950K .......... .......... .......... .......... .......... 38% 2.82M 65s
107000K .......... .......... .......... .......... .......... 38% 2.84M 65s
107050K .......... .......... .......... .......... .......... 38% 2.39M 65s
107100K .......... .......... .......... .......... .......... 38% 2.76M 64s
107150K .......... .......... .......... .......... .......... 38% 2.61M 64s
107200K .......... .......... .......... .......... .......... 38% 2.68M 64s
107250K .......... .......... .......... .......... .......... 38% 2.39M 64s
107300K .......... .......... .......... .......... .......... 38% 2.68M 64s
107350K .......... .......... .......... .......... .......... 38% 2.78M 64s
107400K .......... .......... .......... .......... .......... 38% 2.47M 64s
107450K .......... .......... .......... .......... .......... 38% 2.62M 64s
107500K .......... .......... .......... .......... .......... 38% 2.70M 64s
107550K .......... .......... .......... .......... .......... 38% 2.38M 64s
107600K .......... .......... .......... .......... .......... 38% 2.53M 64s
107650K .......... .......... .......... .......... .......... 38% 2.73M 64s
107700K .......... .......... .......... .......... .......... 38% 2.72M 64s
107750K .......... .......... .......... .......... .......... 38% 2.46M 64s
107800K .......... .......... .......... .......... .......... 38% 2.70M 64s
107850K .......... .......... .......... .......... .......... 38% 2.71M 64s
107900K .......... .......... .......... .......... .......... 38% 2.60M 64s
107950K .......... .......... .......... .......... .......... 38% 2.57M 64s
108000K .......... .......... .......... .......... .......... 38% 2.35M 64s
108050K .......... .......... .......... .......... .......... 38% 2.69M 64s
108100K .......... .......... .......... .......... .......... 38% 2.68M 64s
108150K .......... .......... .......... .......... .......... 38% 2.73M 64s
108200K .......... .......... .......... .......... .......... 39% 2.33M 64s
108250K .......... .......... .......... .......... .......... 39% 2.62M 64s
108300K .......... .......... .......... .......... .......... 39% 2.67M 64s
108350K .......... .......... .......... .......... .......... 39% 2.65M 64s
108400K .......... .......... .......... .......... .......... 39% 2.42M 64s
108450K .......... .......... .......... .......... .......... 39% 2.62M 64s
108500K .......... .......... .......... .......... .......... 39% 2.78M 64s
108550K .......... .......... .......... .......... .......... 39% 2.73M 64s
108600K .......... .......... .......... .......... .......... 39% 2.47M 64s
108650K .......... .......... .......... .......... .......... 39% 2.71M 64s
108700K .......... .......... .......... .......... .......... 39% 2.71M 64s
108750K .......... .......... .......... .......... .......... 39% 2.35M 64s
108800K .......... .......... .......... .......... .......... 39% 2.77M 64s
108850K .......... .......... .......... .......... .......... 39% 2.43M 64s
108900K .......... .......... .......... .......... .......... 39% 2.71M 64s
108950K .......... .......... .......... .......... .......... 39% 2.36M 64s
109000K .......... .......... .......... .......... .......... 39% 2.70M 64s
109050K .......... .......... .......... .......... .......... 39% 2.78M 64s
109100K .......... .......... .......... .......... .......... 39% 2.41M 64s
109150K .......... .......... .......... .......... .......... 39% 2.30M 64s
109200K .......... .......... .......... .......... .......... 39% 2.64M 64s
109250K .......... .......... .......... .......... .......... 39% 2.45M 64s
109300K .......... .......... .......... .......... .......... 39% 2.42M 64s
109350K .......... .......... .......... .......... .......... 39% 2.15M 64s
109400K .......... .......... .......... .......... .......... 39% 2.69M 64s
109450K .......... .......... .......... .......... .......... 39% 2.71M 64s
109500K .......... .......... .......... .......... .......... 39% 2.74M 64s
109550K .......... .......... .......... .......... .......... 39% 2.34M 64s
109600K .......... .......... .......... .......... .......... 39% 2.71M 64s
109650K .......... .......... .......... .......... .......... 39% 2.72M 64s
109700K .......... .......... .......... .......... .......... 39% 2.76M 64s
109750K .......... .......... .......... .......... .......... 39% 2.38M 63s
109800K .......... .......... .......... .......... .......... 39% 2.72M 63s
109850K .......... .......... .......... .......... .......... 39% 2.71M 63s
109900K .......... .......... .......... .......... .......... 39% 2.73M 63s
109950K .......... .......... .......... .......... .......... 39% 2.36M 63s
110000K .......... .......... .......... .......... .......... 39% 2.76M 63s
110050K .......... .......... .......... .......... .......... 39% 2.75M 63s
110100K .......... .......... .......... .......... .......... 39% 2.76M 63s
110150K .......... .......... .......... .......... .......... 39% 2.49M 63s
110200K .......... .......... .......... .......... .......... 39% 2.77M 63s
110250K .......... .......... .......... .......... .......... 39% 2.77M 63s
110300K .......... .......... .......... .......... .......... 39% 2.81M 63s
110350K .......... .......... .......... .......... .......... 39% 2.49M 63s
110400K .......... .......... .......... .......... .......... 39% 2.78M 63s
110450K .......... .......... .......... .......... .......... 39% 2.77M 63s
110500K .......... .......... .......... .......... .......... 39% 2.81M 63s
110550K .......... .......... .......... .......... .......... 39% 2.45M 63s
110600K .......... .......... .......... .......... .......... 39% 2.82M 63s
110650K .......... .......... .......... .......... .......... 39% 2.76M 63s
110700K .......... .......... .......... .......... .......... 39% 2.84M 63s
110750K .......... .......... .......... .......... .......... 39% 2.43M 63s
110800K .......... .......... .......... .......... .......... 39% 2.73M 63s
110850K .......... .......... .......... .......... .......... 39% 2.82M 63s
110900K .......... .......... .......... .......... .......... 39% 2.48M 63s
110950K .......... .......... .......... .......... .......... 39% 2.73M 63s
111000K .......... .......... .......... .......... .......... 40% 2.65M 63s
111050K .......... .......... .......... .......... .......... 40% 2.74M 63s
111100K .......... .......... .......... .......... .......... 40% 2.40M 63s
111150K .......... .......... .......... .......... .......... 40% 2.68M 63s
111200K .......... .......... .......... .......... .......... 40% 2.78M 63s
111250K .......... .......... .......... .......... .......... 40% 2.68M 63s
111300K .......... .......... .......... .......... .......... 40% 2.26M 63s
111350K .......... .......... .......... .......... .......... 40% 2.81M 63s
111400K .......... .......... .......... .......... .......... 40% 2.35M 63s
111450K .......... .......... .......... .......... .......... 40% 2.75M 63s
111500K .......... .......... .......... .......... .......... 40% 2.80M 63s
111550K .......... .......... .......... .......... .......... 40% 2.69M 63s
111600K .......... .......... .......... .......... .......... 40% 2.41M 63s
111650K .......... .......... .......... .......... .......... 40% 2.65M 63s
111700K .......... .......... .......... .......... .......... 40% 2.69M 63s
111750K .......... .......... .......... .......... .......... 40% 2.73M 63s
111800K .......... .......... .......... .......... .......... 40% 2.43M 63s
111850K .......... .......... .......... .......... .......... 40% 2.84M 63s
111900K .......... .......... .......... .......... .......... 40% 2.69M 63s
111950K .......... .......... .......... .......... .......... 40% 2.63M 63s
112000K .......... .......... .......... .......... .......... 40% 2.34M 63s
112050K .......... .......... .......... .......... .......... 40% 2.69M 63s
112100K .......... .......... .......... .......... .......... 40% 2.64M 63s
112150K .......... .......... .......... .......... .......... 40% 2.69M 63s
112200K .......... .......... .......... .......... .......... 40% 2.82M 63s
112250K .......... .......... .......... .......... .......... 40% 2.41M 63s
112300K .......... .......... .......... .......... .......... 40% 2.72M 62s
112350K .......... .......... .......... .......... .......... 40% 2.62M 62s
112400K .......... .......... .......... .......... .......... 40% 2.58M 62s
112450K .......... .......... .......... .......... .......... 40% 2.79M 62s
112500K .......... .......... .......... .......... .......... 40% 2.67M 62s
112550K .......... .......... .......... .......... .......... 40% 2.74M 62s
112600K .......... .......... .......... .......... .......... 40% 2.48M 62s
112650K .......... .......... .......... .......... .......... 40% 2.70M 62s
112700K .......... .......... .......... .......... .......... 40% 2.75M 62s
112750K .......... .......... .......... .......... .......... 40% 2.71M 62s
112800K .......... .......... .......... .......... .......... 40% 2.41M 62s
112850K .......... .......... .......... .......... .......... 40% 2.69M 62s
112900K .......... .......... .......... .......... .......... 40% 2.68M 62s
112950K .......... .......... .......... .......... .......... 40% 2.77M 62s
113000K .......... .......... .......... .......... .......... 40% 2.47M 62s
113050K .......... .......... .......... .......... .......... 40% 2.75M 62s
113100K .......... .......... .......... .......... .......... 40% 2.72M 62s
113150K .......... .......... .......... .......... .......... 40% 2.72M 62s
113200K .......... .......... .......... .......... .......... 40% 2.39M 62s
113250K .......... .......... .......... .......... .......... 40% 2.60M 62s
113300K .......... .......... .......... .......... .......... 40% 2.54M 62s
113350K .......... .......... .......... .......... .......... 40% 2.64M 62s
113400K .......... .......... .......... .......... .......... 40% 2.42M 62s
113450K .......... .......... .......... .......... .......... 40% 2.75M 62s
113500K .......... .......... .......... .......... .......... 40% 2.75M 62s
113550K .......... .......... .......... .......... .......... 40% 2.77M 62s
113600K .......... .......... .......... .......... .......... 40% 2.46M 62s
113650K .......... .......... .......... .......... .......... 40% 2.76M 62s
113700K .......... .......... .......... .......... .......... 40% 2.81M 62s
113750K .......... .......... .......... .......... .......... 41% 2.79M 62s
113800K .......... .......... .......... .......... .......... 41% 2.40M 62s
113850K .......... .......... .......... .......... .......... 41% 2.70M 62s
113900K .......... .......... .......... .......... .......... 41% 2.69M 62s
113950K .......... .......... .......... .......... .......... 41% 2.60M 62s
114000K .......... .......... .......... .......... .......... 41% 2.33M 62s
114050K .......... .......... .......... .......... .......... 41% 2.70M 62s
114100K .......... .......... .......... .......... .......... 41% 2.74M 62s
114150K .......... .......... .......... .......... .......... 41% 2.74M 62s
114200K .......... .......... .......... .......... .......... 41% 2.43M 62s
114250K .......... .......... .......... .......... .......... 41% 2.71M 62s
114300K .......... .......... .......... .......... .......... 41% 2.79M 62s
114350K .......... .......... .......... .......... .......... 41% 2.62M 62s
114400K .......... .......... .......... .......... .......... 41% 2.37M 62s
114450K .......... .......... .......... .......... .......... 41% 2.81M 62s
114500K .......... .......... .......... .......... .......... 41% 2.77M 62s
114550K .......... .......... .......... .......... .......... 41% 2.74M 62s
114600K .......... .......... .......... .......... .......... 41% 2.42M 62s
114650K .......... .......... .......... .......... .......... 41% 2.70M 62s
114700K .......... .......... .......... .......... .......... 41% 2.72M 62s
114750K .......... .......... .......... .......... .......... 41% 2.72M 62s
114800K .......... .......... .......... .......... .......... 41% 2.40M 62s
114850K .......... .......... .......... .......... .......... 41% 2.84M 61s
114900K .......... .......... .......... .......... .......... 41% 2.80M 61s
114950K .......... .......... .......... .......... .......... 41% 2.78M 61s
115000K .......... .......... .......... .......... .......... 41% 2.40M 61s
115050K .......... .......... .......... .......... .......... 41% 2.78M 61s
115100K .......... .......... .......... .......... .......... 41% 2.76M 61s
115150K .......... .......... .......... .......... .......... 41% 2.78M 61s
115200K .......... .......... .......... .......... .......... 41% 2.25M 61s
115250K .......... .......... .......... .......... .......... 41% 2.71M 61s
115300K .......... .......... .......... .......... .......... 41% 2.74M 61s
115350K .......... .......... .......... .......... .......... 41% 2.74M 61s
115400K .......... .......... .......... .......... .......... 41% 2.48M 61s
115450K .......... .......... .......... .......... .......... 41% 2.78M 61s
115500K .......... .......... .......... .......... .......... 41% 2.65M 61s
115550K .......... .......... .......... .......... .......... 41% 2.73M 61s
115600K .......... .......... .......... .......... .......... 41% 2.76M 61s
115650K .......... .......... .......... .......... .......... 41% 2.88M 61s
115700K .......... .......... .......... .......... .......... 41% 2.70M 61s
115750K .......... .......... .......... .......... .......... 41% 2.45M 61s
115800K .......... .......... .......... .......... .......... 41% 2.74M 61s
115850K .......... .......... .......... .......... .......... 41% 2.69M 61s
115900K .......... .......... .......... .......... .......... 41% 2.80M 61s
115950K .......... .......... .......... .......... .......... 41% 2.43M 61s
116000K .......... .......... .......... .......... .......... 41% 2.83M 61s
116050K .......... .......... .......... .......... .......... 41% 2.81M 61s
116100K .......... .......... .......... .......... .......... 41% 2.82M 61s
116150K .......... .......... .......... .......... .......... 41% 2.44M 61s
116200K .......... .......... .......... .......... .......... 41% 2.78M 61s
116250K .......... .......... .......... .......... .......... 41% 2.70M 61s
116300K .......... .......... .......... .......... .......... 41% 2.67M 61s
116350K .......... .......... .......... .......... .......... 41% 2.43M 61s
116400K .......... .......... .......... .......... .......... 41% 2.79M 61s
116450K .......... .......... .......... .......... .......... 41% 2.55M 61s
116500K .......... .......... .......... .......... .......... 41% 2.60M 61s
116550K .......... .......... .......... .......... .......... 42% 2.63M 61s
116600K .......... .......... .......... .......... .......... 42% 2.43M 61s
116650K .......... .......... .......... .......... .......... 42% 2.63M 61s
116700K .......... .......... .......... .......... .......... 42% 2.93M 61s
116750K .......... .......... .......... .......... .......... 42% 2.66M 61s
116800K .......... .......... .......... .......... .......... 42% 2.85M 61s
116850K .......... .......... .......... .......... .......... 42% 2.48M 61s
116900K .......... .......... .......... .......... .......... 42% 2.76M 61s
116950K .......... .......... .......... .......... .......... 42% 2.72M 61s
117000K .......... .......... .......... .......... .......... 42% 2.62M 61s
117050K .......... .......... .......... .......... .......... 42% 2.79M 61s
117100K .......... .......... .......... .......... .......... 42% 2.28M 61s
117150K .......... .......... .......... .......... .......... 42% 2.76M 61s
117200K .......... .......... .......... .......... .......... 42% 2.83M 61s
117250K .......... .......... .......... .......... .......... 42% 2.81M 61s
117300K .......... .......... .......... .......... .......... 42% 2.29M 61s
117350K .......... .......... .......... .......... .......... 42% 2.72M 61s
117400K .......... .......... .......... .......... .......... 42% 2.77M 60s
117450K .......... .......... .......... .......... .......... 42% 2.79M 60s
117500K .......... .......... .......... .......... .......... 42% 2.51M 60s
117550K .......... .......... .......... .......... .......... 42% 2.87M 60s
117600K .......... .......... .......... .......... .......... 42% 2.78M 60s
117650K .......... .......... .......... .......... .......... 42% 2.81M 60s
117700K .......... .......... .......... .......... .......... 42% 2.23M 60s
117750K .......... .......... .......... .......... .......... 42% 2.73M 60s
117800K .......... .......... .......... .......... .......... 42% 2.51M 60s
117850K .......... .......... .......... .......... .......... 42% 2.64M 60s
117900K .......... .......... .......... .......... .......... 42% 2.74M 60s
117950K .......... .......... .......... .......... .......... 42% 2.53M 60s
118000K .......... .......... .......... .......... .......... 42% 2.82M 60s
118050K .......... .......... .......... .......... .......... 42% 2.82M 60s
118100K .......... .......... .......... .......... .......... 42% 2.67M 60s
118150K .......... .......... .......... .......... .......... 42% 2.67M 60s
118200K .......... .......... .......... .......... .......... 42% 2.45M 60s
118250K .......... .......... .......... .......... .......... 42% 2.80M 60s
118300K .......... .......... .......... .......... .......... 42% 2.77M 60s
118350K .......... .......... .......... .......... .......... 42% 2.78M 60s
118400K .......... .......... .......... .......... .......... 42% 2.26M 60s
118450K .......... .......... .......... .......... .......... 42% 2.46M 60s
118500K .......... .......... .......... .......... .......... 42% 2.66M 60s
118550K .......... .......... .......... .......... .......... 42% 2.70M 60s
118600K .......... .......... .......... .......... .......... 42% 2.36M 60s
118650K .......... .......... .......... .......... .......... 42% 2.74M 60s
118700K .......... .......... .......... .......... .......... 42% 2.75M 60s
118750K .......... .......... .......... .......... .......... 42% 2.52M 60s
118800K .......... .......... .......... .......... .......... 42% 2.45M 60s
118850K .......... .......... .......... .......... .......... 42% 2.78M 60s
118900K .......... .......... .......... .......... .......... 42% 2.72M 60s
118950K .......... .......... .......... .......... .......... 42% 2.48M 60s
119000K .......... .......... .......... .......... .......... 42% 2.77M 60s
119050K .......... .......... .......... .......... .......... 42% 2.76M 60s
119100K .......... .......... .......... .......... .......... 42% 2.75M 60s
119150K .......... .......... .......... .......... .......... 42% 2.38M 60s
119200K .......... .......... .......... .......... .......... 42% 2.67M 60s
119250K .......... .......... .......... .......... .......... 42% 2.71M 60s
119300K .......... .......... .......... .......... .......... 43% 2.73M 60s
119350K .......... .......... .......... .......... .......... 43% 2.72M 60s
119400K .......... .......... .......... .......... .......... 43% 2.36M 60s
119450K .......... .......... .......... .......... .......... 43% 2.77M 60s
119500K .......... .......... .......... .......... .......... 43% 2.78M 60s
119550K .......... .......... .......... .......... .......... 43% 2.79M 60s
119600K .......... .......... .......... .......... .......... 43% 2.51M 60s
119650K .......... .......... .......... .......... .......... 43% 2.82M 60s
119700K .......... .......... .......... .......... .......... 43% 2.75M 60s
119750K .......... .......... .......... .......... .......... 43% 2.79M 60s
119800K .......... .......... .......... .......... .......... 43% 2.41M 60s
119850K .......... .......... .......... .......... .......... 43% 2.80M 60s
119900K .......... .......... .......... .......... .......... 43% 2.82M 60s
119950K .......... .......... .......... .......... .......... 43% 2.81M 59s
120000K .......... .......... .......... .......... .......... 43% 2.41M 59s
120050K .......... .......... .......... .......... .......... 43% 2.77M 59s
120100K .......... .......... .......... .......... .......... 43% 2.69M 59s
120150K .......... .......... .......... .......... .......... 43% 2.77M 59s
120200K .......... .......... .......... .......... .......... 43% 2.36M 59s
120250K .......... .......... .......... .......... .......... 43% 2.72M 59s
120300K .......... .......... .......... .......... .......... 43% 2.74M 59s
120350K .......... .......... .......... .......... .......... 43% 2.73M 59s
120400K .......... .......... .......... .......... .......... 43% 2.42M 59s
120450K .......... .......... .......... .......... .......... 43% 2.69M 59s
120500K .......... .......... .......... .......... .......... 43% 2.72M 59s
120550K .......... .......... .......... .......... .......... 43% 2.71M 59s
120600K .......... .......... .......... .......... .......... 43% 2.36M 59s
120650K .......... .......... .......... .......... .......... 43% 2.75M 59s
120700K .......... .......... .......... .......... .......... 43% 2.66M 59s
120750K .......... .......... .......... .......... .......... 43% 2.77M 59s
120800K .......... .......... .......... .......... .......... 43% 2.40M 59s
120850K .......... .......... .......... .......... .......... 43% 2.80M 59s
120900K .......... .......... .......... .......... .......... 43% 2.84M 59s
120950K .......... .......... .......... .......... .......... 43% 2.76M 59s
121000K .......... .......... .......... .......... .......... 43% 2.51M 59s
121050K .......... .......... .......... .......... .......... 43% 2.73M 59s
121100K .......... .......... .......... .......... .......... 43% 2.73M 59s
121150K .......... .......... .......... .......... .......... 43% 2.37M 59s
121200K .......... .......... .......... .......... .......... 43% 2.67M 59s
121250K .......... .......... .......... .......... .......... 43% 2.58M 59s
121300K .......... .......... .......... .......... .......... 43% 2.75M 59s
121350K .......... .......... .......... .......... .......... 43% 2.86M 59s
121400K .......... .......... .......... .......... .......... 43% 2.48M 59s
121450K .......... .......... .......... .......... .......... 43% 2.71M 59s
121500K .......... .......... .......... .......... .......... 43% 2.82M 59s
121550K .......... .......... .......... .......... .......... 43% 2.80M 59s
121600K .......... .......... .......... .......... .......... 43% 2.45M 59s
121650K .......... .......... .......... .......... .......... 43% 2.78M 59s
121700K .......... .......... .......... .......... .......... 43% 2.79M 59s
121750K .......... .......... .......... .......... .......... 43% 2.90M 59s
121800K .......... .......... .......... .......... .......... 43% 2.48M 59s
121850K .......... .......... .......... .......... .......... 43% 2.73M 59s
121900K .......... .......... .......... .......... .......... 43% 2.79M 59s
121950K .......... .......... .......... .......... .......... 43% 2.76M 59s
122000K .......... .......... .......... .......... .......... 43% 2.47M 59s
122050K .......... .......... .......... .......... .......... 43% 2.80M 59s
122100K .......... .......... .......... .......... .......... 44% 2.82M 59s
122150K .......... .......... .......... .......... .......... 44% 2.77M 59s
122200K .......... .......... .......... .......... .......... 44% 2.46M 59s
122250K .......... .......... .......... .......... .......... 44% 2.84M 59s
122300K .......... .......... .......... .......... .......... 44% 2.50M 59s
122350K .......... .......... .......... .......... .......... 44% 2.70M 59s
122400K .......... .......... .......... .......... .......... 44% 2.74M 59s
122450K .......... .......... .......... .......... .......... 44% 2.59M 59s
122500K .......... .......... .......... .......... .......... 44% 2.67M 58s
122550K .......... .......... .......... .......... .......... 44% 2.40M 58s
122600K .......... .......... .......... .......... .......... 44% 2.56M 58s
122650K .......... .......... .......... .......... .......... 44% 2.75M 58s
122700K .......... .......... .......... .......... .......... 44% 2.78M 58s
122750K .......... .......... .......... .......... .......... 44% 2.32M 58s
122800K .......... .......... .......... .......... .......... 44% 2.66M 58s
122850K .......... .......... .......... .......... .......... 44% 2.74M 58s
122900K .......... .......... .......... .......... .......... 44% 2.78M 58s
122950K .......... .......... .......... .......... .......... 44% 2.42M 58s
123000K .......... .......... .......... .......... .......... 44% 2.56M 58s
123050K .......... .......... .......... .......... .......... 44% 2.72M 58s
123100K .......... .......... .......... .......... .......... 44% 2.72M 58s
123150K .......... .......... .......... .......... .......... 44% 2.36M 58s
123200K .......... .......... .......... .......... .......... 44% 2.70M 58s
123250K .......... .......... .......... .......... .......... 44% 2.58M 58s
123300K .......... .......... .......... .......... .......... 44% 2.66M 58s
123350K .......... .......... .......... .......... .......... 44% 2.74M 58s
123400K .......... .......... .......... .......... .......... 44% 2.38M 58s
123450K .......... .......... .......... .......... .......... 44% 2.62M 58s
123500K .......... .......... .......... .......... .......... 44% 2.73M 58s
123550K .......... .......... .......... .......... .......... 44% 2.72M 58s
123600K .......... .......... .......... .......... .......... 44% 2.42M 58s
123650K .......... .......... .......... .......... .......... 44% 2.88M 58s
123700K .......... .......... .......... .......... .......... 44% 2.81M 58s
123750K .......... .......... .......... .......... .......... 44% 2.58M 58s
123800K .......... .......... .......... .......... .......... 44% 2.77M 58s
123850K .......... .......... .......... .......... .......... 44% 2.82M 58s
123900K .......... .......... .......... .......... .......... 44% 2.61M 58s
123950K .......... .......... .......... .......... .......... 44% 2.57M 58s
124000K .......... .......... .......... .......... .......... 44% 2.82M 58s
124050K .......... .......... .......... .......... .......... 44% 2.77M 58s
124100K .......... .......... .......... .......... .......... 44% 2.70M 58s
124150K .......... .......... .......... .......... .......... 44% 2.31M 58s
124200K .......... .......... .......... .......... .......... 44% 2.67M 58s
124250K .......... .......... .......... .......... .......... 44% 2.64M 58s
124300K .......... .......... .......... .......... .......... 44% 2.51M 58s
124350K .......... .......... .......... .......... .......... 44% 2.35M 58s
124400K .......... .......... .......... .......... .......... 44% 2.81M 58s
124450K .......... .......... .......... .......... .......... 44% 2.79M 58s
124500K .......... .......... .......... .......... .......... 44% 2.71M 58s
124550K .......... .......... .......... .......... .......... 44% 2.38M 58s
124600K .......... .......... .......... .......... .......... 44% 2.78M 58s
124650K .......... .......... .......... .......... .......... 44% 2.74M 58s
124700K .......... .......... .......... .......... .......... 44% 2.64M 58s
124750K .......... .......... .......... .......... .......... 44% 2.73M 58s
124800K .......... .......... .......... .......... .......... 44% 2.45M 58s
124850K .......... .......... .......... .......... .......... 45% 2.71M 58s
124900K .......... .......... .......... .......... .......... 45% 2.68M 58s
124950K .......... .......... .......... .......... .......... 45% 2.70M 58s
125000K .......... .......... .......... .......... .......... 45% 2.42M 58s
125050K .......... .......... .......... .......... .......... 45% 2.76M 58s
125100K .......... .......... .......... .......... .......... 45% 2.79M 57s
125150K .......... .......... .......... .......... .......... 45% 2.84M 57s
125200K .......... .......... .......... .......... .......... 45% 2.40M 57s
125250K .......... .......... .......... .......... .......... 45% 2.78M 57s
125300K .......... .......... .......... .......... .......... 45% 2.86M 57s
125350K .......... .......... .......... .......... .......... 45% 2.79M 57s
125400K .......... .......... .......... .......... .......... 45% 2.50M 57s
125450K .......... .......... .......... .......... .......... 45% 2.87M 57s
125500K .......... .......... .......... .......... .......... 45% 2.84M 57s
125550K .......... .......... .......... .......... .......... 45% 2.80M 57s
125600K .......... .......... .......... .......... .......... 45% 2.50M 57s
125650K .......... .......... .......... .......... .......... 45% 2.74M 57s
125700K .......... .......... .......... .......... .......... 45% 2.53M 57s
125750K .......... .......... .......... .......... .......... 45% 2.78M 57s
125800K .......... .......... .......... .......... .......... 45% 2.71M 57s
125850K .......... .......... .......... .......... .......... 45% 2.66M 57s
125900K .......... .......... .......... .......... .......... 45% 2.54M 57s
125950K .......... .......... .......... .......... .......... 45% 2.64M 57s
126000K .......... .......... .......... .......... .......... 45% 2.74M 57s
126050K .......... .......... .......... .......... .......... 45% 2.72M 57s
126100K .......... .......... .......... .......... .......... 45% 2.37M 57s
126150K .......... .......... .......... .......... .......... 45% 2.28M 57s
126200K .......... .......... .......... .......... .......... 45% 2.42M 57s
126250K .......... .......... .......... .......... .......... 45% 2.62M 57s
126300K .......... .......... .......... .......... .......... 45% 2.87M 57s
126350K .......... .......... .......... .......... .......... 45% 2.49M 57s
126400K .......... .......... .......... .......... .......... 45% 2.61M 57s
126450K .......... .......... .......... .......... .......... 45% 2.45M 57s
126500K .......... .......... .......... .......... .......... 45% 2.74M 57s
126550K .......... .......... .......... .......... .......... 45% 2.46M 57s
126600K .......... .......... .......... .......... .......... 45% 2.72M 57s
126650K .......... .......... .......... .......... .......... 45% 2.75M 57s
126700K .......... .......... .......... .......... .......... 45% 2.75M 57s
126750K .......... .......... .......... .......... .......... 45% 2.44M 57s
126800K .......... .......... .......... .......... .......... 45% 2.85M 57s
126850K .......... .......... .......... .......... .......... 45% 2.87M 57s
126900K .......... .......... .......... .......... .......... 45% 2.76M 57s
126950K .......... .......... .......... .......... .......... 45% 2.75M 57s
127000K .......... .......... .......... .......... .......... 45% 2.41M 57s
127050K .......... .......... .......... .......... .......... 45% 2.79M 57s
127100K .......... .......... .......... .......... .......... 45% 2.74M 57s
127150K .......... .......... .......... .......... .......... 45% 2.57M 57s
127200K .......... .......... .......... .......... .......... 45% 2.72M 57s
127250K .......... .......... .......... .......... .......... 45% 2.68M 57s
127300K .......... .......... .......... .......... .......... 45% 2.46M 57s
127350K .......... .......... .......... .......... .......... 45% 2.81M 57s
127400K .......... .......... .......... .......... .......... 45% 2.90M 57s
127450K .......... .......... .......... .......... .......... 45% 2.83M 57s
127500K .......... .......... .......... .......... .......... 45% 2.49M 57s
127550K .......... .......... .......... .......... .......... 45% 2.85M 57s
127600K .......... .......... .......... .......... .......... 45% 2.84M 57s
127650K .......... .......... .......... .......... .......... 46% 2.80M 57s
127700K .......... .......... .......... .......... .......... 46% 2.42M 56s
127750K .......... .......... .......... .......... .......... 46% 2.99M 56s
127800K .......... .......... .......... .......... .......... 46% 2.53M 56s
127850K .......... .......... .......... .......... .......... 46% 2.81M 56s
127900K .......... .......... .......... .......... .......... 46% 2.78M 56s
127950K .......... .......... .......... .......... .......... 46% 2.81M 56s
128000K .......... .......... .......... .......... .......... 46% 2.47M 56s
128050K .......... .......... .......... .......... .......... 46% 2.81M 56s
128100K .......... .......... .......... .......... .......... 46% 2.78M 56s
128150K .......... .......... .......... .......... .......... 46% 2.82M 56s
128200K .......... .......... .......... .......... .......... 46% 2.52M 56s
128250K .......... .......... .......... .......... .......... 46% 2.79M 56s
128300K .......... .......... .......... .......... .......... 46% 2.80M 56s
128350K .......... .......... .......... .......... .......... 46% 2.90M 56s
128400K .......... .......... .......... .......... .......... 46% 2.47M 56s
128450K .......... .......... .......... .......... .......... 46% 2.80M 56s
128500K .......... .......... .......... .......... .......... 46% 2.75M 56s
128550K .......... .......... .......... .......... .......... 46% 2.64M 56s
128600K .......... .......... .......... .......... .......... 46% 2.76M 56s
128650K .......... .......... .......... .......... .......... 46% 2.41M 56s
128700K .......... .......... .......... .......... .......... 46% 2.72M 56s
128750K .......... .......... .......... .......... .......... 46% 2.69M 56s
128800K .......... .......... .......... .......... .......... 46% 2.69M 56s
128850K .......... .......... .......... .......... .......... 46% 2.36M 56s
128900K .......... .......... .......... .......... .......... 46% 2.76M 56s
128950K .......... .......... .......... .......... .......... 46% 2.79M 56s
129000K .......... .......... .......... .......... .......... 46% 2.69M 56s
129050K .......... .......... .......... .......... .......... 46% 2.38M 56s
129100K .......... .......... .......... .......... .......... 46% 2.65M 56s
129150K .......... .......... .......... .......... .......... 46% 2.69M 56s
129200K .......... .......... .......... .......... .......... 46% 2.56M 56s
129250K .......... .......... .......... .......... .......... 46% 2.31M 56s
129300K .......... .......... .......... .......... .......... 46% 2.70M 56s
129350K .......... .......... .......... .......... .......... 46% 2.80M 56s
129400K .......... .......... .......... .......... .......... 46% 2.75M 56s
129450K .......... .......... .......... .......... .......... 46% 2.39M 56s
129500K .......... .......... .......... .......... .......... 46% 2.74M 56s
129550K .......... .......... .......... .......... .......... 46% 2.93M 56s
129600K .......... .......... .......... .......... .......... 46% 2.24M 56s
129650K .......... .......... .......... .......... .......... 46% 2.68M 56s
129700K .......... .......... .......... .......... .......... 46% 2.74M 56s
129750K .......... .......... .......... .......... .......... 46% 2.77M 56s
129800K .......... .......... .......... .......... .......... 46% 2.42M 56s
129850K .......... .......... .......... .......... .......... 46% 2.55M 56s
129900K .......... .......... .......... .......... .......... 46% 2.60M 56s
129950K .......... .......... .......... .......... .......... 46% 2.73M 56s
130000K .......... .......... .......... .......... .......... 46% 2.34M 56s
130050K .......... .......... .......... .......... .......... 46% 2.71M 56s
130100K .......... .......... .......... .......... .......... 46% 2.70M 56s
130150K .......... .......... .......... .......... .......... 46% 2.68M 56s
130200K .......... .......... .......... .......... .......... 46% 2.37M 56s
130250K .......... .......... .......... .......... .......... 46% 2.75M 56s
130300K .......... .......... .......... .......... .......... 46% 2.72M 55s
130350K .......... .......... .......... .......... .......... 46% 2.71M 55s
130400K .......... .......... .......... .......... .......... 47% 2.32M 55s
130450K .......... .......... .......... .......... .......... 47% 2.77M 55s
130500K .......... .......... .......... .......... .......... 47% 2.78M 55s
130550K .......... .......... .......... .......... .......... 47% 2.54M 55s
130600K .......... .......... .......... .......... .......... 47% 2.35M 55s
130650K .......... .......... .......... .......... .......... 47% 2.68M 55s
130700K .......... .......... .......... .......... .......... 47% 2.69M 55s
130750K .......... .......... .......... .......... .......... 47% 2.78M 55s
130800K .......... .......... .......... .......... .......... 47% 2.42M 55s
130850K .......... .......... .......... .......... .......... 47% 2.78M 55s
130900K .......... .......... .......... .......... .......... 47% 2.76M 55s
130950K .......... .......... .......... .......... .......... 47% 2.66M 55s
131000K .......... .......... .......... .......... .......... 47% 2.37M 55s
131050K .......... .......... .......... .......... .......... 47% 2.67M 55s
131100K .......... .......... .......... .......... .......... 47% 2.54M 55s
131150K .......... .......... .......... .......... .......... 47% 2.36M 55s
131200K .......... .......... .......... .......... .......... 47% 2.51M 55s
131250K .......... .......... .......... .......... .......... 47% 2.59M 55s
131300K .......... .......... .......... .......... .......... 47% 2.51M 55s
131350K .......... .......... .......... .......... .......... 47% 2.12M 55s
131400K .......... .......... .......... .......... .......... 47% 2.72M 55s
131450K .......... .......... .......... .......... .......... 47% 2.64M 55s
131500K .......... .......... .......... .......... .......... 47% 2.74M 55s
131550K .......... .......... .......... .......... .......... 47% 2.70M 55s
131600K .......... .......... .......... .......... .......... 47% 2.46M 55s
131650K .......... .......... .......... .......... .......... 47% 2.70M 55s
131700K .......... .......... .......... .......... .......... 47% 2.74M 55s
131750K .......... .......... .......... .......... .......... 47% 2.76M 55s
131800K .......... .......... .......... .......... .......... 47% 2.47M 55s
131850K .......... .......... .......... .......... .......... 47% 2.68M 55s
131900K .......... .......... .......... .......... .......... 47% 2.66M 55s
131950K .......... .......... .......... .......... .......... 47% 2.74M 55s
132000K .......... .......... .......... .......... .......... 47% 2.33M 55s
132050K .......... .......... .......... .......... .......... 47% 2.59M 55s
132100K .......... .......... .......... .......... .......... 47% 2.67M 55s
132150K .......... .......... .......... .......... .......... 47% 2.64M 55s
132200K .......... .......... .......... .......... .......... 47% 2.37M 55s
132250K .......... .......... .......... .......... .......... 47% 2.74M 55s
132300K .......... .......... .......... .......... .......... 47% 2.71M 55s
132350K .......... .......... .......... .......... .......... 47% 2.78M 55s
132400K .......... .......... .......... .......... .......... 47% 2.38M 55s
132450K .......... .......... .......... .......... .......... 47% 2.69M 55s
132500K .......... .......... .......... .......... .......... 47% 2.83M 55s
132550K .......... .......... .......... .......... .......... 47% 2.67M 55s
132600K .......... .......... .......... .......... .......... 47% 2.43M 55s
132650K .......... .......... .......... .......... .......... 47% 2.71M 55s
132700K .......... .......... .......... .......... .......... 47% 2.67M 55s
132750K .......... .......... .......... .......... .......... 47% 2.73M 55s
132800K .......... .......... .......... .......... .......... 47% 2.38M 55s
132850K .......... .......... .......... .......... .......... 47% 2.72M 55s
132900K .......... .......... .......... .......... .......... 47% 2.73M 54s
132950K .......... .......... .......... .......... .......... 47% 2.60M 54s
133000K .......... .......... .......... .......... .......... 47% 2.33M 54s
133050K .......... .......... .......... .......... .......... 47% 2.59M 54s
133100K .......... .......... .......... .......... .......... 47% 2.87M 54s
133150K .......... .......... .......... .......... .......... 47% 2.78M 54s
133200K .......... .......... .......... .......... .......... 48% 2.36M 54s
133250K .......... .......... .......... .......... .......... 48% 2.68M 54s
133300K .......... .......... .......... .......... .......... 48% 2.72M 54s
133350K .......... .......... .......... .......... .......... 48% 2.65M 54s
133400K .......... .......... .......... .......... .......... 48% 2.34M 54s
133450K .......... .......... .......... .......... .......... 48% 2.69M 54s
133500K .......... .......... .......... .......... .......... 48% 2.69M 54s
133550K .......... .......... .......... .......... .......... 48% 2.37M 54s
133600K .......... .......... .......... .......... .......... 48% 2.89M 54s
133650K .......... .......... .......... .......... .......... 48% 2.39M 54s
133700K .......... .......... .......... .......... .......... 48% 2.74M 54s
133750K .......... .......... .......... .......... .......... 48% 2.70M 54s
133800K .......... .......... .......... .......... .......... 48% 2.74M 54s
133850K .......... .......... .......... .......... .......... 48% 2.60M 54s
133900K .......... .......... .......... .......... .......... 48% 2.45M 54s
133950K .......... .......... .......... .......... .......... 48% 2.73M 54s
134000K .......... .......... .......... .......... .......... 48% 2.71M 54s
134050K .......... .......... .......... .......... .......... 48% 2.70M 54s
134100K .......... .......... .......... .......... .......... 48% 2.41M 54s
134150K .......... .......... .......... .......... .......... 48% 2.45M 54s
134200K .......... .......... .......... .......... .......... 48% 2.73M 54s
134250K .......... .......... .......... .......... .......... 48% 2.74M 54s
134300K .......... .......... .......... .......... .......... 48% 2.75M 54s
134350K .......... .......... .......... .......... .......... 48% 2.32M 54s
134400K .......... .......... .......... .......... .......... 48% 2.69M 54s
134450K .......... .......... .......... .......... .......... 48% 2.65M 54s
134500K .......... .......... .......... .......... .......... 48% 2.62M 54s
134550K .......... .......... .......... .......... .......... 48% 2.69M 54s
134600K .......... .......... .......... .......... .......... 48% 2.47M 54s
134650K .......... .......... .......... .......... .......... 48% 2.71M 54s
134700K .......... .......... .......... .......... .......... 48% 2.77M 54s
134750K .......... .......... .......... .......... .......... 48% 2.75M 54s
134800K .......... .......... .......... .......... .......... 48% 2.38M 54s
134850K .......... .......... .......... .......... .......... 48% 2.76M 54s
134900K .......... .......... .......... .......... .......... 48% 2.53M 54s
134950K .......... .......... .......... .......... .......... 48% 2.67M 54s
135000K .......... .......... .......... .......... .......... 48% 2.44M 54s
135050K .......... .......... .......... .......... .......... 48% 2.77M 54s
135100K .......... .......... .......... .......... .......... 48% 2.56M 54s
135150K .......... .......... .......... .......... .......... 48% 2.71M 54s
135200K .......... .......... .......... .......... .......... 48% 3.09M 54s
135250K .......... .......... .......... .......... .......... 48% 2.70M 54s
135300K .......... .......... .......... .......... .......... 48% 3.39M 54s
135350K .......... .......... .......... .......... .......... 48% 3.32M 54s
135400K .......... .......... .......... .......... .......... 48% 3.29M 54s
135450K .......... .......... .......... .......... .......... 48% 2.74M 54s
135500K .......... .......... .......... .......... .......... 48% 3.32M 53s
135550K .......... .......... .......... .......... .......... 48% 3.22M 53s
135600K .......... .......... .......... .......... .......... 48% 2.69M 53s
135650K .......... .......... .......... .......... .......... 48% 2.42M 53s
135700K .......... .......... .......... .......... .......... 48% 2.78M 53s
135750K .......... .......... .......... .......... .......... 48% 2.82M 53s
135800K .......... .......... .......... .......... .......... 48% 2.86M 53s
135850K .......... .......... .......... .......... .......... 48% 2.43M 53s
135900K .......... .......... .......... .......... .......... 48% 2.86M 53s
135950K .......... .......... .......... .......... .......... 49% 2.81M 53s
136000K .......... .......... .......... .......... .......... 49% 2.78M 53s
136050K .......... .......... .......... .......... .......... 49% 2.56M 53s
136100K .......... .......... .......... .......... .......... 49% 2.38M 53s
136150K .......... .......... .......... .......... .......... 49% 2.80M 53s
136200K .......... .......... .......... .......... .......... 49% 2.78M 53s
136250K .......... .......... .......... .......... .......... 49% 2.63M 53s
136300K .......... .......... .......... .......... .......... 49% 2.29M 53s
136350K .......... .......... .......... .......... .......... 49% 2.61M 53s
136400K .......... .......... .......... .......... .......... 49% 2.54M 53s
136450K .......... .......... .......... .......... .......... 49% 2.63M 53s
136500K .......... .......... .......... .......... .......... 49% 2.81M 53s
136550K .......... .......... .......... .......... .......... 49% 2.88M 53s
136600K .......... .......... .......... .......... .......... 49% 2.49M 53s
136650K .......... .......... .......... .......... .......... 49% 2.77M 53s
136700K .......... .......... .......... .......... .......... 49% 2.86M 53s
136750K .......... .......... .......... .......... .......... 49% 2.80M 53s
136800K .......... .......... .......... .......... .......... 49% 2.38M 53s
136850K .......... .......... .......... .......... .......... 49% 2.75M 53s
136900K .......... .......... .......... .......... .......... 49% 2.46M 53s
136950K .......... .......... .......... .......... .......... 49% 2.73M 53s
137000K .......... .......... .......... .......... .......... 49% 2.59M 53s
137050K .......... .......... .......... .......... .......... 49% 2.66M 53s
137100K .......... .......... .......... .......... .......... 49% 2.41M 53s
137150K .......... .......... .......... .......... .......... 49% 2.63M 53s
137200K .......... .......... .......... .......... .......... 49% 2.60M 53s
137250K .......... .......... .......... .......... .......... 49% 2.74M 53s
137300K .......... .......... .......... .......... .......... 49% 2.51M 53s
137350K .......... .......... .......... .......... .......... 49% 2.73M 53s
137400K .......... .......... .......... .......... .......... 49% 2.72M 53s
137450K .......... .......... .......... .......... .......... 49% 2.84M 53s
137500K .......... .......... .......... .......... .......... 49% 2.73M 53s
137550K .......... .......... .......... .......... .......... 49% 2.30M 53s
137600K .......... .......... .......... .......... .......... 49% 2.70M 53s
137650K .......... .......... .......... .......... .......... 49% 2.76M 53s
137700K .......... .......... .......... .......... .......... 49% 2.67M 53s
137750K .......... .......... .......... .......... .......... 49% 2.38M 53s
137800K .......... .......... .......... .......... .......... 49% 2.67M 53s
137850K .......... .......... .......... .......... .......... 49% 2.70M 53s
137900K .......... .......... .......... .......... .......... 49% 2.71M 53s
137950K .......... .......... .......... .......... .......... 49% 2.36M 53s
138000K .......... .......... .......... .......... .......... 49% 2.53M 53s
138050K .......... .......... .......... .......... .......... 49% 2.74M 53s
138100K .......... .......... .......... .......... .......... 49% 2.70M 52s
138150K .......... .......... .......... .......... .......... 49% 2.41M 52s
138200K .......... .......... .......... .......... .......... 49% 2.61M 52s
138250K .......... .......... .......... .......... .......... 49% 2.74M 52s
138300K .......... .......... .......... .......... .......... 49% 2.76M 52s
138350K .......... .......... .......... .......... .......... 49% 2.67M 52s
138400K .......... .......... .......... .......... .......... 49% 2.28M 52s
138450K .......... .......... .......... .......... .......... 49% 2.65M 52s
138500K .......... .......... .......... .......... .......... 49% 2.67M 52s
138550K .......... .......... .......... .......... .......... 49% 2.67M 52s
138600K .......... .......... .......... .......... .......... 49% 2.35M 52s
138650K .......... .......... .......... .......... .......... 49% 2.67M 52s
138700K .......... .......... .......... .......... .......... 49% 2.64M 52s
138750K .......... .......... .......... .......... .......... 50% 2.64M 52s
138800K .......... .......... .......... .......... .......... 50% 2.45M 52s
138850K .......... .......... .......... .......... .......... 50% 2.83M 52s
138900K .......... .......... .......... .......... .......... 50% 2.66M 52s
138950K .......... .......... .......... .......... .......... 50% 2.73M 52s
139000K .......... .......... .......... .......... .......... 50% 2.38M 52s
139050K .......... .......... .......... .......... .......... 50% 2.74M 52s
139100K .......... .......... .......... .......... .......... 50% 2.72M 52s
139150K .......... .......... .......... .......... .......... 50% 2.67M 52s
139200K .......... .......... .......... .......... .......... 50% 2.41M 52s
139250K .......... .......... .......... .......... .......... 50% 2.70M 52s
139300K .......... .......... .......... .......... .......... 50% 2.61M 52s
139350K .......... .......... .......... .......... .......... 50% 2.68M 52s
139400K .......... .......... .......... .......... .......... 50% 2.34M 52s
139450K .......... .......... .......... .......... .......... 50% 2.71M 52s
139500K .......... .......... .......... .......... .......... 50% 2.79M 52s
139550K .......... .......... .......... .......... .......... 50% 2.75M 52s
139600K .......... .......... .......... .......... .......... 50% 2.45M 52s
139650K .......... .......... .......... .......... .......... 50% 2.77M 52s
139700K .......... .......... .......... .......... .......... 50% 2.71M 52s
139750K .......... .......... .......... .......... .......... 50% 2.66M 52s
139800K .......... .......... .......... .......... .......... 50% 2.36M 52s
139850K .......... .......... .......... .......... .......... 50% 2.71M 52s
139900K .......... .......... .......... .......... .......... 50% 2.72M 52s
139950K .......... .......... .......... .......... .......... 50% 2.60M 52s
140000K .......... .......... .......... .......... .......... 50% 2.37M 52s
140050K .......... .......... .......... .......... .......... 50% 2.82M 52s
140100K .......... .......... .......... .......... .......... 50% 2.81M 52s
140150K .......... .......... .......... .......... .......... 50% 2.83M 52s
140200K .......... .......... .......... .......... .......... 50% 2.41M 52s
140250K .......... .......... .......... .......... .......... 50% 2.69M 52s
140300K .......... .......... .......... .......... .......... 50% 2.75M 52s
140350K .......... .......... .......... .......... .......... 50% 2.66M 52s
140400K .......... .......... .......... .......... .......... 50% 2.36M 52s
140450K .......... .......... .......... .......... .......... 50% 2.74M 52s
140500K .......... .......... .......... .......... .......... 50% 2.79M 52s
140550K .......... .......... .......... .......... .......... 50% 2.47M 52s
140600K .......... .......... .......... .......... .......... 50% 2.65M 52s
140650K .......... .......... .......... .......... .......... 50% 2.66M 52s
140700K .......... .......... .......... .......... .......... 50% 2.73M 52s
140750K .......... .......... .......... .......... .......... 50% 2.41M 51s
140800K .......... .......... .......... .......... .......... 50% 2.84M 51s
140850K .......... .......... .......... .......... .......... 50% 2.83M 51s
140900K .......... .......... .......... .......... .......... 50% 2.40M 51s
140950K .......... .......... .......... .......... .......... 50% 2.49M 51s
141000K .......... .......... .......... .......... .......... 50% 2.84M 51s
141050K .......... .......... .......... .......... .......... 50% 2.77M 51s
141100K .......... .......... .......... .......... .......... 50% 2.82M 51s
141150K .......... .......... .......... .......... .......... 50% 2.55M 51s
141200K .......... .......... .......... .......... .......... 50% 2.76M 51s
141250K .......... .......... .......... .......... .......... 50% 2.88M 51s
141300K .......... .......... .......... .......... .......... 50% 2.44M 51s
141350K .......... .......... .......... .......... .......... 50% 2.76M 51s
141400K .......... .......... .......... .......... .......... 50% 2.71M 51s
141450K .......... .......... .......... .......... .......... 50% 2.81M 51s
141500K .......... .......... .......... .......... .......... 51% 2.44M 51s
141550K .......... .......... .......... .......... .......... 51% 2.85M 51s
141600K .......... .......... .......... .......... .......... 51% 2.43M 51s
141650K .......... .......... .......... .......... .......... 51% 2.72M 51s
141700K .......... .......... .......... .......... .......... 51% 2.65M 51s
141750K .......... .......... .......... .......... .......... 51% 2.68M 51s
141800K .......... .......... .......... .......... .......... 51% 2.42M 51s
141850K .......... .......... .......... .......... .......... 51% 2.72M 51s
141900K .......... .......... .......... .......... .......... 51% 2.77M 51s
141950K .......... .......... .......... .......... .......... 51% 2.71M 51s
142000K .......... .......... .......... .......... .......... 51% 2.33M 51s
142050K .......... .......... .......... .......... .......... 51% 2.64M 51s
142100K .......... .......... .......... .......... .......... 51% 2.62M 51s
142150K .......... .......... .......... .......... .......... 51% 2.75M 51s
142200K .......... .......... .......... .......... .......... 51% 2.39M 51s
142250K .......... .......... .......... .......... .......... 51% 2.84M 51s
142300K .......... .......... .......... .......... .......... 51% 2.76M 51s
142350K .......... .......... .......... .......... .......... 51% 2.64M 51s
142400K .......... .......... .......... .......... .......... 51% 2.37M 51s
142450K .......... .......... .......... .......... .......... 51% 2.64M 51s
142500K .......... .......... .......... .......... .......... 51% 2.73M 51s
142550K .......... .......... .......... .......... .......... 51% 2.66M 51s
142600K .......... .......... .......... .......... .......... 51% 2.58M 51s
142650K .......... .......... .......... .......... .......... 51% 2.58M 51s
142700K .......... .......... .......... .......... .......... 51% 2.39M 51s
142750K .......... .......... .......... .......... .......... 51% 2.67M 51s
142800K .......... .......... .......... .......... .......... 51% 2.70M 51s
142850K .......... .......... .......... .......... .......... 51% 2.61M 51s
142900K .......... .......... .......... .......... .......... 51% 2.40M 51s
142950K .......... .......... .......... .......... .......... 51% 2.79M 51s
143000K .......... .......... .......... .......... .......... 51% 2.83M 51s
143050K .......... .......... .......... .......... .......... 51% 2.73M 51s
143100K .......... .......... .......... .......... .......... 51% 2.45M 51s
143150K .......... .......... .......... .......... .......... 51% 2.79M 51s
143200K .......... .......... .......... .......... .......... 51% 2.71M 51s
143250K .......... .......... .......... .......... .......... 51% 2.83M 51s
143300K .......... .......... .......... .......... .......... 51% 2.46M 51s
143350K .......... .......... .......... .......... .......... 51% 3.11M 50s
143400K .......... .......... .......... .......... .......... 51% 2.44M 50s
143450K .......... .......... .......... .......... .......... 51% 2.77M 50s
143500K .......... .......... .......... .......... .......... 51% 2.70M 50s
143550K .......... .......... .......... .......... .......... 51% 2.63M 50s
143600K .......... .......... .......... .......... .......... 51% 2.31M 50s
143650K .......... .......... .......... .......... .......... 51% 2.71M 50s
143700K .......... .......... .......... .......... .......... 51% 2.64M 50s
143750K .......... .......... .......... .......... .......... 51% 2.80M 50s
143800K .......... .......... .......... .......... .......... 51% 2.48M 50s
143850K .......... .......... .......... .......... .......... 51% 2.64M 50s
143900K .......... .......... .......... .......... .......... 51% 2.81M 50s
143950K .......... .......... .......... .......... .......... 51% 2.83M 50s
144000K .......... .......... .......... .......... .......... 51% 2.78M 50s
144050K .......... .......... .......... .......... .......... 51% 2.44M 50s
144100K .......... .......... .......... .......... .......... 51% 2.32M 50s
144150K .......... .......... .......... .......... .......... 51% 2.77M 50s
144200K .......... .......... .......... .......... .......... 51% 2.80M 50s
144250K .......... .......... .......... .......... .......... 51% 2.65M 50s
144300K .......... .......... .......... .......... .......... 52% 2.33M 50s
144350K .......... .......... .......... .......... .......... 52% 2.54M 50s
144400K .......... .......... .......... .......... .......... 52% 2.74M 50s
144450K .......... .......... .......... .......... .......... 52% 2.67M 50s
144500K .......... .......... .......... .......... .......... 52% 2.76M 50s
144550K .......... .......... .......... .......... .......... 52% 2.42M 50s
144600K .......... .......... .......... .......... .......... 52% 2.68M 50s
144650K .......... .......... .......... .......... .......... 52% 2.66M 50s
144700K .......... .......... .......... .......... .......... 52% 2.74M 50s
144750K .......... .......... .......... .......... .......... 52% 2.44M 50s
144800K .......... .......... .......... .......... .......... 52% 2.70M 50s
144850K .......... .......... .......... .......... .......... 52% 2.85M 50s
144900K .......... .......... .......... .......... .......... 52% 2.82M 50s
144950K .......... .......... .......... .......... .......... 52% 2.68M 50s
145000K .......... .......... .......... .......... .......... 52% 2.42M 50s
145050K .......... .......... .......... .......... .......... 52% 2.66M 50s
145100K .......... .......... .......... .......... .......... 52% 2.68M 50s
145150K .......... .......... .......... .......... .......... 52% 2.62M 50s
145200K .......... .......... .......... .......... .......... 52% 2.35M 50s
145250K .......... .......... .......... .......... .......... 52% 2.74M 50s
145300K .......... .......... .......... .......... .......... 52% 2.74M 50s
145350K .......... .......... .......... .......... .......... 52% 2.80M 50s
145400K .......... .......... .......... .......... .......... 52% 2.39M 50s
145450K .......... .......... .......... .......... .......... 52% 2.57M 50s
145500K .......... .......... .......... .......... .......... 52% 2.44M 50s
145550K .......... .......... .......... .......... .......... 52% 2.69M 50s
145600K .......... .......... .......... .......... .......... 52% 2.30M 50s
145650K .......... .......... .......... .......... .......... 52% 2.78M 50s
145700K .......... .......... .......... .......... .......... 52% 2.55M 50s
145750K .......... .......... .......... .......... .......... 52% 2.58M 50s
145800K .......... .......... .......... .......... .......... 52% 2.36M 50s
145850K .......... .......... .......... .......... .......... 52% 2.75M 50s
145900K .......... .......... .......... .......... .......... 52% 2.74M 50s
145950K .......... .......... .......... .......... .......... 52% 2.73M 50s
146000K .......... .......... .......... .......... .......... 52% 2.37M 49s
146050K .......... .......... .......... .......... .......... 52% 2.79M 49s
146100K .......... .......... .......... .......... .......... 52% 2.71M 49s
146150K .......... .......... .......... .......... .......... 52% 2.76M 49s
146200K .......... .......... .......... .......... .......... 52% 2.43M 49s
146250K .......... .......... .......... .......... .......... 52% 2.74M 49s
146300K .......... .......... .......... .......... .......... 52% 2.64M 49s
146350K .......... .......... .......... .......... .......... 52% 2.60M 49s
146400K .......... .......... .......... .......... .......... 52% 2.60M 49s
146450K .......... .......... .......... .......... .......... 52% 2.49M 49s
146500K .......... .......... .......... .......... .......... 52% 2.72M 49s
146550K .......... .......... .......... .......... .......... 52% 2.69M 49s
146600K .......... .......... .......... .......... .......... 52% 2.73M 49s
146650K .......... .......... .......... .......... .......... 52% 2.44M 49s
146700K .......... .......... .......... .......... .......... 52% 2.75M 49s
146750K .......... .......... .......... .......... .......... 52% 2.78M 49s
146800K .......... .......... .......... .......... .......... 52% 2.72M 49s
146850K .......... .......... .......... .......... .......... 52% 2.33M 49s
146900K .......... .......... .......... .......... .......... 52% 2.70M 49s
146950K .......... .......... .......... .......... .......... 52% 2.39M 49s
147000K .......... .......... .......... .......... .......... 52% 2.76M 49s
147050K .......... .......... .......... .......... .......... 53% 2.74M 49s
147100K .......... .......... .......... .......... .......... 53% 2.71M 49s
147150K .......... .......... .......... .......... .......... 53% 2.37M 49s
147200K .......... .......... .......... .......... .......... 53% 2.69M 49s
147250K .......... .......... .......... .......... .......... 53% 2.66M 49s
147300K .......... .......... .......... .......... .......... 53% 2.68M 49s
147350K .......... .......... .......... .......... .......... 53% 2.33M 49s
147400K .......... .......... .......... .......... .......... 53% 2.70M 49s
147450K .......... .......... .......... .......... .......... 53% 2.66M 49s
147500K .......... .......... .......... .......... .......... 53% 2.81M 49s
147550K .......... .......... .......... .......... .......... 53% 2.49M 49s
147600K .......... .......... .......... .......... .......... 53% 2.80M 49s
147650K .......... .......... .......... .......... .......... 53% 2.71M 49s
147700K .......... .......... .......... .......... .......... 53% 2.69M 49s
147750K .......... .......... .......... .......... .......... 53% 2.40M 49s
147800K .......... .......... .......... .......... .......... 53% 2.67M 49s
147850K .......... .......... .......... .......... .......... 53% 2.75M 49s
147900K .......... .......... .......... .......... .......... 53% 2.74M 49s
147950K .......... .......... .......... .......... .......... 53% 2.48M 49s
148000K .......... .......... .......... .......... .......... 53% 2.81M 49s
148050K .......... .......... .......... .......... .......... 53% 2.74M 49s
148100K .......... .......... .......... .......... .......... 53% 2.77M 49s
148150K .......... .......... .......... .......... .......... 53% 2.47M 49s
148200K .......... .......... .......... .......... .......... 53% 2.68M 49s
148250K .......... .......... .......... .......... .......... 53% 2.78M 49s
148300K .......... .......... .......... .......... .......... 53% 2.45M 49s
148350K .......... .......... .......... .......... .......... 53% 2.77M 49s
148400K .......... .......... .......... .......... .......... 53% 2.81M 49s
148450K .......... .......... .......... .......... .......... 53% 2.77M 49s
148500K .......... .......... .......... .......... .......... 53% 2.49M 49s
148550K .......... .......... .......... .......... .......... 53% 2.82M 49s
148600K .......... .......... .......... .......... .......... 53% 2.75M 48s
148650K .......... .......... .......... .......... .......... 53% 2.82M 48s
148700K .......... .......... .......... .......... .......... 53% 2.44M 48s
148750K .......... .......... .......... .......... .......... 53% 2.78M 48s
148800K .......... .......... .......... .......... .......... 53% 2.77M 48s
148850K .......... .......... .......... .......... .......... 53% 2.56M 48s
148900K .......... .......... .......... .......... .......... 53% 2.73M 48s
148950K .......... .......... .......... .......... .......... 53% 2.78M 48s
149000K .......... .......... .......... .......... .......... 53% 2.44M 48s
149050K .......... .......... .......... .......... .......... 53% 2.82M 48s
149100K .......... .......... .......... .......... .......... 53% 2.81M 48s
149150K .......... .......... .......... .......... .......... 53% 2.69M 48s
149200K .......... .......... .......... .......... .......... 53% 2.43M 48s
149250K .......... .......... .......... .......... .......... 53% 2.79M 48s
149300K .......... .......... .......... .......... .......... 53% 2.85M 48s
149350K .......... .......... .......... .......... .......... 53% 2.74M 48s
149400K .......... .......... .......... .......... .......... 53% 2.44M 48s
149450K .......... .......... .......... .......... .......... 53% 2.88M 48s
149500K .......... .......... .......... .......... .......... 53% 2.76M 48s
149550K .......... .......... .......... .......... .......... 53% 2.77M 48s
149600K .......... .......... .......... .......... .......... 53% 2.43M 48s
149650K .......... .......... .......... .......... .......... 53% 2.77M 48s
149700K .......... .......... .......... .......... .......... 53% 2.77M 48s
149750K .......... .......... .......... .......... .......... 53% 2.77M 48s
149800K .......... .......... .......... .......... .......... 53% 2.46M 48s
149850K .......... .......... .......... .......... .......... 54% 2.85M 48s
149900K .......... .......... .......... .......... .......... 54% 2.77M 48s
149950K .......... .......... .......... .......... .......... 54% 2.79M 48s
150000K .......... .......... .......... .......... .......... 54% 2.45M 48s
150050K .......... .......... .......... .......... .......... 54% 2.75M 48s
150100K .......... .......... .......... .......... .......... 54% 2.79M 48s
150150K .......... .......... .......... .......... .......... 54% 2.79M 48s
150200K .......... .......... .......... .......... .......... 54% 2.47M 48s
150250K .......... .......... .......... .......... .......... 54% 2.95M 48s
150300K .......... .......... .......... .......... .......... 54% 2.43M 48s
150350K .......... .......... .......... .......... .......... 54% 2.71M 48s
150400K .......... .......... .......... .......... .......... 54% 2.70M 48s
150450K .......... .......... .......... .......... .......... 54% 2.74M 48s
150500K .......... .......... .......... .......... .......... 54% 2.78M 48s
150550K .......... .......... .......... .......... .......... 54% 2.47M 48s
150600K .......... .......... .......... .......... .......... 54% 2.80M 48s
150650K .......... .......... .......... .......... .......... 54% 2.81M 48s
150700K .......... .......... .......... .......... .......... 54% 2.77M 48s
150750K .......... .......... .......... .......... .......... 54% 2.41M 48s
150800K .......... .......... .......... .......... .......... 54% 2.78M 48s
150850K .......... .......... .......... .......... .......... 54% 2.79M 48s
150900K .......... .......... .......... .......... .......... 54% 2.81M 48s
150950K .......... .......... .......... .......... .......... 54% 2.75M 48s
151000K .......... .......... .......... .......... .......... 54% 2.48M 48s
151050K .......... .......... .......... .......... .......... 54% 2.72M 48s
151100K .......... .......... .......... .......... .......... 54% 2.77M 48s
151150K .......... .......... .......... .......... .......... 54% 2.79M 48s
151200K .......... .......... .......... .......... .......... 54% 2.38M 47s
151250K .......... .......... .......... .......... .......... 54% 2.79M 47s
151300K .......... .......... .......... .......... .......... 54% 2.81M 47s
151350K .......... .......... .......... .......... .......... 54% 2.87M 47s
151400K .......... .......... .......... .......... .......... 54% 2.49M 47s
151450K .......... .......... .......... .......... .......... 54% 2.75M 47s
151500K .......... .......... .......... .......... .......... 54% 2.87M 47s
151550K .......... .......... .......... .......... .......... 54% 2.73M 47s
151600K .......... .......... .......... .......... .......... 54% 2.50M 47s
151650K .......... .......... .......... .......... .......... 54% 2.75M 47s
151700K .......... .......... .......... .......... .......... 54% 2.64M 47s
151750K .......... .......... .......... .......... .......... 54% 2.40M 47s
151800K .......... .......... .......... .......... .......... 54% 2.68M 47s
151850K .......... .......... .......... .......... .......... 54% 2.69M 47s
151900K .......... .......... .......... .......... .......... 54% 2.77M 47s
151950K .......... .......... .......... .......... .......... 54% 2.46M 47s
152000K .......... .......... .......... .......... .......... 54% 2.78M 47s
152050K .......... .......... .......... .......... .......... 54% 2.77M 47s
152100K .......... .......... .......... .......... .......... 54% 2.71M 47s
152150K .......... .......... .......... .......... .......... 54% 2.44M 47s
152200K .......... .......... .......... .......... .......... 54% 2.77M 47s
152250K .......... .......... .......... .......... .......... 54% 2.70M 47s
152300K .......... .......... .......... .......... .......... 54% 2.66M 47s
152350K .......... .......... .......... .......... .......... 54% 2.40M 47s
152400K .......... .......... .......... .......... .......... 54% 2.75M 47s
152450K .......... .......... .......... .......... .......... 54% 2.68M 47s
152500K .......... .......... .......... .......... .......... 54% 2.74M 47s
152550K .......... .......... .......... .......... .......... 54% 2.22M 47s
152600K .......... .......... .......... .......... .......... 55% 2.32M 47s
152650K .......... .......... .......... .......... .......... 55% 2.72M 47s
152700K .......... .......... .......... .......... .......... 55% 2.65M 47s
152750K .......... .......... .......... .......... .......... 55% 2.44M 47s
152800K .......... .......... .......... .......... .......... 55% 2.66M 47s
152850K .......... .......... .......... .......... .......... 55% 2.71M 47s
152900K .......... .......... .......... .......... .......... 55% 2.92M 47s
152950K .......... .......... .......... .......... .......... 55% 2.44M 47s
153000K .......... .......... .......... .......... .......... 55% 2.80M 47s
153050K .......... .......... .......... .......... .......... 55% 2.80M 47s
153100K .......... .......... .......... .......... .......... 55% 2.82M 47s
153150K .......... .......... .......... .......... .......... 55% 2.33M 47s
153200K .......... .......... .......... .......... .......... 55% 2.73M 47s
153250K .......... .......... .......... .......... .......... 55% 2.67M 47s
153300K .......... .......... .......... .......... .......... 55% 2.72M 47s
153350K .......... .......... .......... .......... .......... 55% 2.36M 47s
153400K .......... .......... .......... .......... .......... 55% 2.67M 47s
153450K .......... .......... .......... .......... .......... 55% 2.79M 47s
153500K .......... .......... .......... .......... .......... 55% 2.61M 47s
153550K .......... .......... .......... .......... .......... 55% 2.78M 47s
153600K .......... .......... .......... .......... .......... 55% 2.48M 47s
153650K .......... .......... .......... .......... .......... 55% 2.77M 47s
153700K .......... .......... .......... .......... .......... 55% 2.81M 47s
153750K .......... .......... .......... .......... .......... 55% 2.76M 47s
153800K .......... .......... .......... .......... .......... 55% 2.43M 46s
153850K .......... .......... .......... .......... .......... 55% 2.76M 46s
153900K .......... .......... .......... .......... .......... 55% 2.81M 46s
153950K .......... .......... .......... .......... .......... 55% 2.70M 46s
154000K .......... .......... .......... .......... .......... 55% 2.28M 46s
154050K .......... .......... .......... .......... .......... 55% 2.73M 46s
154100K .......... .......... .......... .......... .......... 55% 2.63M 46s
154150K .......... .......... .......... .......... .......... 55% 2.64M 46s
154200K .......... .......... .......... .......... .......... 55% 2.71M 46s
154250K .......... .......... .......... .......... .......... 55% 2.40M 46s
154300K .......... .......... .......... .......... .......... 55% 2.76M 46s
154350K .......... .......... .......... .......... .......... 55% 2.62M 46s
154400K .......... .......... .......... .......... .......... 55% 2.67M 46s
154450K .......... .......... .......... .......... .......... 55% 2.40M 46s
154500K .......... .......... .......... .......... .......... 55% 2.62M 46s
154550K .......... .......... .......... .......... .......... 55% 2.74M 46s
154600K .......... .......... .......... .......... .......... 55% 2.36M 46s
154650K .......... .......... .......... .......... .......... 55% 2.70M 46s
154700K .......... .......... .......... .......... .......... 55% 2.78M 46s
154750K .......... .......... .......... .......... .......... 55% 2.77M 46s
154800K .......... .......... .......... .......... .......... 55% 2.45M 46s
154850K .......... .......... .......... .......... .......... 55% 2.83M 46s
154900K .......... .......... .......... .......... .......... 55% 2.82M 46s
154950K .......... .......... .......... .......... .......... 55% 2.65M 46s
155000K .......... .......... .......... .......... .......... 55% 2.38M 46s
155050K .......... .......... .......... .......... .......... 55% 2.75M 46s
155100K .......... .......... .......... .......... .......... 55% 2.65M 46s
155150K .......... .......... .......... .......... .......... 55% 2.77M 46s
155200K .......... .......... .......... .......... .......... 55% 2.42M 46s
155250K .......... .......... .......... .......... .......... 55% 2.80M 46s
155300K .......... .......... .......... .......... .......... 55% 2.75M 46s
155350K .......... .......... .......... .......... .......... 55% 2.83M 46s
155400K .......... .......... .......... .......... .......... 56% 2.61M 46s
155450K .......... .......... .......... .......... .......... 56% 2.33M 46s
155500K .......... .......... .......... .......... .......... 56% 2.71M 46s
155550K .......... .......... .......... .......... .......... 56% 2.75M 46s
155600K .......... .......... .......... .......... .......... 56% 2.80M 46s
155650K .......... .......... .......... .......... .......... 56% 2.46M 46s
155700K .......... .......... .......... .......... .......... 56% 2.81M 46s
155750K .......... .......... .......... .......... .......... 56% 2.78M 46s
155800K .......... .......... .......... .......... .......... 56% 2.82M 46s
155850K .......... .......... .......... .......... .......... 56% 2.43M 46s
155900K .......... .......... .......... .......... .......... 56% 2.81M 46s
155950K .......... .......... .......... .......... .......... 56% 2.87M 46s
156000K .......... .......... .......... .......... .......... 56% 2.78M 46s
156050K .......... .......... .......... .......... .......... 56% 2.46M 46s
156100K .......... .......... .......... .......... .......... 56% 2.75M 46s
156150K .......... .......... .......... .......... .......... 56% 2.76M 46s
156200K .......... .......... .......... .......... .......... 56% 2.38M 46s
156250K .......... .......... .......... .......... .......... 56% 2.75M 46s
156300K .......... .......... .......... .......... .......... 56% 2.86M 46s
156350K .......... .......... .......... .......... .......... 56% 2.77M 46s
156400K .......... .......... .......... .......... .......... 56% 2.44M 46s
156450K .......... .......... .......... .......... .......... 56% 2.82M 45s
156500K .......... .......... .......... .......... .......... 56% 2.80M 45s
156550K .......... .......... .......... .......... .......... 56% 2.71M 45s
156600K .......... .......... .......... .......... .......... 56% 2.38M 45s
156650K .......... .......... .......... .......... .......... 56% 2.88M 45s
156700K .......... .......... .......... .......... .......... 56% 1.58M 45s
156750K .......... .......... .......... .......... .......... 56% 2.37M 45s
156800K .......... .......... .......... .......... .......... 56% 2.75M 45s
156850K .......... .......... .......... .......... .......... 56% 2.84M 45s
156900K .......... .......... .......... .......... .......... 56% 2.71M 45s
156950K .......... .......... .......... .......... .......... 56% 2.44M 45s
157000K .......... .......... .......... .......... .......... 56% 2.73M 45s
157050K .......... .......... .......... .......... .......... 56% 2.81M 45s
157100K .......... .......... .......... .......... .......... 56% 2.69M 45s
157150K .......... .......... .......... .......... .......... 56% 2.63M 45s
157200K .......... .......... .......... .......... .......... 56% 2.41M 45s
157250K .......... .......... .......... .......... .......... 56% 2.79M 45s
157300K .......... .......... .......... .......... .......... 56% 2.78M 45s
157350K .......... .......... .......... .......... .......... 56% 2.77M 45s
157400K .......... .......... .......... .......... .......... 56% 2.47M 45s
157450K .......... .......... .......... .......... .......... 56% 2.79M 45s
157500K .......... .......... .......... .......... .......... 56% 2.79M 45s
157550K .......... .......... .......... .......... .......... 56% 2.93M 45s
157600K .......... .......... .......... .......... .......... 56% 2.55M 45s
157650K .......... .......... .......... .......... .......... 56% 2.49M 45s
157700K .......... .......... .......... .......... .......... 56% 2.88M 45s
157750K .......... .......... .......... .......... .......... 56% 2.49M 45s
157800K .......... .......... .......... .......... .......... 56% 2.80M 45s
157850K .......... .......... .......... .......... .......... 56% 2.81M 45s
157900K .......... .......... .......... .......... .......... 56% 2.71M 45s
157950K .......... .......... .......... .......... .......... 56% 2.38M 45s
158000K .......... .......... .......... .......... .......... 56% 2.80M 45s
158050K .......... .......... .......... .......... .......... 56% 2.78M 45s
158100K .......... .......... .......... .......... .......... 56% 2.72M 45s
158150K .......... .......... .......... .......... .......... 57% 2.40M 45s
158200K .......... .......... .......... .......... .......... 57% 2.83M 45s
158250K .......... .......... .......... .......... .......... 57% 2.63M 45s
158300K .......... .......... .......... .......... .......... 57% 2.67M 45s
158350K .......... .......... .......... .......... .......... 57% 2.85M 45s
158400K .......... .......... .......... .......... .......... 57% 2.39M 45s
158450K .......... .......... .......... .......... .......... 57% 2.75M 45s
158500K .......... .......... .......... .......... .......... 57% 2.70M 45s
158550K .......... .......... .......... .......... .......... 57% 2.83M 45s
158600K .......... .......... .......... .......... .......... 57% 2.48M 45s
158650K .......... .......... .......... .......... .......... 57% 2.79M 45s
158700K .......... .......... .......... .......... .......... 57% 2.92M 45s
158750K .......... .......... .......... .......... .......... 57% 2.48M 45s
158800K .......... .......... .......... .......... .......... 57% 2.69M 45s
158850K .......... .......... .......... .......... .......... 57% 2.84M 45s
158900K .......... .......... .......... .......... .......... 57% 2.76M 45s
158950K .......... .......... .......... .......... .......... 57% 2.40M 45s
159000K .......... .......... .......... .......... .......... 57% 2.79M 45s
159050K .......... .......... .......... .......... .......... 57% 2.72M 44s
159100K .......... .......... .......... .......... .......... 57% 2.74M 44s
159150K .......... .......... .......... .......... .......... 57% 2.32M 44s
159200K .......... .......... .......... .......... .......... 57% 2.77M 44s
159250K .......... .......... .......... .......... .......... 57% 2.81M 44s
159300K .......... .......... .......... .......... .......... 57% 2.84M 44s
159350K .......... .......... .......... .......... .......... 57% 2.49M 44s
159400K .......... .......... .......... .......... .......... 57% 2.83M 44s
159450K .......... .......... .......... .......... .......... 57% 2.59M 44s
159500K .......... .......... .......... .......... .......... 57% 2.75M 44s
159550K .......... .......... .......... .......... .......... 57% 2.80M 44s
159600K .......... .......... .......... .......... .......... 57% 2.47M 44s
159650K .......... .......... .......... .......... .......... 57% 2.56M 44s
159700K .......... .......... .......... .......... .......... 57% 2.86M 44s
159750K .......... .......... .......... .......... .......... 57% 2.63M 44s
159800K .......... .......... .......... .......... .......... 57% 2.79M 44s
159850K .......... .......... .......... .......... .......... 57% 2.40M 44s
159900K .......... .......... .......... .......... .......... 57% 2.85M 44s
159950K .......... .......... .......... .......... .......... 57% 2.77M 44s
160000K .......... .......... .......... .......... .......... 57% 2.63M 44s
160050K .......... .......... .......... .......... .......... 57% 2.61M 44s
160100K .......... .......... .......... .......... .......... 57% 2.75M 44s
160150K .......... .......... .......... .......... .......... 57% 2.86M 44s
160200K .......... .......... .......... .......... .......... 57% 2.43M 44s
160250K .......... .......... .......... .......... .......... 57% 2.79M 44s
160300K .......... .......... .......... .......... .......... 57% 2.76M 44s
160350K .......... .......... .......... .......... .......... 57% 2.71M 44s
160400K .......... .......... .......... .......... .......... 57% 2.47M 44s
160450K .......... .......... .......... .......... .......... 57% 2.78M 44s
160500K .......... .......... .......... .......... .......... 57% 2.79M 44s
160550K .......... .......... .......... .......... .......... 57% 2.62M 44s
160600K .......... .......... .......... .......... .......... 57% 2.62M 44s
160650K .......... .......... .......... .......... .......... 57% 2.57M 44s
160700K .......... .......... .......... .......... .......... 57% 2.34M 44s
160750K .......... .......... .......... .......... .......... 57% 2.61M 44s
160800K .......... .......... .......... .......... .......... 57% 2.76M 44s
160850K .......... .......... .......... .......... .......... 57% 2.72M 44s
160900K .......... .......... .......... .......... .......... 57% 2.74M 44s
160950K .......... .......... .......... .......... .......... 58% 2.46M 44s
161000K .......... .......... .......... .......... .......... 58% 2.78M 44s
161050K .......... .......... .......... .......... .......... 58% 2.71M 44s
161100K .......... .......... .......... .......... .......... 58% 2.72M 44s
161150K .......... .......... .......... .......... .......... 58% 2.45M 44s
161200K .......... .......... .......... .......... .......... 58% 2.41M 44s
161250K .......... .......... .......... .......... .......... 58% 2.92M 44s
161300K .......... .......... .......... .......... .......... 58% 2.82M 44s
161350K .......... .......... .......... .......... .......... 58% 2.85M 44s
161400K .......... .......... .......... .......... .......... 58% 2.37M 44s
161450K .......... .......... .......... .......... .......... 58% 2.81M 44s
161500K .......... .......... .......... .......... .......... 58% 2.84M 44s
161550K .......... .......... .......... .......... .......... 58% 2.79M 44s
161600K .......... .......... .......... .......... .......... 58% 2.42M 44s
161650K .......... .......... .......... .......... .......... 58% 2.78M 44s
161700K .......... .......... .......... .......... .......... 58% 2.77M 43s
161750K .......... .......... .......... .......... .......... 58% 2.82M 43s
161800K .......... .......... .......... .......... .......... 58% 2.33M 43s
161850K .......... .......... .......... .......... .......... 58% 2.62M 43s
161900K .......... .......... .......... .......... .......... 58% 2.70M 43s
161950K .......... .......... .......... .......... .......... 58% 2.42M 43s
162000K .......... .......... .......... .......... .......... 58% 2.77M 43s
162050K .......... .......... .......... .......... .......... 58% 2.69M 43s
162100K .......... .......... .......... .......... .......... 58% 2.68M 43s
162150K .......... .......... .......... .......... .......... 58% 2.36M 43s
162200K .......... .......... .......... .......... .......... 58% 2.74M 43s
162250K .......... .......... .......... .......... .......... 58% 2.64M 43s
162300K .......... .......... .......... .......... .......... 58% 2.79M 43s
162350K .......... .......... .......... .......... .......... 58% 2.36M 43s
162400K .......... .......... .......... .......... .......... 58% 2.75M 43s
162450K .......... .......... .......... .......... .......... 58% 2.73M 43s
162500K .......... .......... .......... .......... .......... 58% 2.68M 43s
162550K .......... .......... .......... .......... .......... 58% 2.25M 43s
162600K .......... .......... .......... .......... .......... 58% 2.66M 43s
162650K .......... .......... .......... .......... .......... 58% 2.63M 43s
162700K .......... .......... .......... .......... .......... 58% 2.75M 43s
162750K .......... .......... .......... .......... .......... 58% 2.35M 43s
162800K .......... .......... .......... .......... .......... 58% 2.71M 43s
162850K .......... .......... .......... .......... .......... 58% 2.75M 43s
162900K .......... .......... .......... .......... .......... 58% 2.76M 43s
162950K .......... .......... .......... .......... .......... 58% 2.48M 43s
163000K .......... .......... .......... .......... .......... 58% 2.82M 43s
163050K .......... .......... .......... .......... .......... 58% 2.81M 43s
163100K .......... .......... .......... .......... .......... 58% 2.68M 43s
163150K .......... .......... .......... .......... .......... 58% 2.72M 43s
163200K .......... .......... .......... .......... .......... 58% 2.48M 43s
163250K .......... .......... .......... .......... .......... 58% 2.85M 43s
163300K .......... .......... .......... .......... .......... 58% 2.71M 43s
163350K .......... .......... .......... .......... .......... 58% 2.61M 43s
163400K .......... .......... .......... .......... .......... 58% 2.58M 43s
163450K .......... .......... .......... .......... .......... 58% 2.39M 43s
163500K .......... .......... .......... .......... .......... 58% 2.81M 43s
163550K .......... .......... .......... .......... .......... 58% 2.72M 43s
163600K .......... .......... .......... .......... .......... 58% 2.79M 43s
163650K .......... .......... .......... .......... .......... 58% 2.69M 43s
163700K .......... .......... .......... .......... .......... 59% 2.41M 43s
163750K .......... .......... .......... .......... .......... 59% 2.75M 43s
163800K .......... .......... .......... .......... .......... 59% 2.65M 43s
163850K .......... .......... .......... .......... .......... 59% 2.86M 43s
163900K .......... .......... .......... .......... .......... 59% 2.67M 43s
163950K .......... .......... .......... .......... .......... 59% 2.83M 43s
164000K .......... .......... .......... .......... .......... 59% 2.43M 43s
164050K .......... .......... .......... .......... .......... 59% 2.69M 43s
164100K .......... .......... .......... .......... .......... 59% 2.68M 43s
164150K .......... .......... .......... .......... .......... 59% 2.75M 43s
164200K .......... .......... .......... .......... .......... 59% 2.43M 43s
164250K .......... .......... .......... .......... .......... 59% 2.73M 43s
164300K .......... .......... .......... .......... .......... 59% 2.62M 42s
164350K .......... .......... .......... .......... .......... 59% 2.86M 42s
164400K .......... .......... .......... .......... .......... 59% 2.75M 42s
164450K .......... .......... .......... .......... .......... 59% 2.46M 42s
164500K .......... .......... .......... .......... .......... 59% 2.76M 42s
164550K .......... .......... .......... .......... .......... 59% 2.70M 42s
164600K .......... .......... .......... .......... .......... 59% 2.78M 42s
164650K .......... .......... .......... .......... .......... 59% 2.70M 42s
164700K .......... .......... .......... .......... .......... 59% 2.46M 42s
164750K .......... .......... .......... .......... .......... 59% 2.87M 42s
164800K .......... .......... .......... .......... .......... 59% 2.66M 42s
164850K .......... .......... .......... .......... .......... 59% 2.61M 42s
164900K .......... .......... .......... .......... .......... 59% 2.81M 42s
164950K .......... .......... .......... .......... .......... 59% 2.77M 42s
165000K .......... .......... .......... .......... .......... 59% 2.39M 42s
165050K .......... .......... .......... .......... .......... 59% 2.79M 42s
165100K .......... .......... .......... .......... .......... 59% 2.85M 42s
165150K .......... .......... .......... .......... .......... 59% 2.83M 42s
165200K .......... .......... .......... .......... .......... 59% 2.42M 42s
165250K .......... .......... .......... .......... .......... 59% 2.81M 42s
165300K .......... .......... .......... .......... .......... 59% 2.80M 42s
165350K .......... .......... .......... .......... .......... 59% 2.75M 42s
165400K .......... .......... .......... .......... .......... 59% 2.42M 42s
165450K .......... .......... .......... .......... .......... 59% 2.64M 42s
165500K .......... .......... .......... .......... .......... 59% 2.72M 42s
165550K .......... .......... .......... .......... .......... 59% 2.73M 42s
165600K .......... .......... .......... .......... .......... 59% 2.75M 42s
165650K .......... .......... .......... .......... .......... 59% 2.44M 42s
165700K .......... .......... .......... .......... .......... 59% 2.81M 42s
165750K .......... .......... .......... .......... .......... 59% 2.80M 42s
165800K .......... .......... .......... .......... .......... 59% 2.59M 42s
165850K .......... .......... .......... .......... .......... 59% 2.44M 42s
165900K .......... .......... .......... .......... .......... 59% 2.82M 42s
165950K .......... .......... .......... .......... .......... 59% 2.81M 42s
166000K .......... .......... .......... .......... .......... 59% 2.58M 42s
166050K .......... .......... .......... .......... .......... 59% 2.67M 42s
166100K .......... .......... .......... .......... .......... 59% 2.78M 42s
166150K .......... .......... .......... .......... .......... 59% 2.69M 42s
166200K .......... .......... .......... .......... .......... 59% 2.37M 42s
166250K .......... .......... .......... .......... .......... 59% 2.81M 42s
166300K .......... .......... .......... .......... .......... 59% 2.74M 42s
166350K .......... .......... .......... .......... .......... 59% 2.74M 42s
166400K .......... .......... .......... .......... .......... 59% 2.36M 42s
166450K .......... .......... .......... .......... .......... 59% 2.73M 42s
166500K .......... .......... .......... .......... .......... 60% 2.72M 42s
166550K .......... .......... .......... .......... .......... 60% 2.73M 42s
166600K .......... .......... .......... .......... .......... 60% 2.46M 42s
166650K .......... .......... .......... .......... .......... 60% 2.78M 42s
166700K .......... .......... .......... .......... .......... 60% 2.74M 42s
166750K .......... .......... .......... .......... .......... 60% 2.78M 42s
166800K .......... .......... .......... .......... .......... 60% 2.43M 42s
166850K .......... .......... .......... .......... .......... 60% 2.75M 42s
166900K .......... .......... .......... .......... .......... 60% 2.68M 42s
166950K .......... .......... .......... .......... .......... 60% 2.66M 41s
167000K .......... .......... .......... .......... .......... 60% 2.45M 41s
167050K .......... .......... .......... .......... .......... 60% 2.86M 41s
167100K .......... .......... .......... .......... .......... 60% 2.77M 41s
167150K .......... .......... .......... .......... .......... 60% 2.70M 41s
167200K .......... .......... .......... .......... .......... 60% 2.45M 41s
167250K .......... .......... .......... .......... .......... 60% 2.77M 41s
167300K .......... .......... .......... .......... .......... 60% 2.74M 41s
167350K .......... .......... .......... .......... .......... 60% 2.73M 41s
167400K .......... .......... .......... .......... .......... 60% 2.40M 41s
167450K .......... .......... .......... .......... .......... 60% 2.73M 41s
167500K .......... .......... .......... .......... .......... 60% 2.88M 41s
167550K .......... .......... .......... .......... .......... 60% 2.78M 41s
167600K .......... .......... .......... .......... .......... 60% 2.33M 41s
167650K .......... .......... .......... .......... .......... 60% 2.74M 41s
167700K .......... .......... .......... .......... .......... 60% 2.72M 41s
167750K .......... .......... .......... .......... .......... 60% 2.74M 41s
167800K .......... .......... .......... .......... .......... 60% 2.49M 41s
167850K .......... .......... .......... .......... .......... 60% 2.81M 41s
167900K .......... .......... .......... .......... .......... 60% 2.80M 41s
167950K .......... .......... .......... .......... .......... 60% 2.78M 41s
168000K .......... .......... .......... .......... .......... 60% 2.42M 41s
168050K .......... .......... .......... .......... .......... 60% 2.70M 41s
168100K .......... .......... .......... .......... .......... 60% 2.82M 41s
168150K .......... .......... .......... .......... .......... 60% 2.79M 41s
168200K .......... .......... .......... .......... .......... 60% 2.48M 41s
168250K .......... .......... .......... .......... .......... 60% 2.72M 41s
168300K .......... .......... .......... .......... .......... 60% 2.70M 41s
168350K .......... .......... .......... .......... .......... 60% 2.76M 41s
168400K .......... .......... .......... .......... .......... 60% 2.44M 41s
168450K .......... .......... .......... .......... .......... 60% 2.76M 41s
168500K .......... .......... .......... .......... .......... 60% 2.76M 41s
168550K .......... .......... .......... .......... .......... 60% 2.75M 41s
168600K .......... .......... .......... .......... .......... 60% 2.40M 41s
168650K .......... .......... .......... .......... .......... 60% 2.83M 41s
168700K .......... .......... .......... .......... .......... 60% 2.76M 41s
168750K .......... .......... .......... .......... .......... 60% 2.81M 41s
168800K .......... .......... .......... .......... .......... 60% 2.47M 41s
168850K .......... .......... .......... .......... .......... 60% 2.75M 41s
168900K .......... .......... .......... .......... .......... 60% 2.77M 41s
168950K .......... .......... .......... .......... .......... 60% 2.82M 41s
169000K .......... .......... .......... .......... .......... 60% 2.44M 41s
169050K .......... .......... .......... .......... .......... 60% 2.74M 41s
169100K .......... .......... .......... .......... .......... 60% 2.79M 41s
169150K .......... .......... .......... .......... .......... 60% 2.36M 41s
169200K .......... .......... .......... .......... .......... 60% 2.77M 41s
169250K .......... .......... .......... .......... .......... 61% 2.73M 41s
169300K .......... .......... .......... .......... .......... 61% 2.82M 41s
169350K .......... .......... .......... .......... .......... 61% 2.48M 41s
169400K .......... .......... .......... .......... .......... 61% 2.83M 41s
169450K .......... .......... .......... .......... .......... 61% 2.75M 41s
169500K .......... .......... .......... .......... .......... 61% 2.85M 41s
169550K .......... .......... .......... .......... .......... 61% 2.45M 40s
169600K .......... .......... .......... .......... .......... 61% 2.70M 40s
169650K .......... .......... .......... .......... .......... 61% 2.75M 40s
169700K .......... .......... .......... .......... .......... 61% 2.78M 40s
169750K .......... .......... .......... .......... .......... 61% 2.33M 40s
169800K .......... .......... .......... .......... .......... 61% 2.66M 40s
169850K .......... .......... .......... .......... .......... 61% 2.75M 40s
169900K .......... .......... .......... .......... .......... 61% 2.74M 40s
169950K .......... .......... .......... .......... .......... 61% 2.43M 40s
170000K .......... .......... .......... .......... .......... 61% 2.80M 40s
170050K .......... .......... .......... .......... .......... 61% 2.77M 40s
170100K .......... .......... .......... .......... .......... 61% 2.74M 40s
170150K .......... .......... .......... .......... .......... 61% 2.49M 40s
170200K .......... .......... .......... .......... .......... 61% 2.82M 40s
170250K .......... .......... .......... .......... .......... 61% 2.82M 40s
170300K .......... .......... .......... .......... .......... 61% 2.62M 40s
170350K .......... .......... .......... .......... .......... 61% 2.71M 40s
170400K .......... .......... .......... .......... .......... 61% 2.42M 40s
170450K .......... .......... .......... .......... .......... 61% 2.56M 40s
170500K .......... .......... .......... .......... .......... 61% 2.80M 40s
170550K .......... .......... .......... .......... .......... 61% 2.76M 40s
170600K .......... .......... .......... .......... .......... 61% 2.41M 40s
170650K .......... .......... .......... .......... .......... 61% 2.80M 40s
170700K .......... .......... .......... .......... .......... 61% 2.86M 40s
170750K .......... .......... .......... .......... .......... 61% 2.75M 40s
170800K .......... .......... .......... .......... .......... 61% 2.47M 40s
170850K .......... .......... .......... .......... .......... 61% 2.86M 40s
170900K .......... .......... .......... .......... .......... 61% 2.80M 40s
170950K .......... .......... .......... .......... .......... 61% 2.82M 40s
171000K .......... .......... .......... .......... .......... 61% 2.44M 40s
171050K .......... .......... .......... .......... .......... 61% 2.69M 40s
171100K .......... .......... .......... .......... .......... 61% 2.80M 40s
171150K .......... .......... .......... .......... .......... 61% 2.80M 40s
171200K .......... .......... .......... .......... .......... 61% 2.40M 40s
171250K .......... .......... .......... .......... .......... 61% 2.74M 40s
171300K .......... .......... .......... .......... .......... 61% 2.68M 40s
171350K .......... .......... .......... .......... .......... 61% 2.81M 40s
171400K .......... .......... .......... .......... .......... 61% 2.42M 40s
171450K .......... .......... .......... .......... .......... 61% 2.82M 40s
171500K .......... .......... .......... .......... .......... 61% 2.77M 40s
171550K .......... .......... .......... .......... .......... 61% 2.72M 40s
171600K .......... .......... .......... .......... .......... 61% 2.50M 40s
171650K .......... .......... .......... .......... .......... 61% 2.80M 40s
171700K .......... .......... .......... .......... .......... 61% 2.79M 40s
171750K .......... .......... .......... .......... .......... 61% 2.67M 40s
171800K .......... .......... .......... .......... .......... 61% 2.45M 40s
171850K .......... .......... .......... .......... .......... 61% 2.70M 40s
171900K .......... .......... .......... .......... .......... 61% 2.76M 40s
171950K .......... .......... .......... .......... .......... 61% 2.72M 40s
172000K .......... .......... .......... .......... .......... 61% 2.17M 40s
172050K .......... .......... .......... .......... .......... 62% 2.76M 40s
172100K .......... .......... .......... .......... .......... 62% 2.73M 40s
172150K .......... .......... .......... .......... .......... 62% 2.72M 40s
172200K .......... .......... .......... .......... .......... 62% 2.47M 39s
172250K .......... .......... .......... .......... .......... 62% 2.90M 39s
172300K .......... .......... .......... .......... .......... 62% 2.74M 39s
172350K .......... .......... .......... .......... .......... 62% 2.85M 39s
172400K .......... .......... .......... .......... .......... 62% 2.47M 39s
172450K .......... .......... .......... .......... .......... 62% 2.79M 39s
172500K .......... .......... .......... .......... .......... 62% 2.81M 39s
172550K .......... .......... .......... .......... .......... 62% 2.67M 39s
172600K .......... .......... .......... .......... .......... 62% 2.28M 39s
172650K .......... .......... .......... .......... .......... 62% 2.45M 39s
172700K .......... .......... .......... .......... .......... 62% 2.52M 39s
172750K .......... .......... .......... .......... .......... 62% 2.78M 39s
172800K .......... .......... .......... .......... .......... 62% 2.45M 39s
172850K .......... .......... .......... .......... .......... 62% 2.76M 39s
172900K .......... .......... .......... .......... .......... 62% 2.59M 39s
172950K .......... .......... .......... .......... .......... 62% 2.82M 39s
173000K .......... .......... .......... .......... .......... 62% 2.78M 39s
173050K .......... .......... .......... .......... .......... 62% 2.66M 39s
173100K .......... .......... .......... .......... .......... 62% 2.73M 39s
173150K .......... .......... .......... .......... .......... 62% 2.43M 39s
173200K .......... .......... .......... .......... .......... 62% 2.76M 39s
173250K .......... .......... .......... .......... .......... 62% 2.85M 39s
173300K .......... .......... .......... .......... .......... 62% 2.77M 39s
173350K .......... .......... .......... .......... .......... 62% 2.38M 39s
173400K .......... .......... .......... .......... .......... 62% 2.73M 39s
173450K .......... .......... .......... .......... .......... 62% 2.69M 39s
173500K .......... .......... .......... .......... .......... 62% 2.78M 39s
173550K .......... .......... .......... .......... .......... 62% 2.69M 39s
173600K .......... .......... .......... .......... .......... 62% 2.40M 39s
173650K .......... .......... .......... .......... .......... 62% 2.83M 39s
173700K .......... .......... .......... .......... .......... 62% 2.76M 39s
173750K .......... .......... .......... .......... .......... 62% 2.77M 39s
173800K .......... .......... .......... .......... .......... 62% 2.42M 39s
173850K .......... .......... .......... .......... .......... 62% 2.80M 39s
173900K .......... .......... .......... .......... .......... 62% 2.79M 39s
173950K .......... .......... .......... .......... .......... 62% 2.81M 39s
174000K .......... .......... .......... .......... .......... 62% 2.44M 39s
174050K .......... .......... .......... .......... .......... 62% 2.80M 39s
174100K .......... .......... .......... .......... .......... 62% 2.65M 39s
174150K .......... .......... .......... .......... .......... 62% 2.45M 39s
174200K .......... .......... .......... .......... .......... 62% 2.77M 39s
174250K .......... .......... .......... .......... .......... 62% 2.78M 39s
174300K .......... .......... .......... .......... .......... 62% 2.89M 39s
174350K .......... .......... .......... .......... .......... 62% 2.45M 39s
174400K .......... .......... .......... .......... .......... 62% 2.74M 39s
174450K .......... .......... .......... .......... .......... 62% 2.69M 39s
174500K .......... .......... .......... .......... .......... 62% 2.78M 39s
174550K .......... .......... .......... .......... .......... 62% 2.82M 39s
174600K .......... .......... .......... .......... .......... 62% 2.43M 39s
174650K .......... .......... .......... .......... .......... 62% 2.64M 39s
174700K .......... .......... .......... .......... .......... 62% 2.86M 39s
174750K .......... .......... .......... .......... .......... 62% 2.80M 39s
174800K .......... .......... .......... .......... .......... 63% 2.40M 38s
174850K .......... .......... .......... .......... .......... 63% 2.72M 38s
174900K .......... .......... .......... .......... .......... 63% 2.70M 38s
174950K .......... .......... .......... .......... .......... 63% 2.70M 38s
175000K .......... .......... .......... .......... .......... 63% 2.67M 38s
175050K .......... .......... .......... .......... .......... 63% 2.45M 38s
175100K .......... .......... .......... .......... .......... 63% 3.09M 38s
175150K .......... .......... .......... .......... .......... 63% 2.43M 38s
175200K .......... .......... .......... .......... .......... 63% 2.61M 38s
175250K .......... .......... .......... .......... .......... 63% 2.57M 38s
175300K .......... .......... .......... .......... .......... 63% 2.63M 38s
175350K .......... .......... .......... .......... .......... 63% 2.28M 38s
175400K .......... .......... .......... .......... .......... 63% 2.55M 38s
175450K .......... .......... .......... .......... .......... 63% 2.60M 38s
175500K .......... .......... .......... .......... .......... 63% 2.52M 38s
175550K .......... .......... .......... .......... .......... 63% 2.38M 38s
175600K .......... .......... .......... .......... .......... 63% 2.82M 38s
175650K .......... .......... .......... .......... .......... 63% 2.75M 38s
175700K .......... .......... .......... .......... .......... 63% 2.58M 38s
175750K .......... .......... .......... .......... .......... 63% 2.79M 38s
175800K .......... .......... .......... .......... .......... 63% 2.76M 38s
175850K .......... .......... .......... .......... .......... 63% 2.43M 38s
175900K .......... .......... .......... .......... .......... 63% 2.66M 38s
175950K .......... .......... .......... .......... .......... 63% 2.63M 38s
176000K .......... .......... .......... .......... .......... 63% 2.75M 38s
176050K .......... .......... .......... .......... .......... 63% 2.79M 38s
176100K .......... .......... .......... .......... .......... 63% 2.45M 38s
176150K .......... .......... .......... .......... .......... 63% 2.37M 38s
176200K .......... .......... .......... .......... .......... 63% 2.79M 38s
176250K .......... .......... .......... .......... .......... 63% 2.76M 38s
176300K .......... .......... .......... .......... .......... 63% 2.78M 38s
176350K .......... .......... .......... .......... .......... 63% 2.37M 38s
176400K .......... .......... .......... .......... .......... 63% 2.73M 38s
176450K .......... .......... .......... .......... .......... 63% 2.78M 38s
176500K .......... .......... .......... .......... .......... 63% 2.70M 38s
176550K .......... .......... .......... .......... .......... 63% 2.43M 38s
176600K .......... .......... .......... .......... .......... 63% 2.83M 38s
176650K .......... .......... .......... .......... .......... 63% 2.83M 38s
176700K .......... .......... .......... .......... .......... 63% 2.69M 38s
176750K .......... .......... .......... .......... .......... 63% 2.43M 38s
176800K .......... .......... .......... .......... .......... 63% 2.75M 38s
176850K .......... .......... .......... .......... .......... 63% 2.74M 38s
176900K .......... .......... .......... .......... .......... 63% 2.71M 38s
176950K .......... .......... .......... .......... .......... 63% 2.38M 38s
177000K .......... .......... .......... .......... .......... 63% 2.84M 38s
177050K .......... .......... .......... .......... .......... 63% 2.84M 38s
177100K .......... .......... .......... .......... .......... 63% 2.73M 38s
177150K .......... .......... .......... .......... .......... 63% 2.42M 38s
177200K .......... .......... .......... .......... .......... 63% 2.77M 38s
177250K .......... .......... .......... .......... .......... 63% 2.80M 38s
177300K .......... .......... .......... .......... .......... 63% 2.73M 38s
177350K .......... .......... .......... .......... .......... 63% 2.48M 38s
177400K .......... .......... .......... .......... .......... 63% 2.79M 38s
177450K .......... .......... .......... .......... .......... 63% 2.87M 37s
177500K .......... .......... .......... .......... .......... 63% 2.80M 37s
177550K .......... .......... .......... .......... .......... 63% 2.37M 37s
177600K .......... .......... .......... .......... .......... 64% 2.60M 37s
177650K .......... .......... .......... .......... .......... 64% 2.69M 37s
177700K .......... .......... .......... .......... .......... 64% 2.83M 37s
177750K .......... .......... .......... .......... .......... 64% 2.47M 37s
177800K .......... .......... .......... .......... .......... 64% 2.77M 37s
177850K .......... .......... .......... .......... .......... 64% 2.75M 37s
177900K .......... .......... .......... .......... .......... 64% 2.72M 37s
177950K .......... .......... .......... .......... .......... 64% 2.35M 37s
178000K .......... .......... .......... .......... .......... 64% 2.76M 37s
178050K .......... .......... .......... .......... .......... 64% 2.68M 37s
178100K .......... .......... .......... .......... .......... 64% 2.80M 37s
178150K .......... .......... .......... .......... .......... 64% 2.50M 37s
178200K .......... .......... .......... .......... .......... 64% 2.76M 37s
178250K .......... .......... .......... .......... .......... 64% 2.70M 37s
178300K .......... .......... .......... .......... .......... 64% 2.48M 37s
178350K .......... .......... .......... .......... .......... 64% 2.26M 37s
178400K .......... .......... .......... .......... .......... 64% 2.70M 37s
178450K .......... .......... .......... .......... .......... 64% 2.54M 37s
178500K .......... .......... .......... .......... .......... 64% 2.80M 37s
178550K .......... .......... .......... .......... .......... 64% 2.75M 37s
178600K .......... .......... .......... .......... .......... 64% 2.44M 37s
178650K .......... .......... .......... .......... .......... 64% 2.67M 37s
178700K .......... .......... .......... .......... .......... 64% 2.75M 37s
178750K .......... .......... .......... .......... .......... 64% 2.82M 37s
178800K .......... .......... .......... .......... .......... 64% 2.44M 37s
178850K .......... .......... .......... .......... .......... 64% 2.84M 37s
178900K .......... .......... .......... .......... .......... 64% 2.74M 37s
178950K .......... .......... .......... .......... .......... 64% 2.35M 37s
179000K .......... .......... .......... .......... .......... 64% 2.62M 37s
179050K .......... .......... .......... .......... .......... 64% 2.82M 37s
179100K .......... .......... .......... .......... .......... 64% 2.44M 37s
179150K .......... .......... .......... .......... .......... 64% 2.76M 37s
179200K .......... .......... .......... .......... .......... 64% 2.77M 37s
179250K .......... .......... .......... .......... .......... 64% 2.83M 37s
179300K .......... .......... .......... .......... .......... 64% 2.42M 37s
179350K .......... .......... .......... .......... .......... 64% 2.76M 37s
179400K .......... .......... .......... .......... .......... 64% 2.80M 37s
179450K .......... .......... .......... .......... .......... 64% 2.79M 37s
179500K .......... .......... .......... .......... .......... 64% 2.38M 37s
179550K .......... .......... .......... .......... .......... 64% 2.71M 37s
179600K .......... .......... .......... .......... .......... 64% 2.70M 37s
179650K .......... .......... .......... .......... .......... 64% 2.80M 37s
179700K .......... .......... .......... .......... .......... 64% 2.43M 37s
179750K .......... .......... .......... .......... .......... 64% 2.73M 37s
179800K .......... .......... .......... .......... .......... 64% 2.88M 37s
179850K .......... .......... .......... .......... .......... 64% 2.72M 37s
179900K .......... .......... .......... .......... .......... 64% 2.39M 37s
179950K .......... .......... .......... .......... .......... 64% 2.79M 37s
180000K .......... .......... .......... .......... .......... 64% 2.75M 37s
180050K .......... .......... .......... .......... .......... 64% 2.58M 37s
180100K .......... .......... .......... .......... .......... 64% 2.84M 36s
180150K .......... .......... .......... .......... .......... 64% 2.76M 36s
180200K .......... .......... .......... .......... .......... 64% 2.47M 36s
180250K .......... .......... .......... .......... .......... 64% 2.68M 36s
180300K .......... .......... .......... .......... .......... 64% 2.74M 36s
180350K .......... .......... .......... .......... .......... 64% 2.62M 36s
180400K .......... .......... .......... .......... .......... 65% 2.44M 36s
180450K .......... .......... .......... .......... .......... 65% 2.77M 36s
180500K .......... .......... .......... .......... .......... 65% 2.82M 36s
180550K .......... .......... .......... .......... .......... 65% 2.73M 36s
180600K .......... .......... .......... .......... .......... 65% 2.41M 36s
180650K .......... .......... .......... .......... .......... 65% 2.61M 36s
180700K .......... .......... .......... .......... .......... 65% 2.71M 36s
180750K .......... .......... .......... .......... .......... 65% 2.73M 36s
180800K .......... .......... .......... .......... .......... 65% 2.44M 36s
180850K .......... .......... .......... .......... .......... 65% 2.62M 36s
180900K .......... .......... .......... .......... .......... 65% 3.05M 36s
180950K .......... .......... .......... .......... .......... 65% 3.05M 36s
181000K .......... .......... .......... .......... .......... 65% 2.67M 36s
181050K .......... .......... .......... .......... .......... 65% 2.74M 36s
181100K .......... .......... .......... .......... .......... 65% 2.71M 36s
181150K .......... .......... .......... .......... .......... 65% 2.76M 36s
181200K .......... .......... .......... .......... .......... 65% 2.45M 36s
181250K .......... .......... .......... .......... .......... 65% 2.61M 36s
181300K .......... .......... .......... .......... .......... 65% 2.66M 36s
181350K .......... .......... .......... .......... .......... 65% 2.68M 36s
181400K .......... .......... .......... .......... .......... 65% 2.43M 36s
181450K .......... .......... .......... .......... .......... 65% 2.81M 36s
181500K .......... .......... .......... .......... .......... 65% 2.70M 36s
181550K .......... .......... .......... .......... .......... 65% 2.73M 36s
181600K .......... .......... .......... .......... .......... 65% 2.39M 36s
181650K .......... .......... .......... .......... .......... 65% 2.79M 36s
181700K .......... .......... .......... .......... .......... 65% 2.70M 36s
181750K .......... .......... .......... .......... .......... 65% 2.70M 36s
181800K .......... .......... .......... .......... .......... 65% 2.74M 36s
181850K .......... .......... .......... .......... .......... 65% 2.31M 36s
181900K .......... .......... .......... .......... .......... 65% 2.73M 36s
181950K .......... .......... .......... .......... .......... 65% 2.82M 36s
182000K .......... .......... .......... .......... .......... 65% 2.77M 36s
182050K .......... .......... .......... .......... .......... 65% 2.44M 36s
182100K .......... .......... .......... .......... .......... 65% 2.59M 36s
182150K .......... .......... .......... .......... .......... 65% 2.73M 36s
182200K .......... .......... .......... .......... .......... 65% 2.70M 36s
182250K .......... .......... .......... .......... .......... 65% 2.49M 36s
182300K .......... .......... .......... .......... .......... 65% 2.76M 36s
182350K .......... .......... .......... .......... .......... 65% 2.78M 36s
182400K .......... .......... .......... .......... .......... 65% 2.32M 36s
182450K .......... .......... .......... .......... .......... 65% 2.75M 36s
182500K .......... .......... .......... .......... .......... 65% 2.64M 36s
182550K .......... .......... .......... .......... .......... 65% 2.45M 36s
182600K .......... .......... .......... .......... .......... 65% 2.60M 36s
182650K .......... .......... .......... .......... .......... 65% 2.61M 36s
182700K .......... .......... .......... .......... .......... 65% 2.76M 36s
182750K .......... .......... .......... .......... .......... 65% 2.38M 35s
182800K .......... .......... .......... .......... .......... 65% 2.62M 35s
182850K .......... .......... .......... .......... .......... 65% 2.75M 35s
182900K .......... .......... .......... .......... .......... 65% 2.78M 35s
182950K .......... .......... .......... .......... .......... 65% 2.39M 35s
183000K .......... .......... .......... .......... .......... 65% 2.80M 35s
183050K .......... .......... .......... .......... .......... 65% 2.87M 35s
183100K .......... .......... .......... .......... .......... 65% 2.85M 35s
183150K .......... .......... .......... .......... .......... 66% 2.43M 35s
183200K .......... .......... .......... .......... .......... 66% 2.75M 35s
183250K .......... .......... .......... .......... .......... 66% 2.76M 35s
183300K .......... .......... .......... .......... .......... 66% 2.59M 35s
183350K .......... .......... .......... .......... .......... 66% 2.76M 35s
183400K .......... .......... .......... .......... .......... 66% 2.40M 35s
183450K .......... .......... .......... .......... .......... 66% 2.80M 35s
183500K .......... .......... .......... .......... .......... 66% 2.83M 35s
183550K .......... .......... .......... .......... .......... 66% 2.73M 35s
183600K .......... .......... .......... .......... .......... 66% 2.41M 35s
183650K .......... .......... .......... .......... .......... 66% 2.82M 35s
183700K .......... .......... .......... .......... .......... 66% 2.74M 35s
183750K .......... .......... .......... .......... .......... 66% 2.73M 35s
183800K .......... .......... .......... .......... .......... 66% 2.44M 35s
183850K .......... .......... .......... .......... .......... 66% 2.86M 35s
183900K .......... .......... .......... .......... .......... 66% 2.79M 35s
183950K .......... .......... .......... .......... .......... 66% 2.72M 35s
184000K .......... .......... .......... .......... .......... 66% 2.30M 35s
184050K .......... .......... .......... .......... .......... 66% 2.72M 35s
184100K .......... .......... .......... .......... .......... 66% 2.77M 35s
184150K .......... .......... .......... .......... .......... 66% 2.74M 35s
184200K .......... .......... .......... .......... .......... 66% 2.46M 35s
184250K .......... .......... .......... .......... .......... 66% 2.76M 35s
184300K .......... .......... .......... .......... .......... 66% 2.81M 35s
184350K .......... .......... .......... .......... .......... 66% 2.33M 35s
184400K .......... .......... .......... .......... .......... 66% 2.75M 35s
184450K .......... .......... .......... .......... .......... 66% 2.72M 35s
184500K .......... .......... .......... .......... .......... 66% 2.70M 35s
184550K .......... .......... .......... .......... .......... 66% 2.47M 35s
184600K .......... .......... .......... .......... .......... 66% 2.76M 35s
184650K .......... .......... .......... .......... .......... 66% 2.79M 35s
184700K .......... .......... .......... .......... .......... 66% 2.68M 35s
184750K .......... .......... .......... .......... .......... 66% 2.39M 35s
184800K .......... .......... .......... .......... .......... 66% 2.75M 35s
184850K .......... .......... .......... .......... .......... 66% 2.82M 35s
184900K .......... .......... .......... .......... .......... 66% 2.78M 35s
184950K .......... .......... .......... .......... .......... 66% 2.37M 35s
185000K .......... .......... .......... .......... .......... 66% 2.79M 35s
185050K .......... .......... .......... .......... .......... 66% 2.80M 35s
185100K .......... .......... .......... .......... .......... 66% 2.70M 35s
185150K .......... .......... .......... .......... .......... 66% 2.34M 35s
185200K .......... .......... .......... .......... .......... 66% 2.98M 35s
185250K .......... .......... .......... .......... .......... 66% 2.39M 35s
185300K .......... .......... .......... .......... .......... 66% 2.82M 35s
185350K .......... .......... .......... .......... .......... 66% 2.57M 35s
185400K .......... .......... .......... .......... .......... 66% 2.26M 34s
185450K .......... .......... .......... .......... .......... 66% 2.68M 34s
185500K .......... .......... .......... .......... .......... 66% 2.64M 34s
185550K .......... .......... .......... .......... .......... 66% 2.66M 34s
185600K .......... .......... .......... .......... .......... 66% 2.44M 34s
185650K .......... .......... .......... .......... .......... 66% 2.74M 34s
185700K .......... .......... .......... .......... .......... 66% 2.43M 34s
185750K .......... .......... .......... .......... .......... 66% 2.70M 34s
185800K .......... .......... .......... .......... .......... 66% 2.75M 34s
185850K .......... .......... .......... .......... .......... 66% 2.67M 34s
185900K .......... .......... .......... .......... .......... 66% 2.34M 34s
185950K .......... .......... .......... .......... .......... 67% 2.71M 34s
186000K .......... .......... .......... .......... .......... 67% 2.84M 34s
186050K .......... .......... .......... .......... .......... 67% 2.78M 34s
186100K .......... .......... .......... .......... .......... 67% 2.41M 34s
186150K .......... .......... .......... .......... .......... 67% 2.80M 34s
186200K .......... .......... .......... .......... .......... 67% 2.62M 34s
186250K .......... .......... .......... .......... .......... 67% 2.68M 34s
186300K .......... .......... .......... .......... .......... 67% 2.25M 34s
186350K .......... .......... .......... .......... .......... 67% 2.93M 34s
186400K .......... .......... .......... .......... .......... 67% 2.24M 34s
186450K .......... .......... .......... .......... .......... 67% 2.71M 34s
186500K .......... .......... .......... .......... .......... 67% 2.75M 34s
186550K .......... .......... .......... .......... .......... 67% 2.76M 34s
186600K .......... .......... .......... .......... .......... 67% 2.53M 34s
186650K .......... .......... .......... .......... .......... 67% 2.73M 34s
186700K .......... .......... .......... .......... .......... 67% 2.76M 34s
186750K .......... .......... .......... .......... .......... 67% 2.79M 34s
186800K .......... .......... .......... .......... .......... 67% 2.42M 34s
186850K .......... .......... .......... .......... .......... 67% 2.91M 34s
186900K .......... .......... .......... .......... .......... 67% 2.75M 34s
186950K .......... .......... .......... .......... .......... 67% 2.67M 34s
187000K .......... .......... .......... .......... .......... 67% 2.40M 34s
187050K .......... .......... .......... .......... .......... 67% 2.82M 34s
187100K .......... .......... .......... .......... .......... 67% 2.82M 34s
187150K .......... .......... .......... .......... .......... 67% 2.69M 34s
187200K .......... .......... .......... .......... .......... 67% 2.77M 34s
187250K .......... .......... .......... .......... .......... 67% 2.44M 34s
187300K .......... .......... .......... .......... .......... 67% 2.79M 34s
187350K .......... .......... .......... .......... .......... 67% 2.81M 34s
187400K .......... .......... .......... .......... .......... 67% 2.84M 34s
187450K .......... .......... .......... .......... .......... 67% 2.35M 34s
187500K .......... .......... .......... .......... .......... 67% 2.67M 34s
187550K .......... .......... .......... .......... .......... 67% 2.55M 34s
187600K .......... .......... .......... .......... .......... 67% 2.70M 34s
187650K .......... .......... .......... .......... .......... 67% 2.31M 34s
187700K .......... .......... .......... .......... .......... 67% 2.66M 34s
187750K .......... .......... .......... .......... .......... 67% 2.66M 34s
187800K .......... .......... .......... .......... .......... 67% 2.63M 34s
187850K .......... .......... .......... .......... .......... 67% 2.38M 34s
187900K .......... .......... .......... .......... .......... 67% 2.81M 34s
187950K .......... .......... .......... .......... .......... 67% 2.61M 34s
188000K .......... .......... .......... .......... .......... 67% 2.78M 34s
188050K .......... .......... .......... .......... .......... 67% 2.45M 33s
188100K .......... .......... .......... .......... .......... 67% 2.76M 33s
188150K .......... .......... .......... .......... .......... 67% 2.70M 33s
188200K .......... .......... .......... .......... .......... 67% 2.76M 33s
188250K .......... .......... .......... .......... .......... 67% 2.49M 33s
188300K .......... .......... .......... .......... .......... 67% 2.86M 33s
188350K .......... .......... .......... .......... .......... 67% 2.56M 33s
188400K .......... .......... .......... .......... .......... 67% 2.53M 33s
188450K .......... .......... .......... .......... .......... 67% 2.72M 33s
188500K .......... .......... .......... .......... .......... 67% 2.65M 33s
188550K .......... .......... .......... .......... .......... 67% 2.36M 33s
188600K .......... .......... .......... .......... .......... 67% 2.75M 33s
188650K .......... .......... .......... .......... .......... 67% 2.58M 33s
188700K .......... .......... .......... .......... .......... 68% 2.71M 33s
188750K .......... .......... .......... .......... .......... 68% 2.45M 33s
188800K .......... .......... .......... .......... .......... 68% 2.77M 33s
188850K .......... .......... .......... .......... .......... 68% 2.74M 33s
188900K .......... .......... .......... .......... .......... 68% 2.72M 33s
188950K .......... .......... .......... .......... .......... 68% 2.74M 33s
189000K .......... .......... .......... .......... .......... 68% 2.51M 33s
189050K .......... .......... .......... .......... .......... 68% 2.83M 33s
189100K .......... .......... .......... .......... .......... 68% 2.75M 33s
189150K .......... .......... .......... .......... .......... 68% 2.60M 33s
189200K .......... .......... .......... .......... .......... 68% 2.42M 33s
189250K .......... .......... .......... .......... .......... 68% 2.77M 33s
189300K .......... .......... .......... .......... .......... 68% 2.81M 33s
189350K .......... .......... .......... .......... .......... 68% 2.83M 33s
189400K .......... .......... .......... .......... .......... 68% 2.38M 33s
189450K .......... .......... .......... .......... .......... 68% 2.81M 33s
189500K .......... .......... .......... .......... .......... 68% 2.73M 33s
189550K .......... .......... .......... .......... .......... 68% 2.40M 33s
189600K .......... .......... .......... .......... .......... 68% 2.77M 33s
189650K .......... .......... .......... .......... .......... 68% 2.80M 33s
189700K .......... .......... .......... .......... .......... 68% 2.75M 33s
189750K .......... .......... .......... .......... .......... 68% 2.33M 33s
189800K .......... .......... .......... .......... .......... 68% 2.68M 33s
189850K .......... .......... .......... .......... .......... 68% 2.63M 33s
189900K .......... .......... .......... .......... .......... 68% 2.65M 33s
189950K .......... .......... .......... .......... .......... 68% 2.42M 33s
190000K .......... .......... .......... .......... .......... 68% 2.73M 33s
190050K .......... .......... .......... .......... .......... 68% 2.89M 33s
190100K .......... .......... .......... .......... .......... 68% 2.79M 33s
190150K .......... .......... .......... .......... .......... 68% 2.35M 33s
190200K .......... .......... .......... .......... .......... 68% 2.69M 33s
190250K .......... .......... .......... .......... .......... 68% 2.84M 33s
190300K .......... .......... .......... .......... .......... 68% 2.89M 33s
190350K .......... .......... .......... .......... .......... 68% 2.44M 33s
190400K .......... .......... .......... .......... .......... 68% 2.77M 33s
190450K .......... .......... .......... .......... .......... 68% 2.82M 33s
190500K .......... .......... .......... .......... .......... 68% 2.83M 33s
190550K .......... .......... .......... .......... .......... 68% 2.39M 33s
190600K .......... .......... .......... .......... .......... 68% 2.70M 33s
190650K .......... .......... .......... .......... .......... 68% 2.72M 33s
190700K .......... .......... .......... .......... .......... 68% 2.85M 32s
190750K .......... .......... .......... .......... .......... 68% 2.81M 32s
190800K .......... .......... .......... .......... .......... 68% 2.41M 32s
190850K .......... .......... .......... .......... .......... 68% 2.77M 32s
190900K .......... .......... .......... .......... .......... 68% 2.68M 32s
190950K .......... .......... .......... .......... .......... 68% 2.73M 32s
191000K .......... .......... .......... .......... .......... 68% 2.59M 32s
191050K .......... .......... .......... .......... .......... 68% 2.40M 32s
191100K .......... .......... .......... .......... .......... 68% 2.73M 32s
191150K .......... .......... .......... .......... .......... 68% 2.83M 32s
191200K .......... .......... .......... .......... .......... 68% 2.72M 32s
191250K .......... .......... .......... .......... .......... 68% 2.45M 32s
191300K .......... .......... .......... .......... .......... 68% 2.68M 32s
191350K .......... .......... .......... .......... .......... 68% 2.70M 32s
191400K .......... .......... .......... .......... .......... 68% 2.78M 32s
191450K .......... .......... .......... .......... .......... 68% 2.55M 32s
191500K .......... .......... .......... .......... .......... 69% 2.85M 32s
191550K .......... .......... .......... .......... .......... 69% 2.41M 32s
191600K .......... .......... .......... .......... .......... 69% 2.69M 32s
191650K .......... .......... .......... .......... .......... 69% 2.86M 32s
191700K .......... .......... .......... .......... .......... 69% 2.70M 32s
191750K .......... .......... .......... .......... .......... 69% 2.41M 32s
191800K .......... .......... .......... .......... .......... 69% 2.74M 32s
191850K .......... .......... .......... .......... .......... 69% 2.83M 32s
191900K .......... .......... .......... .......... .......... 69% 2.76M 32s
191950K .......... .......... .......... .......... .......... 69% 2.41M 32s
192000K .......... .......... .......... .......... .......... 69% 2.69M 32s
192050K .......... .......... .......... .......... .......... 69% 2.66M 32s
192100K .......... .......... .......... .......... .......... 69% 2.72M 32s
192150K .......... .......... .......... .......... .......... 69% 2.75M 32s
192200K .......... .......... .......... .......... .......... 69% 2.47M 32s
192250K .......... .......... .......... .......... .......... 69% 2.83M 32s
192300K .......... .......... .......... .......... .......... 69% 2.86M 32s
192350K .......... .......... .......... .......... .......... 69% 2.87M 32s
192400K .......... .......... .......... .......... .......... 69% 2.51M 32s
192450K .......... .......... .......... .......... .......... 69% 2.84M 32s
192500K .......... .......... .......... .......... .......... 69% 2.77M 32s
192550K .......... .......... .......... .......... .......... 69% 2.81M 32s
192600K .......... .......... .......... .......... .......... 69% 2.42M 32s
192650K .......... .......... .......... .......... .......... 69% 2.76M 32s
192700K .......... .......... .......... .......... .......... 69% 2.77M 32s
192750K .......... .......... .......... .......... .......... 69% 2.75M 32s
192800K .......... .......... .......... .......... .......... 69% 2.42M 32s
192850K .......... .......... .......... .......... .......... 69% 2.75M 32s
192900K .......... .......... .......... .......... .......... 69% 2.71M 32s
192950K .......... .......... .......... .......... .......... 69% 2.87M 32s
193000K .......... .......... .......... .......... .......... 69% 2.48M 32s
193050K .......... .......... .......... .......... .......... 69% 2.88M 32s
193100K .......... .......... .......... .......... .......... 69% 2.73M 32s
193150K .......... .......... .......... .......... .......... 69% 2.69M 32s
193200K .......... .......... .......... .......... .......... 69% 2.37M 32s
193250K .......... .......... .......... .......... .......... 69% 2.82M 32s
193300K .......... .......... .......... .......... .......... 69% 2.87M 32s
193350K .......... .......... .......... .......... .......... 69% 2.80M 31s
193400K .......... .......... .......... .......... .......... 69% 2.46M 31s
193450K .......... .......... .......... .......... .......... 69% 2.76M 31s
193500K .......... .......... .......... .......... .......... 69% 2.78M 31s
193550K .......... .......... .......... .......... .......... 69% 2.49M 31s
193600K .......... .......... .......... .......... .......... 69% 2.84M 31s
193650K .......... .......... .......... .......... .......... 69% 2.75M 31s
193700K .......... .......... .......... .......... .......... 69% 2.82M 31s
193750K .......... .......... .......... .......... .......... 69% 2.47M 31s
193800K .......... .......... .......... .......... .......... 69% 2.81M 31s
193850K .......... .......... .......... .......... .......... 69% 2.69M 31s
193900K .......... .......... .......... .......... .......... 69% 2.83M 31s
193950K .......... .......... .......... .......... .......... 69% 2.46M 31s
194000K .......... .......... .......... .......... .......... 69% 2.82M 31s
194050K .......... .......... .......... .......... .......... 69% 2.68M 31s
194100K .......... .......... .......... .......... .......... 69% 2.76M 31s
194150K .......... .......... .......... .......... .......... 69% 2.45M 31s
194200K .......... .......... .......... .......... .......... 69% 2.84M 31s
194250K .......... .......... .......... .......... .......... 70% 2.75M 31s
194300K .......... .......... .......... .......... .......... 70% 2.82M 31s
194350K .......... .......... .......... .......... .......... 70% 2.24M 31s
194400K .......... .......... .......... .......... .......... 70% 2.76M 31s
194450K .......... .......... .......... .......... .......... 70% 2.84M 31s
194500K .......... .......... .......... .......... .......... 70% 2.72M 31s
194550K .......... .......... .......... .......... .......... 70% 2.45M 31s
194600K .......... .......... .......... .......... .......... 70% 2.85M 31s
194650K .......... .......... .......... .......... .......... 70% 2.61M 31s
194700K .......... .......... .......... .......... .......... 70% 2.78M 31s
194750K .......... .......... .......... .......... .......... 70% 2.68M 31s
194800K .......... .......... .......... .......... .......... 70% 2.43M 31s
194850K .......... .......... .......... .......... .......... 70% 2.83M 31s
194900K .......... .......... .......... .......... .......... 70% 2.78M 31s
194950K .......... .......... .......... .......... .......... 70% 2.78M 31s
195000K .......... .......... .......... .......... .......... 70% 2.43M 31s
195050K .......... .......... .......... .......... .......... 70% 2.69M 31s
195100K .......... .......... .......... .......... .......... 70% 2.56M 31s
195150K .......... .......... .......... .......... .......... 70% 2.80M 31s
195200K .......... .......... .......... .......... .......... 70% 2.86M 31s
195250K .......... .......... .......... .......... .......... 70% 2.43M 31s
195300K .......... .......... .......... .......... .......... 70% 2.84M 31s
195350K .......... .......... .......... .......... .......... 70% 2.91M 31s
195400K .......... .......... .......... .......... .......... 70% 2.80M 31s
195450K .......... .......... .......... .......... .......... 70% 2.46M 31s
195500K .......... .......... .......... .......... .......... 70% 2.64M 31s
195550K .......... .......... .......... .......... .......... 70% 2.60M 31s
195600K .......... .......... .......... .......... .......... 70% 2.85M 31s
195650K .......... .......... .......... .......... .......... 70% 2.79M 31s
195700K .......... .......... .......... .......... .......... 70% 2.84M 31s
195750K .......... .......... .......... .......... .......... 70% 2.47M 31s
195800K .......... .......... .......... .......... .......... 70% 2.76M 31s
195850K .......... .......... .......... .......... .......... 70% 2.87M 31s
195900K .......... .......... .......... .......... .......... 70% 2.80M 31s
195950K .......... .......... .......... .......... .......... 70% 2.47M 31s
196000K .......... .......... .......... .......... .......... 70% 2.77M 30s
196050K .......... .......... .......... .......... .......... 70% 2.85M 30s
196100K .......... .......... .......... .......... .......... 70% 2.85M 30s
196150K .......... .......... .......... .......... .......... 70% 2.45M 30s
196200K .......... .......... .......... .......... .......... 70% 2.70M 30s
196250K .......... .......... .......... .......... .......... 70% 2.75M 30s
196300K .......... .......... .......... .......... .......... 70% 2.85M 30s
196350K .......... .......... .......... .......... .......... 70% 2.39M 30s
196400K .......... .......... .......... .......... .......... 70% 2.73M 30s
196450K .......... .......... .......... .......... .......... 70% 2.82M 30s
196500K .......... .......... .......... .......... .......... 70% 2.80M 30s
196550K .......... .......... .......... .......... .......... 70% 2.45M 30s
196600K .......... .......... .......... .......... .......... 70% 2.78M 30s
196650K .......... .......... .......... .......... .......... 70% 2.76M 30s
196700K .......... .......... .......... .......... .......... 70% 2.79M 30s
196750K .......... .......... .......... .......... .......... 70% 2.21M 30s
196800K .......... .......... .......... .......... .......... 70% 2.78M 30s
196850K .......... .......... .......... .......... .......... 70% 2.76M 30s
196900K .......... .......... .......... .......... .......... 70% 2.85M 30s
196950K .......... .......... .......... .......... .......... 70% 2.41M 30s
197000K .......... .......... .......... .......... .......... 70% 2.76M 30s
197050K .......... .......... .......... .......... .......... 71% 2.80M 30s
197100K .......... .......... .......... .......... .......... 71% 2.79M 30s
197150K .......... .......... .......... .......... .......... 71% 2.48M 30s
197200K .......... .......... .......... .......... .......... 71% 2.79M 30s
197250K .......... .......... .......... .......... .......... 71% 2.78M 30s
197300K .......... .......... .......... .......... .......... 71% 2.74M 30s
197350K .......... .......... .......... .......... .......... 71% 2.38M 30s
197400K .......... .......... .......... .......... .......... 71% 2.65M 30s
197450K .......... .......... .......... .......... .......... 71% 2.67M 30s
197500K .......... .......... .......... .......... .......... 71% 2.60M 30s
197550K .......... .......... .......... .......... .......... 71% 2.31M 30s
197600K .......... .......... .......... .......... .......... 71% 2.50M 30s
197650K .......... .......... .......... .......... .......... 71% 2.73M 30s
197700K .......... .......... .......... .......... .......... 71% 2.74M 30s
197750K .......... .......... .......... .......... .......... 71% 2.38M 30s
197800K .......... .......... .......... .......... .......... 71% 2.70M 30s
197850K .......... .......... .......... .......... .......... 71% 2.74M 30s
197900K .......... .......... .......... .......... .......... 71% 2.80M 30s
197950K .......... .......... .......... .......... .......... 71% 2.49M 30s
198000K .......... .......... .......... .......... .......... 71% 2.81M 30s
198050K .......... .......... .......... .......... .......... 71% 2.83M 30s
198100K .......... .......... .......... .......... .......... 71% 2.71M 30s
198150K .......... .......... .......... .......... .......... 71% 2.44M 30s
198200K .......... .......... .......... .......... .......... 71% 2.80M 30s
198250K .......... .......... .......... .......... .......... 71% 2.83M 30s
198300K .......... .......... .......... .......... .......... 71% 2.56M 30s
198350K .......... .......... .......... .......... .......... 71% 2.36M 30s
198400K .......... .......... .......... .......... .......... 71% 2.58M 30s
198450K .......... .......... .......... .......... .......... 71% 2.68M 30s
198500K .......... .......... .......... .......... .......... 71% 2.71M 30s
198550K .......... .......... .......... .......... .......... 71% 2.75M 30s
198600K .......... .......... .......... .......... .......... 71% 2.57M 30s
198650K .......... .......... .......... .......... .......... 71% 2.45M 29s
198700K .......... .......... .......... .......... .......... 71% 2.71M 29s
198750K .......... .......... .......... .......... .......... 71% 2.75M 29s
198800K .......... .......... .......... .......... .......... 71% 2.80M 29s
198850K .......... .......... .......... .......... .......... 71% 2.44M 29s
198900K .......... .......... .......... .......... .......... 71% 2.90M 29s
198950K .......... .......... .......... .......... .......... 71% 2.88M 29s
199000K .......... .......... .......... .......... .......... 71% 2.57M 29s
199050K .......... .......... .......... .......... .......... 71% 2.64M 29s
199100K .......... .......... .......... .......... .......... 71% 2.77M 29s
199150K .......... .......... .......... .......... .......... 71% 2.83M 29s
199200K .......... .......... .......... .......... .......... 71% 2.46M 29s
199250K .......... .......... .......... .......... .......... 71% 2.77M 29s
199300K .......... .......... .......... .......... .......... 71% 2.70M 29s
199350K .......... .......... .......... .......... .......... 71% 2.78M 29s
199400K .......... .......... .......... .......... .......... 71% 2.50M 29s
199450K .......... .......... .......... .......... .......... 71% 2.62M 29s
199500K .......... .......... .......... .......... .......... 71% 2.73M 29s
199550K .......... .......... .......... .......... .......... 71% 2.78M 29s
199600K .......... .......... .......... .......... .......... 71% 2.76M 29s
199650K .......... .......... .......... .......... .......... 71% 2.71M 29s
199700K .......... .......... .......... .......... .......... 71% 2.32M 29s
199750K .......... .......... .......... .......... .......... 71% 2.68M 29s
199800K .......... .......... .......... .......... .......... 72% 2.35M 29s
199850K .......... .......... .......... .......... .......... 72% 2.47M 29s
199900K .......... .......... .......... .......... .......... 72% 2.32M 29s
199950K .......... .......... .......... .......... .......... 72% 2.75M 29s
200000K .......... .......... .......... .......... .......... 72% 2.75M 29s
200050K .......... .......... .......... .......... .......... 72% 2.69M 29s
200100K .......... .......... .......... .......... .......... 72% 2.40M 29s
200150K .......... .......... .......... .......... .......... 72% 2.84M 29s
200200K .......... .......... .......... .......... .......... 72% 2.75M 29s
200250K .......... .......... .......... .......... .......... 72% 2.78M 29s
200300K .......... .......... .......... .......... .......... 72% 2.34M 29s
200350K .......... .......... .......... .......... .......... 72% 2.84M 29s
200400K .......... .......... .......... .......... .......... 72% 2.73M 29s
200450K .......... .......... .......... .......... .......... 72% 2.57M 29s
200500K .......... .......... .......... .......... .......... 72% 2.70M 29s
200550K .......... .......... .......... .......... .......... 72% 2.76M 29s
200600K .......... .......... .......... .......... .......... 72% 2.43M 29s
200650K .......... .......... .......... .......... .......... 72% 2.71M 29s
200700K .......... .......... .......... .......... .......... 72% 3.00M 29s
200750K .......... .......... .......... .......... .......... 72% 2.39M 29s
200800K .......... .......... .......... .......... .......... 72% 2.82M 29s
200850K .......... .......... .......... .......... .......... 72% 2.77M 29s
200900K .......... .......... .......... .......... .......... 72% 2.74M 29s
200950K .......... .......... .......... .......... .......... 72% 2.40M 29s
201000K .......... .......... .......... .......... .......... 72% 2.83M 29s
201050K .......... .......... .......... .......... .......... 72% 2.89M 29s
201100K .......... .......... .......... .......... .......... 72% 2.81M 29s
201150K .......... .......... .......... .......... .......... 72% 2.41M 29s
201200K .......... .......... .......... .......... .......... 72% 2.79M 29s
201250K .......... .......... .......... .......... .......... 72% 2.69M 29s
201300K .......... .......... .......... .......... .......... 72% 2.70M 28s
201350K .......... .......... .......... .......... .......... 72% 2.44M 28s
201400K .......... .......... .......... .......... .......... 72% 2.75M 28s
201450K .......... .......... .......... .......... .......... 72% 2.81M 28s
201500K .......... .......... .......... .......... .......... 72% 2.76M 28s
201550K .......... .......... .......... .......... .......... 72% 2.44M 28s
201600K .......... .......... .......... .......... .......... 72% 2.76M 28s
201650K .......... .......... .......... .......... .......... 72% 2.81M 28s
201700K .......... .......... .......... .......... .......... 72% 2.77M 28s
201750K .......... .......... .......... .......... .......... 72% 2.41M 28s
201800K .......... .......... .......... .......... .......... 72% 2.82M 28s
201850K .......... .......... .......... .......... .......... 72% 2.87M 28s
201900K .......... .......... .......... .......... .......... 72% 2.69M 28s
201950K .......... .......... .......... .......... .......... 72% 2.42M 28s
202000K .......... .......... .......... .......... .......... 72% 2.79M 28s
202050K .......... .......... .......... .......... .......... 72% 2.68M 28s
202100K .......... .......... .......... .......... .......... 72% 2.78M 28s
202150K .......... .......... .......... .......... .......... 72% 2.48M 28s
202200K .......... .......... .......... .......... .......... 72% 2.84M 28s
202250K .......... .......... .......... .......... .......... 72% 2.77M 28s
202300K .......... .......... .......... .......... .......... 72% 2.70M 28s
202350K .......... .......... .......... .......... .......... 72% 2.49M 28s
202400K .......... .......... .......... .......... .......... 72% 2.57M 28s
202450K .......... .......... .......... .......... .......... 72% 2.87M 28s
202500K .......... .......... .......... .......... .......... 72% 2.76M 28s
202550K .......... .......... .......... .......... .......... 72% 2.45M 28s
202600K .......... .......... .......... .......... .......... 73% 2.79M 28s
202650K .......... .......... .......... .......... .......... 73% 2.54M 28s
202700K .......... .......... .......... .......... .......... 73% 2.73M 28s
202750K .......... .......... .......... .......... .......... 73% 2.74M 28s
202800K .......... .......... .......... .......... .......... 73% 2.42M 28s
202850K .......... .......... .......... .......... .......... 73% 2.90M 28s
202900K .......... .......... .......... .......... .......... 73% 2.81M 28s
202950K .......... .......... .......... .......... .......... 73% 2.44M 28s
203000K .......... .......... .......... .......... .......... 73% 2.87M 28s
203050K .......... .......... .......... .......... .......... 73% 2.77M 28s
203100K .......... .......... .......... .......... .......... 73% 2.83M 28s
203150K .......... .......... .......... .......... .......... 73% 2.46M 28s
203200K .......... .......... .......... .......... .......... 73% 2.76M 28s
203250K .......... .......... .......... .......... .......... 73% 2.79M 28s
203300K .......... .......... .......... .......... .......... 73% 2.71M 28s
203350K .......... .......... .......... .......... .......... 73% 2.46M 28s
203400K .......... .......... .......... .......... .......... 73% 2.85M 28s
203450K .......... .......... .......... .......... .......... 73% 2.70M 28s
203500K .......... .......... .......... .......... .......... 73% 2.65M 28s
203550K .......... .......... .......... .......... .......... 73% 2.44M 28s
203600K .......... .......... .......... .......... .......... 73% 2.81M 28s
203650K .......... .......... .......... .......... .......... 73% 2.79M 28s
203700K .......... .......... .......... .......... .......... 73% 2.76M 28s
203750K .......... .......... .......... .......... .......... 73% 2.51M 28s
203800K .......... .......... .......... .......... .......... 73% 2.77M 28s
203850K .......... .......... .......... .......... .......... 73% 2.72M 28s
203900K .......... .......... .......... .......... .......... 73% 2.75M 28s
203950K .......... .......... .......... .......... .......... 73% 2.43M 27s
204000K .......... .......... .......... .......... .......... 73% 2.77M 27s
204050K .......... .......... .......... .......... .......... 73% 2.81M 27s
204100K .......... .......... .......... .......... .......... 73% 2.70M 27s
204150K .......... .......... .......... .......... .......... 73% 2.42M 27s
204200K .......... .......... .......... .......... .......... 73% 2.67M 27s
204250K .......... .......... .......... .......... .......... 73% 2.81M 27s
204300K .......... .......... .......... .......... .......... 73% 2.82M 27s
204350K .......... .......... .......... .......... .......... 73% 2.34M 27s
204400K .......... .......... .......... .......... .......... 73% 2.68M 27s
204450K .......... .......... .......... .......... .......... 73% 2.67M 27s
204500K .......... .......... .......... .......... .......... 73% 2.76M 27s
204550K .......... .......... .......... .......... .......... 73% 2.59M 27s
204600K .......... .......... .......... .......... .......... 73% 2.77M 27s
204650K .......... .......... .......... .......... .......... 73% 2.67M 27s
204700K .......... .......... .......... .......... .......... 73% 2.36M 27s
204750K .......... .......... .......... .......... .......... 73% 2.77M 27s
204800K .......... .......... .......... .......... .......... 73% 2.45M 27s
204850K .......... .......... .......... .......... .......... 73% 2.63M 27s
204900K .......... .......... .......... .......... .......... 73% 2.79M 27s
204950K .......... .......... .......... .......... .......... 73% 2.70M 27s
205000K .......... .......... .......... .......... .......... 73% 2.42M 27s
205050K .......... .......... .......... .......... .......... 73% 2.61M 27s
205100K .......... .......... .......... .......... .......... 73% 2.69M 27s
205150K .......... .......... .......... .......... .......... 73% 2.65M 27s
205200K .......... .......... .......... .......... .......... 73% 2.39M 27s
205250K .......... .......... .......... .......... .......... 73% 2.74M 27s
205300K .......... .......... .......... .......... .......... 73% 2.78M 27s
205350K .......... .......... .......... .......... .......... 74% 2.51M 27s
205400K .......... .......... .......... .......... .......... 74% 2.50M 27s
205450K .......... .......... .......... .......... .......... 74% 2.81M 27s
205500K .......... .......... .......... .......... .......... 74% 2.77M 27s
205550K .......... .......... .......... .......... .......... 74% 2.53M 27s
205600K .......... .......... .......... .......... .......... 74% 2.33M 27s
205650K .......... .......... .......... .......... .......... 74% 2.73M 27s
205700K .......... .......... .......... .......... .......... 74% 2.78M 27s
205750K .......... .......... .......... .......... .......... 74% 2.67M 27s
205800K .......... .......... .......... .......... .......... 74% 2.41M 27s
205850K .......... .......... .......... .......... .......... 74% 2.75M 27s
205900K .......... .......... .......... .......... .......... 74% 2.74M 27s
205950K .......... .......... .......... .......... .......... 74% 2.48M 27s
206000K .......... .......... .......... .......... .......... 74% 2.74M 27s
206050K .......... .......... .......... .......... .......... 74% 2.87M 27s
206100K .......... .......... .......... .......... .......... 74% 2.17M 27s
206150K .......... .......... .......... .......... .......... 74% 2.42M 27s
206200K .......... .......... .......... .......... .......... 74% 2.72M 27s
206250K .......... .......... .......... .......... .......... 74% 2.76M 27s
206300K .......... .......... .......... .......... .......... 74% 2.62M 27s
206350K .......... .......... .......... .......... .......... 74% 2.40M 27s
206400K .......... .......... .......... .......... .......... 74% 2.81M 27s
206450K .......... .......... .......... .......... .......... 74% 2.83M 27s
206500K .......... .......... .......... .......... .......... 74% 2.92M 27s
206550K .......... .......... .......... .......... .......... 74% 2.58M 27s
206600K .......... .......... .......... .......... .......... 74% 2.87M 27s
206650K .......... .......... .......... .......... .......... 74% 2.35M 26s
206700K .......... .......... .......... .......... .......... 74% 2.68M 26s
206750K .......... .......... .......... .......... .......... 74% 2.83M 26s
206800K .......... .......... .......... .......... .......... 74% 2.81M 26s
206850K .......... .......... .......... .......... .......... 74% 2.41M 26s
206900K .......... .......... .......... .......... .......... 74% 2.62M 26s
206950K .......... .......... .......... .......... .......... 74% 2.73M 26s
207000K .......... .......... .......... .......... .......... 74% 2.66M 26s
207050K .......... .......... .......... .......... .......... 74% 2.34M 26s
207100K .......... .......... .......... .......... .......... 74% 2.61M 26s
207150K .......... .......... .......... .......... .......... 74% 2.67M 26s
207200K .......... .......... .......... .......... .......... 74% 2.72M 26s
207250K .......... .......... .......... .......... .......... 74% 2.40M 26s
207300K .......... .......... .......... .......... .......... 74% 2.77M 26s
207350K .......... .......... .......... .......... .......... 74% 2.64M 26s
207400K .......... .......... .......... .......... .......... 74% 2.77M 26s
207450K .......... .......... .......... .......... .......... 74% 2.80M 26s
207500K .......... .......... .......... .......... .......... 74% 2.76M 26s
207550K .......... .......... .......... .......... .......... 74% 2.69M 26s
207600K .......... .......... .......... .......... .......... 74% 2.42M 26s
207650K .......... .......... .......... .......... .......... 74% 2.80M 26s
207700K .......... .......... .......... .......... .......... 74% 2.74M 26s
207750K .......... .......... .......... .......... .......... 74% 2.55M 26s
207800K .......... .......... .......... .......... .......... 74% 2.36M 26s
207850K .......... .......... .......... .......... .......... 74% 2.69M 26s
207900K .......... .......... .......... .......... .......... 74% 2.73M 26s
207950K .......... .......... .......... .......... .......... 74% 2.69M 26s
208000K .......... .......... .......... .......... .......... 74% 2.38M 26s
208050K .......... .......... .......... .......... .......... 74% 2.65M 26s
208100K .......... .......... .......... .......... .......... 74% 2.52M 26s
208150K .......... .......... .......... .......... .......... 75% 2.69M 26s
208200K .......... .......... .......... .......... .......... 75% 2.45M 26s
208250K .......... .......... .......... .......... .......... 75% 2.81M 26s
208300K .......... .......... .......... .......... .......... 75% 2.75M 26s
208350K .......... .......... .......... .......... .......... 75% 2.82M 26s
208400K .......... .......... .......... .......... .......... 75% 2.43M 26s
208450K .......... .......... .......... .......... .......... 75% 2.77M 26s
208500K .......... .......... .......... .......... .......... 75% 2.83M 26s
208550K .......... .......... .......... .......... .......... 75% 2.82M 26s
208600K .......... .......... .......... .......... .......... 75% 2.50M 26s
208650K .......... .......... .......... .......... .......... 75% 2.75M 26s
208700K .......... .......... .......... .......... .......... 75% 2.82M 26s
208750K .......... .......... .......... .......... .......... 75% 2.93M 26s
208800K .......... .......... .......... .......... .......... 75% 2.65M 26s
208850K .......... .......... .......... .......... .......... 75% 2.57M 26s
208900K .......... .......... .......... .......... .......... 75% 2.77M 26s
208950K .......... .......... .......... .......... .......... 75% 2.77M 26s
209000K .......... .......... .......... .......... .......... 75% 2.53M 26s
209050K .......... .......... .......... .......... .......... 75% 2.79M 26s
209100K .......... .......... .......... .......... .......... 75% 2.76M 26s
209150K .......... .......... .......... .......... .......... 75% 2.37M 26s
209200K .......... .......... .......... .......... .......... 75% 2.70M 26s
209250K .......... .......... .......... .......... .......... 75% 2.72M 26s
209300K .......... .......... .......... .......... .......... 75% 2.72M 25s
209350K .......... .......... .......... .......... .......... 75% 2.51M 25s
209400K .......... .......... .......... .......... .......... 75% 2.65M 25s
209450K .......... .......... .......... .......... .......... 75% 2.72M 25s
209500K .......... .......... .......... .......... .......... 75% 2.81M 25s
209550K .......... .......... .......... .......... .......... 75% 2.34M 25s
209600K .......... .......... .......... .......... .......... 75% 2.77M 25s
209650K .......... .......... .......... .......... .......... 75% 2.75M 25s
209700K .......... .......... .......... .......... .......... 75% 2.78M 25s
209750K .......... .......... .......... .......... .......... 75% 2.41M 25s
209800K .......... .......... .......... .......... .......... 75% 2.64M 25s
209850K .......... .......... .......... .......... .......... 75% 2.61M 25s
209900K .......... .......... .......... .......... .......... 75% 2.63M 25s
209950K .......... .......... .......... .......... .......... 75% 2.83M 25s
210000K .......... .......... .......... .......... .......... 75% 2.45M 25s
210050K .......... .......... .......... .......... .......... 75% 2.79M 25s
210100K .......... .......... .......... .......... .......... 75% 2.85M 25s
210150K .......... .......... .......... .......... .......... 75% 2.65M 25s
210200K .......... .......... .......... .......... .......... 75% 2.40M 25s
210250K .......... .......... .......... .......... .......... 75% 2.81M 25s
210300K .......... .......... .......... .......... .......... 75% 2.77M 25s
210350K .......... .......... .......... .......... .......... 75% 2.83M 25s
210400K .......... .......... .......... .......... .......... 75% 2.43M 25s
210450K .......... .......... .......... .......... .......... 75% 2.66M 25s
210500K .......... .......... .......... .......... .......... 75% 2.73M 25s
210550K .......... .......... .......... .......... .......... 75% 2.61M 25s
210600K .......... .......... .......... .......... .......... 75% 2.33M 25s
210650K .......... .......... .......... .......... .......... 75% 2.83M 25s
210700K .......... .......... .......... .......... .......... 75% 2.80M 25s
210750K .......... .......... .......... .......... .......... 75% 2.83M 25s
210800K .......... .......... .......... .......... .......... 75% 2.44M 25s
210850K .......... .......... .......... .......... .......... 75% 2.92M 25s
210900K .......... .......... .......... .......... .......... 76% 2.51M 25s
210950K .......... .......... .......... .......... .......... 76% 2.70M 25s
211000K .......... .......... .......... .......... .......... 76% 2.45M 25s
211050K .......... .......... .......... .......... .......... 76% 2.77M 25s
211100K .......... .......... .......... .......... .......... 76% 2.84M 25s
211150K .......... .......... .......... .......... .......... 76% 2.77M 25s
211200K .......... .......... .......... .......... .......... 76% 2.29M 25s
211250K .......... .......... .......... .......... .......... 76% 2.60M 25s
211300K .......... .......... .......... .......... .......... 76% 2.73M 25s
211350K .......... .......... .......... .......... .......... 76% 2.82M 25s
211400K .......... .......... .......... .......... .......... 76% 2.48M 25s
211450K .......... .......... .......... .......... .......... 76% 2.83M 25s
211500K .......... .......... .......... .......... .......... 76% 2.74M 25s
211550K .......... .......... .......... .......... .......... 76% 2.72M 25s
211600K .......... .......... .......... .......... .......... 76% 2.50M 25s
211650K .......... .......... .......... .......... .......... 76% 2.83M 25s
211700K .......... .......... .......... .......... .......... 76% 2.79M 25s
211750K .......... .......... .......... .......... .......... 76% 2.86M 25s
211800K .......... .......... .......... .......... .......... 76% 2.50M 25s
211850K .......... .......... .......... .......... .......... 76% 2.97M 25s
211900K .......... .......... .......... .......... .......... 76% 2.50M 25s
211950K .......... .......... .......... .......... .......... 76% 2.79M 24s
212000K .......... .......... .......... .......... .......... 76% 2.76M 24s
212050K .......... .......... .......... .......... .......... 76% 2.81M 24s
212100K .......... .......... .......... .......... .......... 76% 2.47M 24s
212150K .......... .......... .......... .......... .......... 76% 2.82M 24s
212200K .......... .......... .......... .......... .......... 76% 2.85M 24s
212250K .......... .......... .......... .......... .......... 76% 2.86M 24s
212300K .......... .......... .......... .......... .......... 76% 2.48M 24s
212350K .......... .......... .......... .......... .......... 76% 2.82M 24s
212400K .......... .......... .......... .......... .......... 76% 2.73M 24s
212450K .......... .......... .......... .......... .......... 76% 2.81M 24s
212500K .......... .......... .......... .......... .......... 76% 2.45M 24s
212550K .......... .......... .......... .......... .......... 76% 2.87M 24s
212600K .......... .......... .......... .......... .......... 76% 2.88M 24s
212650K .......... .......... .......... .......... .......... 76% 2.81M 24s
212700K .......... .......... .......... .......... .......... 76% 2.43M 24s
212750K .......... .......... .......... .......... .......... 76% 2.77M 24s
212800K .......... .......... .......... .......... .......... 76% 2.83M 24s
212850K .......... .......... .......... .......... .......... 76% 2.85M 24s
212900K .......... .......... .......... .......... .......... 76% 2.40M 24s
212950K .......... .......... .......... .......... .......... 76% 2.87M 24s
213000K .......... .......... .......... .......... .......... 76% 2.70M 24s
213050K .......... .......... .......... .......... .......... 76% 2.77M 24s
213100K .......... .......... .......... .......... .......... 76% 2.77M 24s
213150K .......... .......... .......... .......... .......... 76% 2.44M 24s
213200K .......... .......... .......... .......... .......... 76% 2.68M 24s
213250K .......... .......... .......... .......... .......... 76% 2.77M 24s
213300K .......... .......... .......... .......... .......... 76% 2.75M 24s
213350K .......... .......... .......... .......... .......... 76% 2.76M 24s
213400K .......... .......... .......... .......... .......... 76% 2.46M 24s
213450K .......... .......... .......... .......... .......... 76% 2.79M 24s
213500K .......... .......... .......... .......... .......... 76% 2.78M 24s
213550K .......... .......... .......... .......... .......... 76% 2.53M 24s
213600K .......... .......... .......... .......... .......... 76% 2.30M 24s
213650K .......... .......... .......... .......... .......... 76% 2.65M 24s
213700K .......... .......... .......... .......... .......... 77% 2.78M 24s
213750K .......... .......... .......... .......... .......... 77% 2.79M 24s
213800K .......... .......... .......... .......... .......... 77% 2.42M 24s
213850K .......... .......... .......... .......... .......... 77% 2.71M 24s
213900K .......... .......... .......... .......... .......... 77% 2.85M 24s
213950K .......... .......... .......... .......... .......... 77% 2.80M 24s
214000K .......... .......... .......... .......... .......... 77% 2.48M 24s
214050K .......... .......... .......... .......... .......... 77% 2.81M 24s
214100K .......... .......... .......... .......... .......... 77% 2.83M 24s
214150K .......... .......... .......... .......... .......... 77% 2.87M 24s
214200K .......... .......... .......... .......... .......... 77% 2.35M 24s
214250K .......... .......... .......... .......... .......... 77% 2.57M 24s
214300K .......... .......... .......... .......... .......... 77% 2.67M 24s
214350K .......... .......... .......... .......... .......... 77% 2.77M 24s
214400K .......... .......... .......... .......... .......... 77% 2.33M 24s
214450K .......... .......... .......... .......... .......... 77% 2.60M 24s
214500K .......... .......... .......... .......... .......... 77% 2.66M 24s
214550K .......... .......... .......... .......... .......... 77% 2.73M 24s
214600K .......... .......... .......... .......... .......... 77% 2.44M 23s
214650K .......... .......... .......... .......... .......... 77% 2.77M 23s
214700K .......... .......... .......... .......... .......... 77% 2.70M 23s
214750K .......... .......... .......... .......... .......... 77% 2.74M 23s
214800K .......... .......... .......... .......... .......... 77% 2.41M 23s
214850K .......... .......... .......... .......... .......... 77% 2.86M 23s
214900K .......... .......... .......... .......... .......... 77% 2.83M 23s
214950K .......... .......... .......... .......... .......... 77% 2.78M 23s
215000K .......... .......... .......... .......... .......... 77% 2.36M 23s
215050K .......... .......... .......... .......... .......... 77% 2.61M 23s
215100K .......... .......... .......... .......... .......... 77% 2.80M 23s
215150K .......... .......... .......... .......... .......... 77% 2.81M 23s
215200K .......... .......... .......... .......... .......... 77% 2.43M 23s
215250K .......... .......... .......... .......... .......... 77% 2.83M 23s
215300K .......... .......... .......... .......... .......... 77% 2.82M 23s
215350K .......... .......... .......... .......... .......... 77% 2.79M 23s
215400K .......... .......... .......... .......... .......... 77% 2.47M 23s
215450K .......... .......... .......... .......... .......... 77% 2.78M 23s
215500K .......... .......... .......... .......... .......... 77% 2.83M 23s
215550K .......... .......... .......... .......... .......... 77% 2.88M 23s
215600K .......... .......... .......... .......... .......... 77% 2.57M 23s
215650K .......... .......... .......... .......... .......... 77% 2.42M 23s
215700K .......... .......... .......... .......... .......... 77% 2.77M 23s
215750K .......... .......... .......... .......... .......... 77% 2.60M 23s
215800K .......... .......... .......... .......... .......... 77% 2.60M 23s
215850K .......... .......... .......... .......... .......... 77% 2.40M 23s
215900K .......... .......... .......... .......... .......... 77% 2.57M 23s
215950K .......... .......... .......... .......... .......... 77% 2.59M 23s
216000K .......... .......... .......... .......... .......... 77% 2.73M 23s
216050K .......... .......... .......... .......... .......... 77% 2.60M 23s
216100K .......... .......... .......... .......... .......... 77% 2.71M 23s
216150K .......... .......... .......... .......... .......... 77% 2.47M 23s
216200K .......... .......... .......... .......... .......... 77% 2.74M 23s
216250K .......... .......... .......... .......... .......... 77% 2.73M 23s
216300K .......... .......... .......... .......... .......... 77% 2.70M 23s
216350K .......... .......... .......... .......... .......... 77% 2.50M 23s
216400K .......... .......... .......... .......... .......... 77% 2.82M 23s
216450K .......... .......... .......... .......... .......... 78% 2.77M 23s
216500K .......... .......... .......... .......... .......... 78% 2.45M 23s
216550K .......... .......... .......... .......... .......... 78% 2.82M 23s
216600K .......... .......... .......... .......... .......... 78% 2.80M 23s
216650K .......... .......... .......... .......... .......... 78% 2.88M 23s
216700K .......... .......... .......... .......... .......... 78% 2.39M 23s
216750K .......... .......... .......... .......... .......... 78% 2.71M 23s
216800K .......... .......... .......... .......... .......... 78% 2.81M 23s
216850K .......... .......... .......... .......... .......... 78% 2.74M 23s
216900K .......... .......... .......... .......... .......... 78% 2.47M 23s
216950K .......... .......... .......... .......... .......... 78% 2.69M 23s
217000K .......... .......... .......... .......... .......... 78% 2.54M 23s
217050K .......... .......... .......... .......... .......... 78% 2.79M 23s
217100K .......... .......... .......... .......... .......... 78% 2.69M 23s
217150K .......... .......... .......... .......... .......... 78% 2.53M 23s
217200K .......... .......... .......... .......... .......... 78% 2.38M 23s
217250K .......... .......... .......... .......... .......... 78% 2.75M 23s
217300K .......... .......... .......... .......... .......... 78% 2.63M 22s
217350K .......... .......... .......... .......... .......... 78% 2.79M 22s
217400K .......... .......... .......... .......... .......... 78% 2.40M 22s
217450K .......... .......... .......... .......... .......... 78% 2.68M 22s
217500K .......... .......... .......... .......... .......... 78% 2.79M 22s
217550K .......... .......... .......... .......... .......... 78% 1.57M 22s
217600K .......... .......... .......... .......... .......... 78% 2.40M 22s
217650K .......... .......... .......... .......... .......... 78% 2.70M 22s
217700K .......... .......... .......... .......... .......... 78% 2.74M 22s
217750K .......... .......... .......... .......... .......... 78% 2.77M 22s
217800K .......... .......... .......... .......... .......... 78% 2.36M 22s
217850K .......... .......... .......... .......... .......... 78% 2.69M 22s
217900K .......... .......... .......... .......... .......... 78% 2.76M 22s
217950K .......... .......... .......... .......... .......... 78% 2.70M 22s
218000K .......... .......... .......... .......... .......... 78% 2.27M 22s
218050K .......... .......... .......... .......... .......... 78% 2.72M 22s
218100K .......... .......... .......... .......... .......... 78% 2.71M 22s
218150K .......... .......... .......... .......... .......... 78% 2.79M 22s
218200K .......... .......... .......... .......... .......... 78% 2.45M 22s
218250K .......... .......... .......... .......... .......... 78% 2.84M 22s
218300K .......... .......... .......... .......... .......... 78% 2.79M 22s
218350K .......... .......... .......... .......... .......... 78% 2.78M 22s
218400K .......... .......... .......... .......... .......... 78% 2.44M 22s
218450K .......... .......... .......... .......... .......... 78% 2.86M 22s
218500K .......... .......... .......... .......... .......... 78% 2.69M 22s
218550K .......... .......... .......... .......... .......... 78% 2.79M 22s
218600K .......... .......... .......... .......... .......... 78% 2.39M 22s
218650K .......... .......... .......... .......... .......... 78% 2.80M 22s
218700K .......... .......... .......... .......... .......... 78% 2.77M 22s
218750K .......... .......... .......... .......... .......... 78% 2.72M 22s
218800K .......... .......... .......... .......... .......... 78% 2.24M 22s
218850K .......... .......... .......... .......... .......... 78% 2.67M 22s
218900K .......... .......... .......... .......... .......... 78% 2.81M 22s
218950K .......... .......... .......... .......... .......... 78% 2.72M 22s
219000K .......... .......... .......... .......... .......... 78% 2.42M 22s
219050K .......... .......... .......... .......... .......... 78% 2.84M 22s
219100K .......... .......... .......... .......... .......... 78% 2.85M 22s
219150K .......... .......... .......... .......... .......... 78% 2.93M 22s
219200K .......... .......... .......... .......... .......... 78% 2.50M 22s
219250K .......... .......... .......... .......... .......... 79% 2.89M 22s
219300K .......... .......... .......... .......... .......... 79% 2.63M 22s
219350K .......... .......... .......... .......... .......... 79% 2.85M 22s
219400K .......... .......... .......... .......... .......... 79% 2.48M 22s
219450K .......... .......... .......... .......... .......... 79% 2.79M 22s
219500K .......... .......... .......... .......... .......... 79% 2.73M 22s
219550K .......... .......... .......... .......... .......... 79% 2.63M 22s
219600K .......... .......... .......... .......... .......... 79% 2.54M 22s
219650K .......... .......... .......... .......... .......... 79% 2.42M 22s
219700K .......... .......... .......... .......... .......... 79% 2.65M 22s
219750K .......... .......... .......... .......... .......... 79% 2.77M 22s
219800K .......... .......... .......... .......... .......... 79% 2.86M 22s
219850K .......... .......... .......... .......... .......... 79% 2.67M 22s
219900K .......... .......... .......... .......... .......... 79% 2.42M 22s
219950K .......... .......... .......... .......... .......... 79% 2.77M 21s
220000K .......... .......... .......... .......... .......... 79% 2.76M 21s
220050K .......... .......... .......... .......... .......... 79% 2.86M 21s
220100K .......... .......... .......... .......... .......... 79% 2.69M 21s
220150K .......... .......... .......... .......... .......... 79% 2.60M 21s
220200K .......... .......... .......... .......... .......... 79% 2.53M 21s
220250K .......... .......... .......... .......... .......... 79% 2.83M 21s
220300K .......... .......... .......... .......... .......... 79% 2.83M 21s
220350K .......... .......... .......... .......... .......... 79% 2.51M 21s
220400K .......... .......... .......... .......... .......... 79% 2.83M 21s
220450K .......... .......... .......... .......... .......... 79% 2.84M 21s
220500K .......... .......... .......... .......... .......... 79% 2.80M 21s
220550K .......... .......... .......... .......... .......... 79% 2.45M 21s
220600K .......... .......... .......... .......... .......... 79% 2.83M 21s
220650K .......... .......... .......... .......... .......... 79% 2.84M 21s
220700K .......... .......... .......... .......... .......... 79% 2.89M 21s
220750K .......... .......... .......... .......... .......... 79% 2.44M 21s
220800K .......... .......... .......... .......... .......... 79% 2.61M 21s
220850K .......... .......... .......... .......... .......... 79% 2.72M 21s
220900K .......... .......... .......... .......... .......... 79% 2.72M 21s
220950K .......... .......... .......... .......... .......... 79% 2.74M 21s
221000K .......... .......... .......... .......... .......... 79% 2.42M 21s
221050K .......... .......... .......... .......... .......... 79% 2.68M 21s
221100K .......... .......... .......... .......... .......... 79% 2.79M 21s
221150K .......... .......... .......... .......... .......... 79% 2.66M 21s
221200K .......... .......... .......... .......... .......... 79% 2.48M 21s
221250K .......... .......... .......... .......... .......... 79% 2.72M 21s
221300K .......... .......... .......... .......... .......... 79% 2.69M 21s
221350K .......... .......... .......... .......... .......... 79% 2.82M 21s
221400K .......... .......... .......... .......... .......... 79% 2.49M 21s
221450K .......... .......... .......... .......... .......... 79% 2.64M 21s
221500K .......... .......... .......... .......... .......... 79% 2.67M 21s
221550K .......... .......... .......... .......... .......... 79% 2.70M 21s
221600K .......... .......... .......... .......... .......... 79% 2.35M 21s
221650K .......... .......... .......... .......... .......... 79% 2.90M 21s
221700K .......... .......... .......... .......... .......... 79% 2.68M 21s
221750K .......... .......... .......... .......... .......... 79% 2.80M 21s
221800K .......... .......... .......... .......... .......... 79% 2.36M 21s
221850K .......... .......... .......... .......... .......... 79% 2.60M 21s
221900K .......... .......... .......... .......... .......... 79% 2.91M 21s
221950K .......... .......... .......... .......... .......... 79% 2.88M 21s
222000K .......... .......... .......... .......... .......... 80% 2.82M 21s
222050K .......... .......... .......... .......... .......... 80% 2.73M 21s
222100K .......... .......... .......... .......... .......... 80% 2.45M 21s
222150K .......... .......... .......... .......... .......... 80% 2.80M 21s
222200K .......... .......... .......... .......... .......... 80% 2.80M 21s
222250K .......... .......... .......... .......... .......... 80% 2.72M 21s
222300K .......... .......... .......... .......... .......... 80% 2.82M 21s
222350K .......... .......... .......... .......... .......... 80% 2.40M 21s
222400K .......... .......... .......... .......... .......... 80% 2.69M 21s
222450K .......... .......... .......... .......... .......... 80% 2.79M 21s
222500K .......... .......... .......... .......... .......... 80% 2.80M 21s
222550K .......... .......... .......... .......... .......... 80% 2.42M 21s
222600K .......... .......... .......... .......... .......... 80% 2.82M 20s
222650K .......... .......... .......... .......... .......... 80% 2.83M 20s
222700K .......... .......... .......... .......... .......... 80% 2.82M 20s
222750K .......... .......... .......... .......... .......... 80% 2.49M 20s
222800K .......... .......... .......... .......... .......... 80% 2.83M 20s
222850K .......... .......... .......... .......... .......... 80% 2.78M 20s
222900K .......... .......... .......... .......... .......... 80% 2.83M 20s
222950K .......... .......... .......... .......... .......... 80% 2.43M 20s
223000K .......... .......... .......... .......... .......... 80% 2.72M 20s
223050K .......... .......... .......... .......... .......... 80% 2.79M 20s
223100K .......... .......... .......... .......... .......... 80% 2.82M 20s
223150K .......... .......... .......... .......... .......... 80% 2.37M 20s
223200K .......... .......... .......... .......... .......... 80% 2.59M 20s
223250K .......... .......... .......... .......... .......... 80% 2.64M 20s
223300K .......... .......... .......... .......... .......... 80% 2.82M 20s
223350K .......... .......... .......... .......... .......... 80% 2.79M 20s
223400K .......... .......... .......... .......... .......... 80% 2.84M 20s
223450K .......... .......... .......... .......... .......... 80% 2.48M 20s
223500K .......... .......... .......... .......... .......... 80% 2.62M 20s
223550K .......... .......... .......... .......... .......... 80% 2.78M 20s
223600K .......... .......... .......... .......... .......... 80% 2.77M 20s
223650K .......... .......... .......... .......... .......... 80% 2.79M 20s
223700K .......... .......... .......... .......... .......... 80% 2.48M 20s
223750K .......... .......... .......... .......... .......... 80% 2.71M 20s
223800K .......... .......... .......... .......... .......... 80% 2.83M 20s
223850K .......... .......... .......... .......... .......... 80% 2.81M 20s
223900K .......... .......... .......... .......... .......... 80% 2.81M 20s
223950K .......... .......... .......... .......... .......... 80% 2.53M 20s
224000K .......... .......... .......... .......... .......... 80% 2.84M 20s
224050K .......... .......... .......... .......... .......... 80% 2.79M 20s
224100K .......... .......... .......... .......... .......... 80% 2.85M 20s
224150K .......... .......... .......... .......... .......... 80% 2.44M 20s
224200K .......... .......... .......... .......... .......... 80% 2.84M 20s
224250K .......... .......... .......... .......... .......... 80% 2.78M 20s
224300K .......... .......... .......... .......... .......... 80% 2.83M 20s
224350K .......... .......... .......... .......... .......... 80% 2.76M 20s
224400K .......... .......... .......... .......... .......... 80% 2.45M 20s
224450K .......... .......... .......... .......... .......... 80% 2.80M 20s
224500K .......... .......... .......... .......... .......... 80% 2.80M 20s
224550K .......... .......... .......... .......... .......... 80% 2.76M 20s
224600K .......... .......... .......... .......... .......... 80% 2.38M 20s
224650K .......... .......... .......... .......... .......... 80% 3.03M 20s
224700K .......... .......... .......... .......... .......... 80% 2.76M 20s
224750K .......... .......... .......... .......... .......... 80% 2.41M 20s
224800K .......... .......... .......... .......... .......... 81% 2.87M 20s
224850K .......... .......... .......... .......... .......... 81% 2.90M 20s
224900K .......... .......... .......... .......... .......... 81% 2.83M 20s
224950K .......... .......... .......... .......... .......... 81% 2.52M 20s
225000K .......... .......... .......... .......... .......... 81% 2.73M 20s
225050K .......... .......... .......... .......... .......... 81% 2.66M 20s
225100K .......... .......... .......... .......... .......... 81% 2.67M 20s
225150K .......... .......... .......... .......... .......... 81% 2.76M 20s
225200K .......... .......... .......... .......... .......... 81% 2.48M 20s
225250K .......... .......... .......... .......... .......... 81% 2.86M 19s
225300K .......... .......... .......... .......... .......... 81% 2.70M 19s
225350K .......... .......... .......... .......... .......... 81% 2.74M 19s
225400K .......... .......... .......... .......... .......... 81% 2.45M 19s
225450K .......... .......... .......... .......... .......... 81% 2.94M 19s
225500K .......... .......... .......... .......... .......... 81% 2.66M 19s
225550K .......... .......... .......... .......... .......... 81% 2.92M 19s
225600K .......... .......... .......... .......... .......... 81% 2.53M 19s
225650K .......... .......... .......... .......... .......... 81% 2.78M 19s
225700K .......... .......... .......... .......... .......... 81% 2.75M 19s
225750K .......... .......... .......... .......... .......... 81% 2.80M 19s
225800K .......... .......... .......... .......... .......... 81% 2.46M 19s
225850K .......... .......... .......... .......... .......... 81% 2.84M 19s
225900K .......... .......... .......... .......... .......... 81% 2.72M 19s
225950K .......... .......... .......... .......... .......... 81% 2.84M 19s
226000K .......... .......... .......... .......... .......... 81% 2.50M 19s
226050K .......... .......... .......... .......... .......... 81% 2.83M 19s
226100K .......... .......... .......... .......... .......... 81% 2.67M 19s
226150K .......... .......... .......... .......... .......... 81% 2.78M 19s
226200K .......... .......... .......... .......... .......... 81% 2.84M 19s
226250K .......... .......... .......... .......... .......... 81% 2.40M 19s
226300K .......... .......... .......... .......... .......... 81% 2.99M 19s
226350K .......... .......... .......... .......... .......... 81% 2.83M 19s
226400K .......... .......... .......... .......... .......... 81% 2.48M 19s
226450K .......... .......... .......... .......... .......... 81% 2.81M 19s
226500K .......... .......... .......... .......... .......... 81% 2.83M 19s
226550K .......... .......... .......... .......... .......... 81% 2.80M 19s
226600K .......... .......... .......... .......... .......... 81% 2.51M 19s
226650K .......... .......... .......... .......... .......... 81% 2.82M 19s
226700K .......... .......... .......... .......... .......... 81% 2.84M 19s
226750K .......... .......... .......... .......... .......... 81% 2.85M 19s
226800K .......... .......... .......... .......... .......... 81% 2.43M 19s
226850K .......... .......... .......... .......... .......... 81% 2.72M 19s
226900K .......... .......... .......... .......... .......... 81% 2.67M 19s
226950K .......... .......... .......... .......... .......... 81% 2.81M 19s
227000K .......... .......... .......... .......... .......... 81% 2.73M 19s
227050K .......... .......... .......... .......... .......... 81% 2.35M 19s
227100K .......... .......... .......... .......... .......... 81% 2.53M 19s
227150K .......... .......... .......... .......... .......... 81% 2.57M 19s
227200K .......... .......... .......... .......... .......... 81% 2.73M 19s
227250K .......... .......... .......... .......... .......... 81% 2.37M 19s
227300K .......... .......... .......... .......... .......... 81% 2.76M 19s
227350K .......... .......... .......... .......... .......... 81% 2.61M 19s
227400K .......... .......... .......... .......... .......... 81% 2.74M 19s
227450K .......... .......... .......... .......... .......... 81% 2.43M 19s
227500K .......... .......... .......... .......... .......... 81% 2.80M 19s
227550K .......... .......... .......... .......... .......... 82% 2.83M 19s
227600K .......... .......... .......... .......... .......... 82% 2.81M 19s
227650K .......... .......... .......... .......... .......... 82% 2.46M 19s
227700K .......... .......... .......... .......... .......... 82% 2.80M 19s
227750K .......... .......... .......... .......... .......... 82% 2.77M 19s
227800K .......... .......... .......... .......... .......... 82% 2.83M 19s
227850K .......... .......... .......... .......... .......... 82% 2.51M 19s
227900K .......... .......... .......... .......... .......... 82% 2.76M 19s
227950K .......... .......... .......... .......... .......... 82% 2.85M 18s
228000K .......... .......... .......... .......... .......... 82% 2.86M 18s
228050K .......... .......... .......... .......... .......... 82% 2.55M 18s
228100K .......... .......... .......... .......... .......... 82% 2.84M 18s
228150K .......... .......... .......... .......... .......... 82% 2.86M 18s
228200K .......... .......... .......... .......... .......... 82% 2.79M 18s
228250K .......... .......... .......... .......... .......... 82% 2.49M 18s
228300K .......... .......... .......... .......... .......... 82% 2.81M 18s
228350K .......... .......... .......... .......... .......... 82% 2.80M 18s
228400K .......... .......... .......... .......... .......... 82% 2.82M 18s
228450K .......... .......... .......... .......... .......... 82% 2.49M 18s
228500K .......... .......... .......... .......... .......... 82% 2.70M 18s
228550K .......... .......... .......... .......... .......... 82% 2.76M 18s
228600K .......... .......... .......... .......... .......... 82% 2.74M 18s
228650K .......... .......... .......... .......... .......... 82% 2.52M 18s
228700K .......... .......... .......... .......... .......... 82% 2.73M 18s
228750K .......... .......... .......... .......... .......... 82% 2.83M 18s
228800K .......... .......... .......... .......... .......... 82% 2.41M 18s
228850K .......... .......... .......... .......... .......... 82% 2.74M 18s
228900K .......... .......... .......... .......... .......... 82% 2.87M 18s
228950K .......... .......... .......... .......... .......... 82% 2.78M 18s
229000K .......... .......... .......... .......... .......... 82% 2.43M 18s
229050K .......... .......... .......... .......... .......... 82% 2.69M 18s
229100K .......... .......... .......... .......... .......... 82% 2.77M 18s
229150K .......... .......... .......... .......... .......... 82% 2.76M 18s
229200K .......... .......... .......... .......... .......... 82% 2.44M 18s
229250K .......... .......... .......... .......... .......... 82% 2.77M 18s
229300K .......... .......... .......... .......... .......... 82% 2.75M 18s
229350K .......... .......... .......... .......... .......... 82% 2.82M 18s
229400K .......... .......... .......... .......... .......... 82% 2.30M 18s
229450K .......... .......... .......... .......... .......... 82% 2.81M 18s
229500K .......... .......... .......... .......... .......... 82% 2.73M 18s
229550K .......... .......... .......... .......... .......... 82% 2.69M 18s
229600K .......... .......... .......... .......... .......... 82% 2.38M 18s
229650K .......... .......... .......... .......... .......... 82% 2.87M 18s
229700K .......... .......... .......... .......... .......... 82% 2.71M 18s
229750K .......... .......... .......... .......... .......... 82% 2.65M 18s
229800K .......... .......... .......... .......... .......... 82% 2.46M 18s
229850K .......... .......... .......... .......... .......... 82% 2.88M 18s
229900K .......... .......... .......... .......... .......... 82% 2.56M 18s
229950K .......... .......... .......... .......... .......... 82% 2.79M 18s
230000K .......... .......... .......... .......... .......... 82% 2.48M 18s
230050K .......... .......... .......... .......... .......... 82% 2.68M 18s
230100K .......... .......... .......... .......... .......... 82% 2.73M 18s
230150K .......... .......... .......... .......... .......... 82% 2.78M 18s
230200K .......... .......... .......... .......... .......... 82% 2.49M 18s
230250K .......... .......... .......... .......... .......... 82% 2.80M 18s
230300K .......... .......... .......... .......... .......... 82% 2.67M 18s
230350K .......... .......... .......... .......... .......... 83% 2.82M 18s
230400K .......... .......... .......... .......... .......... 83% 2.62M 18s
230450K .......... .......... .......... .......... .......... 83% 2.65M 18s
230500K .......... .......... .......... .......... .......... 83% 2.66M 18s
230550K .......... .......... .......... .......... .......... 83% 2.32M 18s
230600K .......... .......... .......... .......... .......... 83% 2.78M 17s
230650K .......... .......... .......... .......... .......... 83% 2.83M 17s
230700K .......... .......... .......... .......... .......... 83% 2.78M 17s
230750K .......... .......... .......... .......... .......... 83% 2.40M 17s
230800K .......... .......... .......... .......... .......... 83% 2.73M 17s
230850K .......... .......... .......... .......... .......... 83% 2.66M 17s
230900K .......... .......... .......... .......... .......... 83% 2.79M 17s
230950K .......... .......... .......... .......... .......... 83% 2.39M 17s
231000K .......... .......... .......... .......... .......... 83% 2.78M 17s
231050K .......... .......... .......... .......... .......... 83% 2.74M 17s
231100K .......... .......... .......... .......... .......... 83% 2.62M 17s
231150K .......... .......... .......... .......... .......... 83% 2.41M 17s
231200K .......... .......... .......... .......... .......... 83% 2.65M 17s
231250K .......... .......... .......... .......... .......... 83% 2.61M 17s
231300K .......... .......... .......... .......... .......... 83% 2.70M 17s
231350K .......... .......... .......... .......... .......... 83% 2.40M 17s
231400K .......... .......... .......... .......... .......... 83% 2.64M 17s
231450K .......... .......... .......... .......... .......... 83% 2.71M 17s
231500K .......... .......... .......... .......... .......... 83% 2.82M 17s
231550K .......... .......... .......... .......... .......... 83% 2.49M 17s
231600K .......... .......... .......... .......... .......... 83% 2.56M 17s
231650K .......... .......... .......... .......... .......... 83% 2.79M 17s
231700K .......... .......... .......... .......... .......... 83% 2.89M 17s
231750K .......... .......... .......... .......... .......... 83% 2.50M 17s
231800K .......... .......... .......... .......... .......... 83% 2.83M 17s
231850K .......... .......... .......... .......... .......... 83% 2.88M 17s
231900K .......... .......... .......... .......... .......... 83% 2.40M 17s
231950K .......... .......... .......... .......... .......... 83% 2.80M 17s
232000K .......... .......... .......... .......... .......... 83% 2.73M 17s
232050K .......... .......... .......... .......... .......... 83% 2.79M 17s
232100K .......... .......... .......... .......... .......... 83% 2.49M 17s
232150K .......... .......... .......... .......... .......... 83% 2.86M 17s
232200K .......... .......... .......... .......... .......... 83% 2.81M 17s
232250K .......... .......... .......... .......... .......... 83% 2.82M 17s
232300K .......... .......... .......... .......... .......... 83% 2.48M 17s
232350K .......... .......... .......... .......... .......... 83% 2.90M 17s
232400K .......... .......... .......... .......... .......... 83% 2.53M 17s
232450K .......... .......... .......... .......... .......... 83% 2.78M 17s
232500K .......... .......... .......... .......... .......... 83% 2.47M 17s
232550K .......... .......... .......... .......... .......... 83% 2.78M 17s
232600K .......... .......... .......... .......... .......... 83% 2.75M 17s
232650K .......... .......... .......... .......... .......... 83% 2.77M 17s
232700K .......... .......... .......... .......... .......... 83% 2.75M 17s
232750K .......... .......... .......... .......... .......... 83% 2.36M 17s
232800K .......... .......... .......... .......... .......... 83% 2.73M 17s
232850K .......... .......... .......... .......... .......... 83% 2.35M 17s
232900K .......... .......... .......... .......... .......... 83% 2.85M 17s
232950K .......... .......... .......... .......... .......... 83% 2.50M 17s
233000K .......... .......... .......... .......... .......... 83% 2.81M 17s
233050K .......... .......... .......... .......... .......... 83% 2.79M 17s
233100K .......... .......... .......... .......... .......... 84% 2.71M 17s
233150K .......... .......... .......... .......... .......... 84% 2.46M 17s
233200K .......... .......... .......... .......... .......... 84% 2.76M 17s
233250K .......... .......... .......... .......... .......... 84% 2.83M 16s
233300K .......... .......... .......... .......... .......... 84% 2.83M 16s
233350K .......... .......... .......... .......... .......... 84% 2.47M 16s
233400K .......... .......... .......... .......... .......... 84% 2.90M 16s
233450K .......... .......... .......... .......... .......... 84% 2.54M 16s
233500K .......... .......... .......... .......... .......... 84% 2.78M 16s
233550K .......... .......... .......... .......... .......... 84% 2.70M 16s
233600K .......... .......... .......... .......... .......... 84% 2.43M 16s
233650K .......... .......... .......... .......... .......... 84% 2.84M 16s
233700K .......... .......... .......... .......... .......... 84% 2.82M 16s
233750K .......... .......... .......... .......... .......... 84% 2.83M 16s
233800K .......... .......... .......... .......... .......... 84% 2.47M 16s
233850K .......... .......... .......... .......... .......... 84% 2.83M 16s
233900K .......... .......... .......... .......... .......... 84% 2.83M 16s
233950K .......... .......... .......... .......... .......... 84% 2.84M 16s
234000K .......... .......... .......... .......... .......... 84% 2.40M 16s
234050K .......... .......... .......... .......... .......... 84% 2.78M 16s
234100K .......... .......... .......... .......... .......... 84% 2.94M 16s
234150K .......... .......... .......... .......... .......... 84% 2.81M 16s
234200K .......... .......... .......... .......... .......... 84% 2.55M 16s
234250K .......... .......... .......... .......... .......... 84% 2.68M 16s
234300K .......... .......... .......... .......... .......... 84% 2.44M 16s
234350K .......... .......... .......... .......... .......... 84% 2.85M 16s
234400K .......... .......... .......... .......... .......... 84% 2.84M 16s
234450K .......... .......... .......... .......... .......... 84% 2.72M 16s
234500K .......... .......... .......... .......... .......... 84% 2.87M 16s
234550K .......... .......... .......... .......... .......... 84% 2.82M 16s
234600K .......... .......... .......... .......... .......... 84% 2.47M 16s
234650K .......... .......... .......... .......... .......... 84% 2.80M 16s
234700K .......... .......... .......... .......... .......... 84% 2.82M 16s
234750K .......... .......... .......... .......... .......... 84% 2.85M 16s
234800K .......... .......... .......... .......... .......... 84% 2.62M 16s
234850K .......... .......... .......... .......... .......... 84% 2.85M 16s
234900K .......... .......... .......... .......... .......... 84% 2.46M 16s
234950K .......... .......... .......... .......... .......... 84% 2.73M 16s
235000K .......... .......... .......... .......... .......... 84% 2.80M 16s
235050K .......... .......... .......... .......... .......... 84% 2.78M 16s
235100K .......... .......... .......... .......... .......... 84% 2.72M 16s
235150K .......... .......... .......... .......... .......... 84% 2.40M 16s
235200K .......... .......... .......... .......... .......... 84% 2.80M 16s
235250K .......... .......... .......... .......... .......... 84% 2.84M 16s
235300K .......... .......... .......... .......... .......... 84% 2.80M 16s
235350K .......... .......... .......... .......... .......... 84% 2.46M 16s
235400K .......... .......... .......... .......... .......... 84% 2.87M 16s
235450K .......... .......... .......... .......... .......... 84% 2.85M 16s
235500K .......... .......... .......... .......... .......... 84% 2.76M 16s
235550K .......... .......... .......... .......... .......... 84% 2.40M 16s
235600K .......... .......... .......... .......... .......... 84% 2.79M 16s
235650K .......... .......... .......... .......... .......... 84% 2.75M 16s
235700K .......... .......... .......... .......... .......... 84% 2.80M 16s
235750K .......... .......... .......... .......... .......... 84% 2.42M 16s
235800K .......... .......... .......... .......... .......... 84% 2.66M 16s
235850K .......... .......... .......... .......... .......... 84% 2.81M 16s
235900K .......... .......... .......... .......... .......... 85% 2.69M 16s
235950K .......... .......... .......... .......... .......... 85% 2.83M 15s
236000K .......... .......... .......... .......... .......... 85% 2.65M 15s
236050K .......... .......... .......... .......... .......... 85% 2.44M 15s
236100K .......... .......... .......... .......... .......... 85% 2.69M 15s
236150K .......... .......... .......... .......... .......... 85% 2.70M 15s
236200K .......... .......... .......... .......... .......... 85% 2.75M 15s
236250K .......... .......... .......... .......... .......... 85% 2.40M 15s
236300K .......... .......... .......... .......... .......... 85% 2.72M 15s
236350K .......... .......... .......... .......... .......... 85% 2.71M 15s
236400K .......... .......... .......... .......... .......... 85% 2.76M 15s
236450K .......... .......... .......... .......... .......... 85% 2.27M 15s
236500K .......... .......... .......... .......... .......... 85% 2.60M 15s
236550K .......... .......... .......... .......... .......... 85% 2.64M 15s
236600K .......... .......... .......... .......... .......... 85% 2.64M 15s
236650K .......... .......... .......... .......... .......... 85% 2.59M 15s
236700K .......... .......... .......... .......... .......... 85% 2.78M 15s
236750K .......... .......... .......... .......... .......... 85% 2.79M 15s
236800K .......... .......... .......... .......... .......... 85% 2.50M 15s
236850K .......... .......... .......... .......... .......... 85% 2.83M 15s
236900K .......... .......... .......... .......... .......... 85% 2.84M 15s
236950K .......... .......... .......... .......... .......... 85% 2.76M 15s
237000K .......... .......... .......... .......... .......... 85% 2.51M 15s
237050K .......... .......... .......... .......... .......... 85% 2.79M 15s
237100K .......... .......... .......... .......... .......... 85% 2.68M 15s
237150K .......... .......... .......... .......... .......... 85% 2.76M 15s
237200K .......... .......... .......... .......... .......... 85% 2.35M 15s
237250K .......... .......... .......... .......... .......... 85% 2.91M 15s
237300K .......... .......... .......... .......... .......... 85% 2.47M 15s
237350K .......... .......... .......... .......... .......... 85% 2.76M 15s
237400K .......... .......... .......... .......... .......... 85% 2.72M 15s
237450K .......... .......... .......... .......... .......... 85% 2.79M 15s
237500K .......... .......... .......... .......... .......... 85% 2.53M 15s
237550K .......... .......... .......... .......... .......... 85% 2.49M 15s
237600K .......... .......... .......... .......... .......... 85% 2.73M 15s
237650K .......... .......... .......... .......... .......... 85% 2.76M 15s
237700K .......... .......... .......... .......... .......... 85% 2.72M 15s
237750K .......... .......... .......... .......... .......... 85% 2.38M 15s
237800K .......... .......... .......... .......... .......... 85% 2.68M 15s
237850K .......... .......... .......... .......... .......... 85% 2.64M 15s
237900K .......... .......... .......... .......... .......... 85% 2.63M 15s
237950K .......... .......... .......... .......... .......... 85% 2.59M 15s
238000K .......... .......... .......... .......... .......... 85% 2.36M 15s
238050K .......... .......... .......... .......... .......... 85% 2.72M 15s
238100K .......... .......... .......... .......... .......... 85% 2.74M 15s
238150K .......... .......... .......... .......... .......... 85% 2.65M 15s
238200K .......... .......... .......... .......... .......... 85% 2.39M 15s
238250K .......... .......... .......... .......... .......... 85% 2.75M 15s
238300K .......... .......... .......... .......... .......... 85% 2.80M 15s
238350K .......... .......... .......... .......... .......... 85% 2.74M 15s
238400K .......... .......... .......... .......... .......... 85% 2.36M 15s
238450K .......... .......... .......... .......... .......... 85% 2.76M 15s
238500K .......... .......... .......... .......... .......... 85% 2.61M 15s
238550K .......... .......... .......... .......... .......... 85% 2.67M 15s
238600K .......... .......... .......... .......... .......... 85% 2.23M 14s
238650K .......... .......... .......... .......... .......... 86% 2.81M 14s
238700K .......... .......... .......... .......... .......... 86% 2.78M 14s
238750K .......... .......... .......... .......... .......... 86% 2.77M 14s
238800K .......... .......... .......... .......... .......... 86% 2.42M 14s
238850K .......... .......... .......... .......... .......... 86% 2.71M 14s
238900K .......... .......... .......... .......... .......... 86% 2.73M 14s
238950K .......... .......... .......... .......... .......... 86% 2.71M 14s
239000K .......... .......... .......... .......... .......... 86% 2.41M 14s
239050K .......... .......... .......... .......... .......... 86% 2.83M 14s
239100K .......... .......... .......... .......... .......... 86% 2.74M 14s
239150K .......... .......... .......... .......... .......... 86% 2.66M 14s
239200K .......... .......... .......... .......... .......... 86% 2.36M 14s
239250K .......... .......... .......... .......... .......... 86% 2.63M 14s
239300K .......... .......... .......... .......... .......... 86% 2.66M 14s
239350K .......... .......... .......... .......... .......... 86% 2.71M 14s
239400K .......... .......... .......... .......... .......... 86% 2.41M 14s
239450K .......... .......... .......... .......... .......... 86% 2.72M 14s
239500K .......... .......... .......... .......... .......... 86% 2.70M 14s
239550K .......... .......... .......... .......... .......... 86% 2.76M 14s
239600K .......... .......... .......... .......... .......... 86% 2.51M 14s
239650K .......... .......... .......... .......... .......... 86% 2.76M 14s
239700K .......... .......... .......... .......... .......... 86% 2.77M 14s
239750K .......... .......... .......... .......... .......... 86% 2.36M 14s
239800K .......... .......... .......... .......... .......... 86% 2.80M 14s
239850K .......... .......... .......... .......... .......... 86% 2.78M 14s
239900K .......... .......... .......... .......... .......... 86% 2.38M 14s
239950K .......... .......... .......... .......... .......... 86% 2.70M 14s
240000K .......... .......... .......... .......... .......... 86% 2.64M 14s
240050K .......... .......... .......... .......... .......... 86% 2.73M 14s
240100K .......... .......... .......... .......... .......... 86% 2.47M 14s
240150K .......... .......... .......... .......... .......... 86% 2.77M 14s
240200K .......... .......... .......... .......... .......... 86% 2.73M 14s
240250K .......... .......... .......... .......... .......... 86% 2.79M 14s
240300K .......... .......... .......... .......... .......... 86% 2.31M 14s
240350K .......... .......... .......... .......... .......... 86% 2.69M 14s
240400K .......... .......... .......... .......... .......... 86% 2.78M 14s
240450K .......... .......... .......... .......... .......... 86% 2.77M 14s
240500K .......... .......... .......... .......... .......... 86% 2.31M 14s
240550K .......... .......... .......... .......... .......... 86% 2.81M 14s
240600K .......... .......... .......... .......... .......... 86% 2.60M 14s
240650K .......... .......... .......... .......... .......... 86% 2.93M 14s
240700K .......... .......... .......... .......... .......... 86% 2.82M 14s
240750K .......... .......... .......... .......... .......... 86% 2.44M 14s
240800K .......... .......... .......... .......... .......... 86% 2.78M 14s
240850K .......... .......... .......... .......... .......... 86% 2.74M 14s
240900K .......... .......... .......... .......... .......... 86% 2.77M 14s
240950K .......... .......... .......... .......... .......... 86% 2.51M 14s
241000K .......... .......... .......... .......... .......... 86% 2.85M 14s
241050K .......... .......... .......... .......... .......... 86% 2.86M 14s
241100K .......... .......... .......... .......... .......... 86% 2.72M 14s
241150K .......... .......... .......... .......... .......... 86% 2.51M 14s
241200K .......... .......... .......... .......... .......... 86% 2.73M 14s
241250K .......... .......... .......... .......... .......... 86% 2.82M 14s
241300K .......... .......... .......... .......... .......... 86% 2.78M 13s
241350K .......... .......... .......... .......... .......... 86% 2.50M 13s
241400K .......... .......... .......... .......... .......... 86% 2.73M 13s
241450K .......... .......... .......... .......... .......... 87% 2.74M 13s
241500K .......... .......... .......... .......... .......... 87% 2.77M 13s
241550K .......... .......... .......... .......... .......... 87% 2.81M 13s
241600K .......... .......... .......... .......... .......... 87% 2.47M 13s
241650K .......... .......... .......... .......... .......... 87% 2.95M 13s
241700K .......... .......... .......... .......... .......... 87% 2.82M 13s
241750K .......... .......... .......... .......... .......... 87% 2.73M 13s
241800K .......... .......... .......... .......... .......... 87% 2.34M 13s
241850K .......... .......... .......... .......... .......... 87% 2.65M 13s
241900K .......... .......... .......... .......... .......... 87% 2.73M 13s
241950K .......... .......... .......... .......... .......... 87% 2.60M 13s
242000K .......... .......... .......... .......... .......... 87% 2.22M 13s
242050K .......... .......... .......... .......... .......... 87% 2.67M 13s
242100K .......... .......... .......... .......... .......... 87% 2.77M 13s
242150K .......... .......... .......... .......... .......... 87% 2.62M 13s
242200K .......... .......... .......... .......... .......... 87% 2.30M 13s
242250K .......... .......... .......... .......... .......... 87% 2.68M 13s
242300K .......... .......... .......... .......... .......... 87% 2.79M 13s
242350K .......... .......... .......... .......... .......... 87% 2.78M 13s
242400K .......... .......... .......... .......... .......... 87% 2.40M 13s
242450K .......... .......... .......... .......... .......... 87% 2.76M 13s
242500K .......... .......... .......... .......... .......... 87% 2.76M 13s
242550K .......... .......... .......... .......... .......... 87% 2.55M 13s
242600K .......... .......... .......... .......... .......... 87% 2.72M 13s
242650K .......... .......... .......... .......... .......... 87% 2.70M 13s
242700K .......... .......... .......... .......... .......... 87% 2.40M 13s
242750K .......... .......... .......... .......... .......... 87% 2.77M 13s
242800K .......... .......... .......... .......... .......... 87% 2.72M 13s
242850K .......... .......... .......... .......... .......... 87% 2.83M 13s
242900K .......... .......... .......... .......... .......... 87% 2.47M 13s
242950K .......... .......... .......... .......... .......... 87% 2.72M 13s
243000K .......... .......... .......... .......... .......... 87% 2.79M 13s
243050K .......... .......... .......... .......... .......... 87% 2.78M 13s
243100K .......... .......... .......... .......... .......... 87% 2.42M 13s
243150K .......... .......... .......... .......... .......... 87% 3.03M 13s
243200K .......... .......... .......... .......... .......... 87% 2.44M 13s
243250K .......... .......... .......... .......... .......... 87% 2.90M 13s
243300K .......... .......... .......... .......... .......... 87% 2.76M 13s
243350K .......... .......... .......... .......... .......... 87% 2.78M 13s
243400K .......... .......... .......... .......... .......... 87% 2.36M 13s
243450K .......... .......... .......... .......... .......... 87% 2.81M 13s
243500K .......... .......... .......... .......... .......... 87% 2.71M 13s
243550K .......... .......... .......... .......... .......... 87% 2.79M 13s
243600K .......... .......... .......... .......... .......... 87% 2.46M 13s
243650K .......... .......... .......... .......... .......... 87% 2.87M 13s
243700K .......... .......... .......... .......... .......... 87% 2.73M 13s
243750K .......... .......... .......... .......... .......... 87% 2.74M 13s
243800K .......... .......... .......... .......... .......... 87% 2.47M 13s
243850K .......... .......... .......... .......... .......... 87% 2.78M 13s
243900K .......... .......... .......... .......... .......... 87% 2.84M 13s
243950K .......... .......... .......... .......... .......... 87% 2.80M 12s
244000K .......... .......... .......... .......... .......... 87% 2.46M 12s
244050K .......... .......... .......... .......... .......... 87% 2.87M 12s
244100K .......... .......... .......... .......... .......... 87% 2.86M 12s
244150K .......... .......... .......... .......... .......... 87% 2.84M 12s
244200K .......... .......... .......... .......... .......... 88% 2.71M 12s
244250K .......... .......... .......... .......... .......... 88% 2.45M 12s
244300K .......... .......... .......... .......... .......... 88% 2.80M 12s
244350K .......... .......... .......... .......... .......... 88% 2.74M 12s
244400K .......... .......... .......... .......... .......... 88% 2.83M 12s
244450K .......... .......... .......... .......... .......... 88% 2.50M 12s
244500K .......... .......... .......... .......... .......... 88% 2.85M 12s
244550K .......... .......... .......... .......... .......... 88% 2.79M 12s
244600K .......... .......... .......... .......... .......... 88% 2.83M 12s
244650K .......... .......... .......... .......... .......... 88% 2.50M 12s
244700K .......... .......... .......... .......... .......... 88% 2.98M 12s
244750K .......... .......... .......... .......... .......... 88% 2.80M 12s
244800K .......... .......... .......... .......... .......... 88% 2.52M 12s
244850K .......... .......... .......... .......... .......... 88% 2.79M 12s
244900K .......... .......... .......... .......... .......... 88% 2.84M 12s
244950K .......... .......... .......... .......... .......... 88% 2.78M 12s
245000K .......... .......... .......... .......... .......... 88% 2.38M 12s
245050K .......... .......... .......... .......... .......... 88% 2.80M 12s
245100K .......... .......... .......... .......... .......... 88% 2.78M 12s
245150K .......... .......... .......... .......... .......... 88% 2.91M 12s
245200K .......... .......... .......... .......... .......... 88% 2.49M 12s
245250K .......... .......... .......... .......... .......... 88% 2.82M 12s
245300K .......... .......... .......... .......... .......... 88% 2.87M 12s
245350K .......... .......... .......... .......... .......... 88% 2.82M 12s
245400K .......... .......... .......... .......... .......... 88% 2.42M 12s
245450K .......... .......... .......... .......... .......... 88% 2.69M 12s
245500K .......... .......... .......... .......... .......... 88% 2.81M 12s
245550K .......... .......... .......... .......... .......... 88% 2.81M 12s
245600K .......... .......... .......... .......... .......... 88% 2.50M 12s
245650K .......... .......... .......... .......... .......... 88% 2.84M 12s
245700K .......... .......... .......... .......... .......... 88% 2.74M 12s
245750K .......... .......... .......... .......... .......... 88% 2.79M 12s
245800K .......... .......... .......... .......... .......... 88% 2.49M 12s
245850K .......... .......... .......... .......... .......... 88% 2.82M 12s
245900K .......... .......... .......... .......... .......... 88% 2.73M 12s
245950K .......... .......... .......... .......... .......... 88% 2.80M 12s
246000K .......... .......... .......... .......... .......... 88% 2.42M 12s
246050K .......... .......... .......... .......... .......... 88% 2.79M 12s
246100K .......... .......... .......... .......... .......... 88% 2.77M 12s
246150K .......... .......... .......... .......... .......... 88% 2.79M 12s
246200K .......... .......... .......... .......... .......... 88% 2.42M 12s
246250K .......... .......... .......... .......... .......... 88% 2.81M 12s
246300K .......... .......... .......... .......... .......... 88% 2.73M 12s
246350K .......... .......... .......... .......... .......... 88% 2.77M 12s
246400K .......... .......... .......... .......... .......... 88% 2.44M 12s
246450K .......... .......... .......... .......... .......... 88% 2.77M 12s
246500K .......... .......... .......... .......... .......... 88% 2.79M 12s
246550K .......... .......... .......... .......... .......... 88% 2.67M 12s
246600K .......... .......... .......... .......... .......... 88% 2.72M 12s
246650K .......... .......... .......... .......... .......... 88% 2.38M 11s
246700K .......... .......... .......... .......... .......... 88% 2.78M 11s
246750K .......... .......... .......... .......... .......... 88% 2.95M 11s
246800K .......... .......... .......... .......... .......... 88% 2.33M 11s
246850K .......... .......... .......... .......... .......... 88% 2.81M 11s
246900K .......... .......... .......... .......... .......... 88% 2.79M 11s
246950K .......... .......... .......... .......... .......... 88% 2.75M 11s
247000K .......... .......... .......... .......... .......... 89% 2.42M 11s
247050K .......... .......... .......... .......... .......... 89% 2.77M 11s
247100K .......... .......... .......... .......... .......... 89% 2.76M 11s
247150K .......... .......... .......... .......... .......... 89% 2.77M 11s
247200K .......... .......... .......... .......... .......... 89% 2.43M 11s
247250K .......... .......... .......... .......... .......... 89% 2.61M 11s
247300K .......... .......... .......... .......... .......... 89% 3.02M 11s
247350K .......... .......... .......... .......... .......... 89% 2.45M 11s
247400K .......... .......... .......... .......... .......... 89% 2.81M 11s
247450K .......... .......... .......... .......... .......... 89% 2.74M 11s
247500K .......... .......... .......... .......... .......... 89% 2.77M 11s
247550K .......... .......... .......... .......... .......... 89% 2.44M 11s
247600K .......... .......... .......... .......... .......... 89% 2.77M 11s
247650K .......... .......... .......... .......... .......... 89% 2.74M 11s
247700K .......... .......... .......... .......... .......... 89% 2.78M 11s
247750K .......... .......... .......... .......... .......... 89% 2.40M 11s
247800K .......... .......... .......... .......... .......... 89% 2.76M 11s
247850K .......... .......... .......... .......... .......... 89% 2.83M 11s
247900K .......... .......... .......... .......... .......... 89% 2.81M 11s
247950K .......... .......... .......... .......... .......... 89% 2.79M 11s
248000K .......... .......... .......... .......... .......... 89% 2.48M 11s
248050K .......... .......... .......... .......... .......... 89% 2.78M 11s
248100K .......... .......... .......... .......... .......... 89% 2.81M 11s
248150K .......... .......... .......... .......... .......... 89% 2.81M 11s
248200K .......... .......... .......... .......... .......... 89% 2.47M 11s
248250K .......... .......... .......... .......... .......... 89% 2.74M 11s
248300K .......... .......... .......... .......... .......... 89% 2.74M 11s
248350K .......... .......... .......... .......... .......... 89% 2.80M 11s
248400K .......... .......... .......... .......... .......... 89% 2.73M 11s
248450K .......... .......... .......... .......... .......... 89% 2.39M 11s
248500K .......... .......... .......... .......... .......... 89% 2.79M 11s
248550K .......... .......... .......... .......... .......... 89% 2.76M 11s
248600K .......... .......... .......... .......... .......... 89% 2.71M 11s
248650K .......... .......... .......... .......... .......... 89% 2.36M 11s
248700K .......... .......... .......... .......... .......... 89% 2.76M 11s
248750K .......... .......... .......... .......... .......... 89% 2.78M 11s
248800K .......... .......... .......... .......... .......... 89% 2.75M 11s
248850K .......... .......... .......... .......... .......... 89% 2.37M 11s
248900K .......... .......... .......... .......... .......... 89% 2.73M 11s
248950K .......... .......... .......... .......... .......... 89% 2.55M 11s
249000K .......... .......... .......... .......... .......... 89% 2.63M 11s
249050K .......... .......... .......... .......... .......... 89% 2.44M 11s
249100K .......... .......... .......... .......... .......... 89% 2.77M 11s
249150K .......... .......... .......... .......... .......... 89% 2.88M 11s
249200K .......... .......... .......... .......... .......... 89% 2.78M 11s
249250K .......... .......... .......... .......... .......... 89% 2.29M 11s
249300K .......... .......... .......... .......... .......... 89% 2.78M 11s
249350K .......... .......... .......... .......... .......... 89% 2.83M 10s
249400K .......... .......... .......... .......... .......... 89% 2.51M 10s
249450K .......... .......... .......... .......... .......... 89% 2.49M 10s
249500K .......... .......... .......... .......... .......... 89% 2.83M 10s
249550K .......... .......... .......... .......... .......... 89% 2.70M 10s
249600K .......... .......... .......... .......... .......... 89% 2.78M 10s
249650K .......... .......... .......... .......... .......... 89% 2.81M 10s
249700K .......... .......... .......... .......... .......... 89% 2.49M 10s
249750K .......... .......... .......... .......... .......... 90% 2.76M 10s
249800K .......... .......... .......... .......... .......... 90% 2.84M 10s
249850K .......... .......... .......... .......... .......... 90% 2.68M 10s
249900K .......... .......... .......... .......... .......... 90% 2.86M 10s
249950K .......... .......... .......... .......... .......... 90% 2.83M 10s
250000K .......... .......... .......... .......... .......... 90% 2.43M 10s
250050K .......... .......... .......... .......... .......... 90% 2.77M 10s
250100K .......... .......... .......... .......... .......... 90% 2.75M 10s
250150K .......... .......... .......... .......... .......... 90% 2.88M 10s
250200K .......... .......... .......... .......... .......... 90% 2.44M 10s
250250K .......... .......... .......... .......... .......... 90% 2.69M 10s
250300K .......... .......... .......... .......... .......... 90% 2.77M 10s
250350K .......... .......... .......... .......... .......... 90% 2.79M 10s
250400K .......... .......... .......... .......... .......... 90% 2.43M 10s
250450K .......... .......... .......... .......... .......... 90% 2.80M 10s
250500K .......... .......... .......... .......... .......... 90% 2.83M 10s
250550K .......... .......... .......... .......... .......... 90% 2.76M 10s
250600K .......... .......... .......... .......... .......... 90% 2.55M 10s
250650K .......... .......... .......... .......... .......... 90% 2.85M 10s
250700K .......... .......... .......... .......... .......... 90% 2.86M 10s
250750K .......... .......... .......... .......... .......... 90% 2.90M 10s
250800K .......... .......... .......... .......... .......... 90% 2.49M 10s
250850K .......... .......... .......... .......... .......... 90% 2.84M 10s
250900K .......... .......... .......... .......... .......... 90% 2.78M 10s
250950K .......... .......... .......... .......... .......... 90% 2.72M 10s
251000K .......... .......... .......... .......... .......... 90% 2.45M 10s
251050K .......... .......... .......... .......... .......... 90% 2.78M 10s
251100K .......... .......... .......... .......... .......... 90% 2.77M 10s
251150K .......... .......... .......... .......... .......... 90% 2.74M 10s
251200K .......... .......... .......... .......... .......... 90% 2.59M 10s
251250K .......... .......... .......... .......... .......... 90% 2.78M 10s
251300K .......... .......... .......... .......... .......... 90% 2.34M 10s
251350K .......... .......... .......... .......... .......... 90% 2.76M 10s
251400K .......... .......... .......... .......... .......... 90% 2.60M 10s
251450K .......... .......... .......... .......... .......... 90% 2.70M 10s
251500K .......... .......... .......... .......... .......... 90% 2.69M 10s
251550K .......... .......... .......... .......... .......... 90% 2.33M 10s
251600K .......... .......... .......... .......... .......... 90% 2.75M 10s
251650K .......... .......... .......... .......... .......... 90% 2.75M 10s
251700K .......... .......... .......... .......... .......... 90% 2.70M 10s
251750K .......... .......... .......... .......... .......... 90% 2.40M 10s
251800K .......... .......... .......... .......... .......... 90% 2.54M 10s
251850K .......... .......... .......... .......... .......... 90% 2.73M 10s
251900K .......... .......... .......... .......... .......... 90% 2.66M 10s
251950K .......... .......... .......... .......... .......... 90% 2.39M 10s
252000K .......... .......... .......... .......... .......... 90% 2.81M 9s
252050K .......... .......... .......... .......... .......... 90% 2.70M 9s
252100K .......... .......... .......... .......... .......... 90% 2.86M 9s
252150K .......... .......... .......... .......... .......... 90% 2.48M 9s
252200K .......... .......... .......... .......... .......... 90% 2.83M 9s
252250K .......... .......... .......... .......... .......... 90% 2.81M 9s
252300K .......... .......... .......... .......... .......... 90% 2.77M 9s
252350K .......... .......... .......... .......... .......... 90% 2.47M 9s
252400K .......... .......... .......... .......... .......... 90% 2.65M 9s
252450K .......... .......... .......... .......... .......... 90% 2.75M 9s
252500K .......... .......... .......... .......... .......... 90% 2.89M 9s
252550K .......... .......... .......... .......... .......... 91% 2.49M 9s
252600K .......... .......... .......... .......... .......... 91% 2.84M 9s
252650K .......... .......... .......... .......... .......... 91% 2.79M 9s
252700K .......... .......... .......... .......... .......... 91% 2.72M 9s
252750K .......... .......... .......... .......... .......... 91% 2.37M 9s
252800K .......... .......... .......... .......... .......... 91% 2.81M 9s
252850K .......... .......... .......... .......... .......... 91% 2.81M 9s
252900K .......... .......... .......... .......... .......... 91% 2.69M 9s
252950K .......... .......... .......... .......... .......... 91% 2.78M 9s
253000K .......... .......... .......... .......... .......... 91% 2.46M 9s
253050K .......... .......... .......... .......... .......... 91% 2.89M 9s
253100K .......... .......... .......... .......... .......... 91% 2.84M 9s
253150K .......... .......... .......... .......... .......... 91% 2.79M 9s
253200K .......... .......... .......... .......... .......... 91% 2.36M 9s
253250K .......... .......... .......... .......... .......... 91% 2.83M 9s
253300K .......... .......... .......... .......... .......... 91% 2.87M 9s
253350K .......... .......... .......... .......... .......... 91% 2.81M 9s
253400K .......... .......... .......... .......... .......... 91% 2.48M 9s
253450K .......... .......... .......... .......... .......... 91% 2.84M 9s
253500K .......... .......... .......... .......... .......... 91% 2.86M 9s
253550K .......... .......... .......... .......... .......... 91% 2.86M 9s
253600K .......... .......... .......... .......... .......... 91% 2.42M 9s
253650K .......... .......... .......... .......... .......... 91% 2.73M 9s
253700K .......... .......... .......... .......... .......... 91% 2.87M 9s
253750K .......... .......... .......... .......... .......... 91% 2.86M 9s
253800K .......... .......... .......... .......... .......... 91% 2.52M 9s
253850K .......... .......... .......... .......... .......... 91% 2.83M 9s
253900K .......... .......... .......... .......... .......... 91% 2.78M 9s
253950K .......... .......... .......... .......... .......... 91% 2.42M 9s
254000K .......... .......... .......... .......... .......... 91% 2.82M 9s
254050K .......... .......... .......... .......... .......... 91% 2.77M 9s
254100K .......... .......... .......... .......... .......... 91% 2.90M 9s
254150K .......... .......... .......... .......... .......... 91% 2.85M 9s
254200K .......... .......... .......... .......... .......... 91% 2.43M 9s
254250K .......... .......... .......... .......... .......... 91% 2.85M 9s
254300K .......... .......... .......... .......... .......... 91% 2.76M 9s
254350K .......... .......... .......... .......... .......... 91% 2.61M 9s
254400K .......... .......... .......... .......... .......... 91% 2.37M 9s
254450K .......... .......... .......... .......... .......... 91% 2.47M 9s
254500K .......... .......... .......... .......... .......... 91% 2.48M 9s
254550K .......... .......... .......... .......... .......... 91% 2.73M 9s
254600K .......... .......... .......... .......... .......... 91% 2.35M 9s
254650K .......... .......... .......... .......... .......... 91% 2.69M 9s
254700K .......... .......... .......... .......... .......... 91% 2.74M 8s
254750K .......... .......... .......... .......... .......... 91% 2.83M 8s
254800K .......... .......... .......... .......... .......... 91% 2.47M 8s
254850K .......... .......... .......... .......... .......... 91% 2.74M 8s
254900K .......... .......... .......... .......... .......... 91% 2.77M 8s
254950K .......... .......... .......... .......... .......... 91% 2.72M 8s
255000K .......... .......... .......... .......... .......... 91% 2.35M 8s
255050K .......... .......... .......... .......... .......... 91% 2.73M 8s
255100K .......... .......... .......... .......... .......... 91% 2.70M 8s
255150K .......... .......... .......... .......... .......... 91% 2.82M 8s
255200K .......... .......... .......... .......... .......... 91% 2.50M 8s
255250K .......... .......... .......... .......... .......... 91% 2.87M 8s
255300K .......... .......... .......... .......... .......... 92% 2.72M 8s
255350K .......... .......... .......... .......... .......... 92% 2.82M 8s
255400K .......... .......... .......... .......... .......... 92% 2.46M 8s
255450K .......... .......... .......... .......... .......... 92% 2.75M 8s
255500K .......... .......... .......... .......... .......... 92% 2.80M 8s
255550K .......... .......... .......... .......... .......... 92% 2.79M 8s
255600K .......... .......... .......... .......... .......... 92% 2.47M 8s
255650K .......... .......... .......... .......... .......... 92% 2.68M 8s
255700K .......... .......... .......... .......... .......... 92% 2.71M 8s
255750K .......... .......... .......... .......... .......... 92% 2.76M 8s
255800K .......... .......... .......... .......... .......... 92% 2.38M 8s
255850K .......... .......... .......... .......... .......... 92% 2.76M 8s
255900K .......... .......... .......... .......... .......... 92% 2.71M 8s
255950K .......... .......... .......... .......... .......... 92% 2.80M 8s
256000K .......... .......... .......... .......... .......... 92% 2.47M 8s
256050K .......... .......... .......... .......... .......... 92% 2.80M 8s
256100K .......... .......... .......... .......... .......... 92% 2.77M 8s
256150K .......... .......... .......... .......... .......... 92% 2.69M 8s
256200K .......... .......... .......... .......... .......... 92% 2.48M 8s
256250K .......... .......... .......... .......... .......... 92% 2.83M 8s
256300K .......... .......... .......... .......... .......... 92% 2.79M 8s
256350K .......... .......... .......... .......... .......... 92% 2.84M 8s
256400K .......... .......... .......... .......... .......... 92% 2.42M 8s
256450K .......... .......... .......... .......... .......... 92% 2.73M 8s
256500K .......... .......... .......... .......... .......... 92% 2.68M 8s
256550K .......... .......... .......... .......... .......... 92% 2.76M 8s
256600K .......... .......... .......... .......... .......... 92% 2.41M 8s
256650K .......... .......... .......... .......... .......... 92% 2.78M 8s
256700K .......... .......... .......... .......... .......... 92% 2.70M 8s
256750K .......... .......... .......... .......... .......... 92% 2.76M 8s
256800K .......... .......... .......... .......... .......... 92% 2.45M 8s
256850K .......... .......... .......... .......... .......... 92% 2.82M 8s
256900K .......... .......... .......... .......... .......... 92% 2.79M 8s
256950K .......... .......... .......... .......... .......... 92% 2.89M 8s
257000K .......... .......... .......... .......... .......... 92% 2.34M 8s
257050K .......... .......... .......... .......... .......... 92% 2.79M 8s
257100K .......... .......... .......... .......... .......... 92% 2.73M 8s
257150K .......... .......... .......... .......... .......... 92% 2.80M 8s
257200K .......... .......... .......... .......... .......... 92% 2.35M 8s
257250K .......... .......... .......... .......... .......... 92% 2.69M 8s
257300K .......... .......... .......... .......... .......... 92% 2.79M 8s
257350K .......... .......... .......... .......... .......... 92% 2.46M 7s
257400K .......... .......... .......... .......... .......... 92% 2.65M 7s
257450K .......... .......... .......... .......... .......... 92% 2.75M 7s
257500K .......... .......... .......... .......... .......... 92% 2.82M 7s
257550K .......... .......... .......... .......... .......... 92% 2.70M 7s
257600K .......... .......... .......... .......... .......... 92% 2.41M 7s
257650K .......... .......... .......... .......... .......... 92% 2.73M 7s
257700K .......... .......... .......... .......... .......... 92% 2.72M 7s
257750K .......... .......... .......... .......... .......... 92% 2.78M 7s
257800K .......... .......... .......... .......... .......... 92% 2.37M 7s
257850K .......... .......... .......... .......... .......... 92% 2.77M 7s
257900K .......... .......... .......... .......... .......... 92% 2.65M 7s
257950K .......... .......... .......... .......... .......... 92% 2.61M 7s
258000K .......... .......... .......... .......... .......... 92% 2.20M 7s
258050K .......... .......... .......... .......... .......... 92% 2.74M 7s
258100K .......... .......... .......... .......... .......... 93% 2.85M 7s
258150K .......... .......... .......... .......... .......... 93% 2.75M 7s
258200K .......... .......... .......... .......... .......... 93% 2.44M 7s
258250K .......... .......... .......... .......... .......... 93% 2.93M 7s
258300K .......... .......... .......... .......... .......... 93% 2.84M 7s
258350K .......... .......... .......... .......... .......... 93% 2.81M 7s
258400K .......... .......... .......... .......... .......... 93% 2.49M 7s
258450K .......... .......... .......... .......... .......... 93% 2.70M 7s
258500K .......... .......... .......... .......... .......... 93% 2.67M 7s
258550K .......... .......... .......... .......... .......... 93% 2.87M 7s
258600K .......... .......... .......... .......... .......... 93% 2.84M 7s
258650K .......... .......... .......... .......... .......... 93% 2.46M 7s
258700K .......... .......... .......... .......... .......... 93% 2.85M 7s
258750K .......... .......... .......... .......... .......... 93% 2.86M 7s
258800K .......... .......... .......... .......... .......... 93% 2.76M 7s
258850K .......... .......... .......... .......... .......... 93% 2.50M 7s
258900K .......... .......... .......... .......... .......... 93% 2.92M 7s
258950K .......... .......... .......... .......... .......... 93% 2.74M 7s
259000K .......... .......... .......... .......... .......... 93% 2.79M 7s
259050K .......... .......... .......... .......... .......... 93% 2.47M 7s
259100K .......... .......... .......... .......... .......... 93% 2.86M 7s
259150K .......... .......... .......... .......... .......... 93% 2.81M 7s
259200K .......... .......... .......... .......... .......... 93% 2.75M 7s
259250K .......... .......... .......... .......... .......... 93% 2.44M 7s
259300K .......... .......... .......... .......... .......... 93% 2.89M 7s
259350K .......... .......... .......... .......... .......... 93% 2.82M 7s
259400K .......... .......... .......... .......... .......... 93% 2.76M 7s
259450K .......... .......... .......... .......... .......... 93% 2.51M 7s
259500K .......... .......... .......... .......... .......... 93% 2.79M 7s
259550K .......... .......... .......... .......... .......... 93% 2.83M 7s
259600K .......... .......... .......... .......... .......... 93% 2.81M 7s
259650K .......... .......... .......... .......... .......... 93% 2.45M 7s
259700K .......... .......... .......... .......... .......... 93% 2.79M 7s
259750K .......... .......... .......... .......... .......... 93% 2.97M 7s
259800K .......... .......... .......... .......... .......... 93% 2.47M 7s
259850K .......... .......... .......... .......... .......... 93% 2.74M 7s
259900K .......... .......... .......... .......... .......... 93% 2.84M 7s
259950K .......... .......... .......... .......... .......... 93% 2.79M 7s
260000K .......... .......... .......... .......... .......... 93% 2.47M 7s
260050K .......... .......... .......... .......... .......... 93% 2.84M 6s
260100K .......... .......... .......... .......... .......... 93% 2.80M 6s
260150K .......... .......... .......... .......... .......... 93% 2.86M 6s
260200K .......... .......... .......... .......... .......... 93% 2.51M 6s
260250K .......... .......... .......... .......... .......... 93% 2.73M 6s
260300K .......... .......... .......... .......... .......... 93% 2.83M 6s
260350K .......... .......... .......... .......... .......... 93% 2.73M 6s
260400K .......... .......... .......... .......... .......... 93% 2.40M 6s
260450K .......... .......... .......... .......... .......... 93% 2.82M 6s
260500K .......... .......... .......... .......... .......... 93% 2.78M 6s
260550K .......... .......... .......... .......... .......... 93% 2.81M 6s
260600K .......... .......... .......... .......... .......... 93% 2.52M 6s
260650K .......... .......... .......... .......... .......... 93% 2.85M 6s
260700K .......... .......... .......... .......... .......... 93% 2.88M 6s
260750K .......... .......... .......... .......... .......... 93% 2.83M 6s
260800K .......... .......... .......... .......... .......... 93% 2.48M 6s
260850K .......... .......... .......... .......... .......... 94% 2.86M 6s
260900K .......... .......... .......... .......... .......... 94% 2.86M 6s
260950K .......... .......... .......... .......... .......... 94% 2.71M 6s
261000K .......... .......... .......... .......... .......... 94% 2.44M 6s
261050K .......... .......... .......... .......... .......... 94% 2.56M 6s
261100K .......... .......... .......... .......... .......... 94% 2.67M 6s
261150K .......... .......... .......... .......... .......... 94% 2.71M 6s
261200K .......... .......... .......... .......... .......... 94% 2.43M 6s
261250K .......... .......... .......... .......... .......... 94% 2.75M 6s
261300K .......... .......... .......... .......... .......... 94% 2.73M 6s
261350K .......... .......... .......... .......... .......... 94% 2.71M 6s
261400K .......... .......... .......... .......... .......... 94% 2.43M 6s
261450K .......... .......... .......... .......... .......... 94% 2.68M 6s
261500K .......... .......... .......... .......... .......... 94% 2.78M 6s
261550K .......... .......... .......... .......... .......... 94% 2.69M 6s
261600K .......... .......... .......... .......... .......... 94% 2.41M 6s
261650K .......... .......... .......... .......... .......... 94% 2.75M 6s
261700K .......... .......... .......... .......... .......... 94% 2.70M 6s
261750K .......... .......... .......... .......... .......... 94% 2.38M 6s
261800K .......... .......... .......... .......... .......... 94% 2.77M 6s
261850K .......... .......... .......... .......... .......... 94% 2.79M 6s
261900K .......... .......... .......... .......... .......... 94% 2.79M 6s
261950K .......... .......... .......... .......... .......... 94% 2.47M 6s
262000K .......... .......... .......... .......... .......... 94% 2.79M 6s
262050K .......... .......... .......... .......... .......... 94% 2.69M 6s
262100K .......... .......... .......... .......... .......... 94% 2.87M 6s
262150K .......... .......... .......... .......... .......... 94% 2.58M 6s
262200K .......... .......... .......... .......... .......... 94% 2.84M 6s
262250K .......... .......... .......... .......... .......... 94% 2.77M 6s
262300K .......... .......... .......... .......... .......... 94% 2.65M 6s
262350K .......... .......... .......... .......... .......... 94% 2.37M 6s
262400K .......... .......... .......... .......... .......... 94% 2.71M 6s
262450K .......... .......... .......... .......... .......... 94% 2.72M 6s
262500K .......... .......... .......... .......... .......... 94% 2.79M 6s
262550K .......... .......... .......... .......... .......... 94% 2.39M 6s
262600K .......... .......... .......... .......... .......... 94% 2.64M 6s
262650K .......... .......... .......... .......... .......... 94% 2.65M 6s
262700K .......... .......... .......... .......... .......... 94% 2.78M 6s
262750K .......... .......... .......... .......... .......... 94% 2.45M 5s
262800K .......... .......... .......... .......... .......... 94% 2.65M 5s
262850K .......... .......... .......... .......... .......... 94% 2.59M 5s
262900K .......... .......... .......... .......... .......... 94% 2.82M 5s
262950K .......... .......... .......... .......... .......... 94% 2.45M 5s
263000K .......... .......... .......... .......... .......... 94% 2.77M 5s
263050K .......... .......... .......... .......... .......... 94% 2.75M 5s
263100K .......... .......... .......... .......... .......... 94% 2.53M 5s
263150K .......... .......... .......... .......... .......... 94% 2.82M 5s
263200K .......... .......... .......... .......... .......... 94% 2.41M 5s
263250K .......... .......... .......... .......... .......... 94% 2.78M 5s
263300K .......... .......... .......... .......... .......... 94% 2.85M 5s
263350K .......... .......... .......... .......... .......... 94% 2.63M 5s
263400K .......... .......... .......... .......... .......... 94% 2.30M 5s
263450K .......... .......... .......... .......... .......... 94% 2.50M 5s
263500K .......... .......... .......... .......... .......... 94% 2.51M 5s
263550K .......... .......... .......... .......... .......... 94% 2.74M 5s
263600K .......... .......... .......... .......... .......... 94% 2.71M 5s
263650K .......... .......... .......... .......... .......... 95% 2.83M 5s
263700K .......... .......... .......... .......... .......... 95% 2.46M 5s
263750K .......... .......... .......... .......... .......... 95% 2.72M 5s
263800K .......... .......... .......... .......... .......... 95% 2.73M 5s
263850K .......... .......... .......... .......... .......... 95% 2.72M 5s
263900K .......... .......... .......... .......... .......... 95% 2.45M 5s
263950K .......... .......... .......... .......... .......... 95% 2.70M 5s
264000K .......... .......... .......... .......... .......... 95% 2.72M 5s
264050K .......... .......... .......... .......... .......... 95% 2.62M 5s
264100K .......... .......... .......... .......... .......... 95% 2.28M 5s
264150K .......... .......... .......... .......... .......... 95% 2.51M 5s
264200K .......... .......... .......... .......... .......... 95% 2.59M 5s
264250K .......... .......... .......... .......... .......... 95% 2.50M 5s
264300K .......... .......... .......... .......... .......... 95% 2.23M 5s
264350K .......... .......... .......... .......... .......... 95% 2.62M 5s
264400K .......... .......... .......... .......... .......... 95% 2.83M 5s
264450K .......... .......... .......... .......... .......... 95% 2.73M 5s
264500K .......... .......... .......... .......... .......... 95% 2.43M 5s
264550K .......... .......... .......... .......... .......... 95% 2.70M 5s
264600K .......... .......... .......... .......... .......... 95% 2.71M 5s
264650K .......... .......... .......... .......... .......... 95% 2.69M 5s
264700K .......... .......... .......... .......... .......... 95% 2.35M 5s
264750K .......... .......... .......... .......... .......... 95% 2.64M 5s
264800K .......... .......... .......... .......... .......... 95% 2.77M 5s
264850K .......... .......... .......... .......... .......... 95% 2.59M 5s
264900K .......... .......... .......... .......... .......... 95% 2.78M 5s
264950K .......... .......... .......... .......... .......... 95% 2.37M 5s
265000K .......... .......... .......... .......... .......... 95% 2.61M 5s
265050K .......... .......... .......... .......... .......... 95% 2.64M 5s
265100K .......... .......... .......... .......... .......... 95% 2.71M 5s
265150K .......... .......... .......... .......... .......... 95% 2.44M 5s
265200K .......... .......... .......... .......... .......... 95% 2.77M 5s
265250K .......... .......... .......... .......... .......... 95% 2.67M 5s
265300K .......... .......... .......... .......... .......... 95% 2.64M 5s
265350K .......... .......... .......... .......... .......... 95% 2.80M 5s
265400K .......... .......... .......... .......... .......... 95% 2.46M 4s
265450K .......... .......... .......... .......... .......... 95% 2.80M 4s
265500K .......... .......... .......... .......... .......... 95% 2.87M 4s
265550K .......... .......... .......... .......... .......... 95% 2.77M 4s
265600K .......... .......... .......... .......... .......... 95% 2.23M 4s
265650K .......... .......... .......... .......... .......... 95% 2.66M 4s
265700K .......... .......... .......... .......... .......... 95% 2.77M 4s
265750K .......... .......... .......... .......... .......... 95% 2.83M 4s
265800K .......... .......... .......... .......... .......... 95% 2.40M 4s
265850K .......... .......... .......... .......... .......... 95% 2.75M 4s
265900K .......... .......... .......... .......... .......... 95% 2.86M 4s
265950K .......... .......... .......... .......... .......... 95% 2.85M 4s
266000K .......... .......... .......... .......... .......... 95% 2.42M 4s
266050K .......... .......... .......... .......... .......... 95% 2.76M 4s
266100K .......... .......... .......... .......... .......... 95% 2.52M 4s
266150K .......... .......... .......... .......... .......... 95% 2.77M 4s
266200K .......... .......... .......... .......... .......... 95% 2.56M 4s
266250K .......... .......... .......... .......... .......... 95% 2.73M 4s
266300K .......... .......... .......... .......... .......... 95% 2.73M 4s
266350K .......... .......... .......... .......... .......... 95% 2.40M 4s
266400K .......... .......... .......... .......... .......... 96% 2.70M 4s
266450K .......... .......... .......... .......... .......... 96% 2.76M 4s
266500K .......... .......... .......... .......... .......... 96% 2.73M 4s
266550K .......... .......... .......... .......... .......... 96% 2.46M 4s
266600K .......... .......... .......... .......... .......... 96% 2.60M 4s
266650K .......... .......... .......... .......... .......... 96% 2.82M 4s
266700K .......... .......... .......... .......... .......... 96% 2.78M 4s
266750K .......... .......... .......... .......... .......... 96% 2.72M 4s
266800K .......... .......... .......... .......... .......... 96% 2.38M 4s
266850K .......... .......... .......... .......... .......... 96% 2.75M 4s
266900K .......... .......... .......... .......... .......... 96% 2.56M 4s
266950K .......... .......... .......... .......... .......... 96% 2.69M 4s
267000K .......... .......... .......... .......... .......... 96% 2.29M 4s
267050K .......... .......... .......... .......... .......... 96% 2.82M 4s
267100K .......... .......... .......... .......... .......... 96% 2.82M 4s
267150K .......... .......... .......... .......... .......... 96% 2.81M 4s
267200K .......... .......... .......... .......... .......... 96% 2.34M 4s
267250K .......... .......... .......... .......... .......... 96% 2.82M 4s
267300K .......... .......... .......... .......... .......... 96% 2.54M 4s
267350K .......... .......... .......... .......... .......... 96% 2.38M 4s
267400K .......... .......... .......... .......... .......... 96% 2.73M 4s
267450K .......... .......... .......... .......... .......... 96% 2.82M 4s
267500K .......... .......... .......... .......... .......... 96% 2.77M 4s
267550K .......... .......... .......... .......... .......... 96% 2.36M 4s
267600K .......... .......... .......... .......... .......... 96% 2.79M 4s
267650K .......... .......... .......... .......... .......... 96% 2.54M 4s
267700K .......... .......... .......... .......... .......... 96% 2.75M 4s
267750K .......... .......... .......... .......... .......... 96% 2.36M 4s
267800K .......... .......... .......... .......... .......... 96% 2.79M 4s
267850K .......... .......... .......... .......... .......... 96% 2.80M 4s
267900K .......... .......... .......... .......... .......... 96% 2.71M 4s
267950K .......... .......... .......... .......... .......... 96% 2.42M 4s
268000K .......... .......... .......... .......... .......... 96% 2.77M 4s
268050K .......... .......... .......... .......... .......... 96% 2.60M 4s
268100K .......... .......... .......... .......... .......... 96% 2.74M 3s
268150K .......... .......... .......... .......... .......... 96% 2.72M 3s
268200K .......... .......... .......... .......... .......... 96% 2.44M 3s
268250K .......... .......... .......... .......... .......... 96% 2.79M 3s
268300K .......... .......... .......... .......... .......... 96% 2.66M 3s
268350K .......... .......... .......... .......... .......... 96% 2.50M 3s
268400K .......... .......... .......... .......... .......... 96% 2.32M 3s
268450K .......... .......... .......... .......... .......... 96% 2.63M 3s
268500K .......... .......... .......... .......... .......... 96% 2.70M 3s
268550K .......... .......... .......... .......... .......... 96% 2.72M 3s
268600K .......... .......... .......... .......... .......... 96% 2.36M 3s
268650K .......... .......... .......... .......... .......... 96% 2.76M 3s
268700K .......... .......... .......... .......... .......... 96% 2.65M 3s
268750K .......... .......... .......... .......... .......... 96% 2.69M 3s
268800K .......... .......... .......... .......... .......... 96% 2.32M 3s
268850K .......... .......... .......... .......... .......... 96% 2.70M 3s
268900K .......... .......... .......... .......... .......... 96% 2.73M 3s
268950K .......... .......... .......... .......... .......... 96% 2.47M 3s
269000K .......... .......... .......... .......... .......... 96% 2.67M 3s
269050K .......... .......... .......... .......... .......... 96% 2.40M 3s
269100K .......... .......... .......... .......... .......... 96% 2.67M 3s
269150K .......... .......... .......... .......... .......... 96% 2.57M 3s
269200K .......... .......... .......... .......... .......... 97% 2.29M 3s
269250K .......... .......... .......... .......... .......... 97% 2.68M 3s
269300K .......... .......... .......... .......... .......... 97% 2.73M 3s
269350K .......... .......... .......... .......... .......... 97% 2.71M 3s
269400K .......... .......... .......... .......... .......... 97% 2.33M 3s
269450K .......... .......... .......... .......... .......... 97% 2.69M 3s
269500K .......... .......... .......... .......... .......... 97% 2.65M 3s
269550K .......... .......... .......... .......... .......... 97% 2.52M 3s
269600K .......... .......... .......... .......... .......... 97% 2.42M 3s
269650K .......... .......... .......... .......... .......... 97% 2.61M 3s
269700K .......... .......... .......... .......... .......... 97% 2.72M 3s
269750K .......... .......... .......... .......... .......... 97% 2.72M 3s
269800K .......... .......... .......... .......... .......... 97% 2.40M 3s
269850K .......... .......... .......... .......... .......... 97% 2.65M 3s
269900K .......... .......... .......... .......... .......... 97% 2.60M 3s
269950K .......... .......... .......... .......... .......... 97% 2.55M 3s
270000K .......... .......... .......... .......... .......... 97% 2.33M 3s
270050K .......... .......... .......... .......... .......... 97% 2.75M 3s
270100K .......... .......... .......... .......... .......... 97% 2.65M 3s
270150K .......... .......... .......... .......... .......... 97% 2.75M 3s
270200K .......... .......... .......... .......... .......... 97% 2.36M 3s
270250K .......... .......... .......... .......... .......... 97% 2.69M 3s
270300K .......... .......... .......... .......... .......... 97% 2.75M 3s
270350K .......... .......... .......... .......... .......... 97% 2.30M 3s
270400K .......... .......... .......... .......... .......... 97% 2.69M 3s
270450K .......... .......... .......... .......... .......... 97% 2.71M 3s
270500K .......... .......... .......... .......... .......... 97% 2.68M 3s
270550K .......... .......... .......... .......... .......... 97% 2.35M 3s
270600K .......... .......... .......... .......... .......... 97% 2.52M 3s
270650K .......... .......... .......... .......... .......... 97% 2.68M 3s
270700K .......... .......... .......... .......... .......... 97% 2.44M 3s
270750K .......... .......... .......... .......... .......... 97% 2.35M 3s
270800K .......... .......... .......... .......... .......... 97% 2.74M 2s
270850K .......... .......... .......... .......... .......... 97% 2.64M 2s
270900K .......... .......... .......... .......... .......... 97% 2.70M 2s
270950K .......... .......... .......... .......... .......... 97% 2.16M 2s
271000K .......... .......... .......... .......... .......... 97% 2.59M 2s
271050K .......... .......... .......... .......... .......... 97% 2.72M 2s
271100K .......... .......... .......... .......... .......... 97% 2.66M 2s
271150K .......... .......... .......... .......... .......... 97% 2.36M 2s
271200K .......... .......... .......... .......... .......... 97% 2.68M 2s
271250K .......... .......... .......... .......... .......... 97% 2.71M 2s
271300K .......... .......... .......... .......... .......... 97% 2.74M 2s
271350K .......... .......... .......... .......... .......... 97% 2.36M 2s
271400K .......... .......... .......... .......... .......... 97% 2.72M 2s
271450K .......... .......... .......... .......... .......... 97% 2.60M 2s
271500K .......... .......... .......... .......... .......... 97% 2.70M 2s
271550K .......... .......... .......... .......... .......... 97% 2.47M 2s
271600K .......... .......... .......... .......... .......... 97% 2.70M 2s
271650K .......... .......... .......... .......... .......... 97% 2.68M 2s
271700K .......... .......... .......... .......... .......... 97% 2.69M 2s
271750K .......... .......... .......... .......... .......... 97% 2.30M 2s
271800K .......... .......... .......... .......... .......... 97% 2.73M 2s
271850K .......... .......... .......... .......... .......... 97% 2.72M 2s
271900K .......... .......... .......... .......... .......... 97% 2.83M 2s
271950K .......... .......... .......... .......... .......... 98% 2.44M 2s
272000K .......... .......... .......... .......... .......... 98% 2.69M 2s
272050K .......... .......... .......... .......... .......... 98% 2.73M 2s
272100K .......... .......... .......... .......... .......... 98% 2.76M 2s
272150K .......... .......... .......... .......... .......... 98% 2.40M 2s
272200K .......... .......... .......... .......... .......... 98% 2.74M 2s
272250K .......... .......... .......... .......... .......... 98% 2.73M 2s
272300K .......... .......... .......... .......... .......... 98% 2.64M 2s
272350K .......... .......... .......... .......... .......... 98% 2.67M 2s
272400K .......... .......... .......... .......... .......... 98% 2.35M 2s
272450K .......... .......... .......... .......... .......... 98% 2.60M 2s
272500K .......... .......... .......... .......... .......... 98% 2.64M 2s
272550K .......... .......... .......... .......... .......... 98% 2.57M 2s
272600K .......... .......... .......... .......... .......... 98% 2.28M 2s
272650K .......... .......... .......... .......... .......... 98% 2.74M 2s
272700K .......... .......... .......... .......... .......... 98% 2.66M 2s
272750K .......... .......... .......... .......... .......... 98% 2.80M 2s
272800K .......... .......... .......... .......... .......... 98% 2.41M 2s
272850K .......... .......... .......... .......... .......... 98% 2.67M 2s
272900K .......... .......... .......... .......... .......... 98% 2.71M 2s
272950K .......... .......... .......... .......... .......... 98% 2.65M 2s
273000K .......... .......... .......... .......... .......... 98% 2.69M 2s
273050K .......... .......... .......... .......... .......... 98% 2.39M 2s
273100K .......... .......... .......... .......... .......... 98% 2.54M 2s
273150K .......... .......... .......... .......... .......... 98% 2.62M 2s
273200K .......... .......... .......... .......... .......... 98% 2.56M 2s
273250K .......... .......... .......... .......... .......... 98% 2.56M 2s
273300K .......... .......... .......... .......... .......... 98% 2.33M 2s
273350K .......... .......... .......... .......... .......... 98% 2.62M 2s
273400K .......... .......... .......... .......... .......... 98% 2.76M 2s
273450K .......... .......... .......... .......... .......... 98% 2.81M 2s
273500K .......... .......... .......... .......... .......... 98% 2.69M 1s
273550K .......... .......... .......... .......... .......... 98% 2.73M 1s
273600K .......... .......... .......... .......... .......... 98% 2.39M 1s
273650K .......... .......... .......... .......... .......... 98% 2.65M 1s
273700K .......... .......... .......... .......... .......... 98% 2.69M 1s
273750K .......... .......... .......... .......... .......... 98% 2.74M 1s
273800K .......... .......... .......... .......... .......... 98% 2.33M 1s
273850K .......... .......... .......... .......... .......... 98% 2.70M 1s
273900K .......... .......... .......... .......... .......... 98% 2.73M 1s
273950K .......... .......... .......... .......... .......... 98% 2.53M 1s
274000K .......... .......... .......... .......... .......... 98% 2.60M 1s
274050K .......... .......... .......... .......... .......... 98% 2.26M 1s
274100K .......... .......... .......... .......... .......... 98% 2.67M 1s
274150K .......... .......... .......... .......... .......... 98% 2.57M 1s
274200K .......... .......... .......... .......... .......... 98% 2.73M 1s
274250K .......... .......... .......... .......... .......... 98% 2.68M 1s
274300K .......... .......... .......... .......... .......... 98% 2.58M 1s
274350K .......... .......... .......... .......... .......... 98% 2.58M 1s
274400K .......... .......... .......... .......... .......... 98% 2.38M 1s
274450K .......... .......... .......... .......... .......... 98% 2.69M 1s
274500K .......... .......... .......... .......... .......... 98% 2.62M 1s
274550K .......... .......... .......... .......... .......... 98% 2.71M 1s
274600K .......... .......... .......... .......... .......... 98% 2.23M 1s
274650K .......... .......... .......... .......... .......... 98% 2.69M 1s
274700K .......... .......... .......... .......... .......... 98% 2.78M 1s
274750K .......... .......... .......... .......... .......... 99% 2.69M 1s
274800K .......... .......... .......... .......... .......... 99% 2.35M 1s
274850K .......... .......... .......... .......... .......... 99% 2.72M 1s
274900K .......... .......... .......... .......... .......... 99% 2.77M 1s
274950K .......... .......... .......... .......... .......... 99% 2.60M 1s
275000K .......... .......... .......... .......... .......... 99% 2.64M 1s
275050K .......... .......... .......... .......... .......... 99% 2.33M 1s
275100K .......... .......... .......... .......... .......... 99% 2.80M 1s
275150K .......... .......... .......... .......... .......... 99% 2.70M 1s
275200K .......... .......... .......... .......... .......... 99% 2.71M 1s
275250K .......... .......... .......... .......... .......... 99% 2.46M 1s
275300K .......... .......... .......... .......... .......... 99% 2.81M 1s
275350K .......... .......... .......... .......... .......... 99% 2.77M 1s
275400K .......... .......... .......... .......... .......... 99% 2.69M 1s
275450K .......... .......... .......... .......... .......... 99% 2.31M 1s
275500K .......... .......... .......... .......... .......... 99% 2.66M 1s
275550K .......... .......... .......... .......... .......... 99% 2.73M 1s
275600K .......... .......... .......... .......... .......... 99% 2.66M 1s
275650K .......... .......... .......... .......... .......... 99% 2.40M 1s
275700K .......... .......... .......... .......... .......... 99% 2.66M 1s
275750K .......... .......... .......... .......... .......... 99% 2.65M 1s
275800K .......... .......... .......... .......... .......... 99% 2.44M 1s
275850K .......... .......... .......... .......... .......... 99% 2.39M 1s
275900K .......... .......... .......... .......... .......... 99% 2.71M 1s
275950K .......... .......... .......... .......... .......... 99% 2.70M 1s
276000K .......... .......... .......... .......... .......... 99% 2.77M 1s
276050K .......... .......... .......... .......... .......... 99% 2.43M 1s
276100K .......... .......... .......... .......... .......... 99% 2.70M 1s
276150K .......... .......... .......... .......... .......... 99% 2.61M 0s
276200K .......... .......... .......... .......... .......... 99% 2.75M 0s
276250K .......... .......... .......... .......... .......... 99% 2.38M 0s
276300K .......... .......... .......... .......... .......... 99% 2.69M 0s
276350K .......... .......... .......... .......... .......... 99% 2.68M 0s
276400K .......... .......... .......... .......... .......... 99% 2.80M 0s
276450K .......... .......... .......... .......... .......... 99% 2.47M 0s
276500K .......... .......... .......... .......... .......... 99% 2.59M 0s
276550K .......... .......... .......... .......... .......... 99% 2.66M 0s
276600K .......... .......... .......... .......... .......... 99% 2.38M 0s
276650K .......... .......... .......... .......... .......... 99% 2.76M 0s
276700K .......... .......... .......... .......... .......... 99% 2.69M 0s
276750K .......... .......... .......... .......... .......... 99% 2.76M 0s
276800K .......... .......... .......... .......... .......... 99% 2.35M 0s
276850K .......... .......... .......... .......... .......... 99% 2.75M 0s
276900K .......... .......... .......... .......... .......... 99% 2.78M 0s
276950K .......... .......... .......... .......... .......... 99% 2.40M 0s
277000K .......... .......... .......... .......... .......... 99% 2.72M 0s
277050K .......... .......... .......... .......... .......... 99% 2.67M 0s
277100K .......... .......... .......... .......... .......... 99% 2.68M 0s
277150K .......... .......... .......... .......... .......... 99% 2.43M 0s
277200K .......... .......... .......... .......... .......... 99% 2.71M 0s
277250K .......... .......... .......... .......... .......... 99% 2.71M 0s
277300K .......... .......... .......... .......... .......... 99% 2.74M 0s
277350K .......... .......... .......... .......... .......... 99% 2.32M 0s
277400K .......... .......... .......... .......... .......... 99% 2.73M 0s
277450K .......... .......... .......... .......... .......... 99% 2.71M 0s
277500K .......... .......... .......... ........             100% 2.57M=1m43s

2026-09-21 14:33:08 (2.62 MB/s) - '/root/.cache/tachyon/openwrt-sdk/openwrt-sdk-25.12.3-x86-64_gcc-14.3.0_musl.Linux-x86_64.tar.zst.part' saved [284199892/284199892]

Building RAG index...
  01_SYSTEM_ARCHITECTURE.md: 3 chunks
  02_UCODE_MODULE_REFERENCE.md: 5 chunks
  03_NETWORKING_NFTABLES_AND_ROUTING.md: 3 chunks
  04_DPI_BYPASS_ENGINES.md: 4 chunks
  05_AI_STACK_AND_AUTONOMOUS_DOCTOR.md: 4 chunks
  06_FRONTEND_LUCI_TYPESCRIPT.md: 2 chunks
  07_BUILD_TESTS_AND_DEPLOYMENT.md: 2 chunks
  08_UCI_CONFIGURATION_SCHEMA.md: 5 chunks
  09_TELEGRAM_BOT_ARCHITECTURE.md: 2 chunks
  10_HOSTS_ENGINE_AND_BLOCKLISTS.md: 2 chunks
  11_TROUBLESHOOTING_AND_FIELD_MANUAL.md: 2 chunks
  12_UCODE_PROGRAMMING_PATTERNS.md: 2 chunks
  13_REST_API_AND_MCP_SPECIFICATION.md: 2 chunks
  14_ZAPRET2_DEEP_DIVE_MANUAL.md: 3 chunks
  15_ZAPRET1_NFQWS_FIELD_GUIDE.md: 2 chunks
  16_BYEDPI_CIADPI_REFERENCE.md: 2 chunks
  17_TSPU_DPI_SIGNATURES_AND_COUNTERS.md: 2 chunks
  INDEX.md: 3 chunks

RAG index: 50 chunks, 86573 chars -> /src/tachyon/files/usr/lib/rag_index.json
RAG index built: /src/tachyon/files/usr/lib/rag_index.json
Build root: /src
Output dir: /src/dist/release-1.4.0
Artifacts:
/src/dist/release-1.4.0/luci-app-tachyon_1.4.0.apk
/src/dist/release-1.4.0/luci-app-tachyon_1.4.0.ipk
/src/dist/release-1.4.0/luci-i18n-tachyon-ru_1.4.0.apk
/src/dist/release-1.4.0/luci-i18n-tachyon-ru_1.4.0.ipk
/src/dist/release-1.4.0/tachyon_1.4.0.apk
/src/dist/release-1.4.0/tachyon_1.4.0.ipk
EXIT=0
